2026-02-14 11:29:37,884 | INFO | Run root: outputs_refactor\full_matrix_rerun_20260214_112937
2026-02-14 11:29:37,884 | INFO | Seed=42 Device=cuda
2026-02-14 11:29:37,884 | INFO | Mode=matrix Charges=['gaussian', 'square'] Points=[200, 400, 800, 1500] Noise(%)=[0, 1, 2, 5] Iter=12000
2026-02-14 11:29:37,884 | INFO | Start charge pipeline: gaussian
2026-02-14 11:29:37,986 | INFO | [Forward][gaussian] start training
2026-02-14 11:29:39,427 | INFO | [Forward][gaussian] epoch=0/11999 total=3.675e+00 pde=3.276e+00 bc=3.995e-02 best=3.675e+00 lr=1.00e-03
2026-02-14 11:29:41,224 | INFO | [Forward][gaussian] epoch=99/11999 total=6.924e-02 pde=5.833e-02 bc=1.091e-03 best=6.924e-02 lr=1.00e-03
2026-02-14 11:29:42,976 | INFO | [Forward][gaussian] epoch=199/11999 total=1.714e-02 pde=7.156e-03 bc=9.985e-04 best=1.627e-02 lr=1.00e-03
2026-02-14 11:29:44,659 | INFO | [Forward][gaussian] epoch=299/11999 total=1.270e-02 pde=4.729e-03 bc=7.975e-04 best=1.244e-02 lr=1.00e-03
2026-02-14 11:29:46,266 | INFO | [Forward][gaussian] epoch=399/11999 total=1.074e-02 pde=4.079e-03 bc=6.665e-04 best=1.051e-02 lr=1.00e-03
2026-02-14 11:29:47,755 | INFO | [Forward][gaussian] checkpoint saved at epoch=499 -> outputs_refactor\full_matrix_rerun_20260214_112937\checkpoints\gaussian\forward_last.pth
2026-02-14 11:29:47,756 | INFO | [Forward][gaussian] epoch=499/11999 total=1.160e-02 pde=4.201e-03 bc=7.403e-04 best=1.039e-02 lr=1.00e-03
2026-02-14 11:29:49,367 | INFO | [Forward][gaussian] epoch=599/11999 total=1.067e-02 pde=4.111e-03 bc=6.561e-04 best=1.039e-02 lr=1.00e-03
2026-02-14 11:29:51,050 | INFO | [Forward][gaussian] epoch=699/11999 total=1.029e-02 pde=4.122e-03 bc=6.169e-04 best=9.545e-03 lr=1.00e-03
2026-02-14 11:29:52,634 | INFO | [Forward][gaussian] epoch=799/11999 total=9.252e-03 pde=4.016e-03 bc=5.235e-04 best=9.017e-03 lr=1.00e-03
2026-02-14 11:29:54,359 | INFO | [Forward][gaussian] epoch=899/11999 total=8.732e-03 pde=3.942e-03 bc=4.789e-04 best=8.480e-03 lr=1.00e-03
2026-02-14 11:29:56,003 | INFO | [Forward][gaussian] checkpoint saved at epoch=999 -> outputs_refactor\full_matrix_rerun_20260214_112937\checkpoints\gaussian\forward_last.pth
2026-02-14 11:29:56,003 | INFO | [Forward][gaussian] epoch=999/11999 total=8.491e-03 pde=3.837e-03 bc=4.654e-04 best=7.320e-03 lr=1.00e-03
2026-02-14 11:29:57,630 | INFO | [Forward][gaussian] epoch=1099/11999 total=7.551e-03 pde=3.656e-03 bc=3.895e-04 best=7.320e-03 lr=1.00e-03
2026-02-14 11:29:59,151 | INFO | [Forward][gaussian] epoch=1199/11999 total=9.094e-03 pde=3.848e-03 bc=5.246e-04 best=7.320e-03 lr=1.00e-03
2026-02-14 11:30:00,814 | INFO | [Forward][gaussian] epoch=1299/11999 total=7.460e-03 pde=3.506e-03 bc=3.954e-04 best=7.001e-03 lr=1.00e-03
2026-02-14 11:30:02,420 | INFO | [Forward][gaussian] epoch=1399/11999 total=6.224e-03 pde=3.189e-03 bc=3.035e-04 best=6.224e-03 lr=1.00e-03
2026-02-14 11:30:04,145 | INFO | [Forward][gaussian] checkpoint saved at epoch=1499 -> outputs_refactor\full_matrix_rerun_20260214_112937\checkpoints\gaussian\forward_last.pth
2026-02-14 11:30:04,146 | INFO | [Forward][gaussian] epoch=1499/11999 total=4.855e-03 pde=2.789e-03 bc=2.066e-04 best=4.855e-03 lr=1.00e-03
2026-02-14 11:30:06,121 | INFO | [Forward][gaussian] epoch=1599/11999 total=4.135e-03 pde=2.428e-03 bc=1.707e-04 best=4.135e-03 lr=1.00e-03
2026-02-14 11:30:07,703 | INFO | [Forward][gaussian] epoch=1699/11999 total=3.386e-03 pde=2.051e-03 bc=1.335e-04 best=3.386e-03 lr=1.00e-03
2026-02-14 11:30:09,292 | INFO | [Forward][gaussian] epoch=1799/11999 total=2.688e-03 pde=1.710e-03 bc=9.776e-05 best=2.688e-03 lr=1.00e-03
2026-02-14 11:30:10,856 | INFO | [Forward][gaussian] epoch=1899/11999 total=2.241e-03 pde=1.437e-03 bc=8.049e-05 best=2.241e-03 lr=1.00e-03
2026-02-14 11:30:12,280 | INFO | [Forward][gaussian] checkpoint saved at epoch=1999 -> outputs_refactor\full_matrix_rerun_20260214_112937\checkpoints\gaussian\forward_last.pth
2026-02-14 11:30:12,280 | INFO | [Forward][gaussian] epoch=1999/11999 total=1.828e-03 pde=1.253e-03 bc=5.750e-05 best=1.766e-03 lr=1.00e-03
2026-02-14 11:30:13,672 | INFO | [Forward][gaussian] epoch=2099/11999 total=1.995e-03 pde=1.127e-03 bc=8.684e-05 best=1.586e-03 lr=1.00e-03
2026-02-14 11:30:15,065 | INFO | [Forward][gaussian] epoch=2199/11999 total=1.639e-03 pde=1.017e-03 bc=6.210e-05 best=1.265e-03 lr=1.00e-03
2026-02-14 11:30:16,447 | INFO | [Forward][gaussian] epoch=2299/11999 total=1.304e-03 pde=9.025e-04 bc=4.013e-05 best=1.143e-03 lr=1.00e-03
2026-02-14 11:30:17,775 | INFO | [Forward][gaussian] epoch=2399/11999 total=1.578e-03 pde=8.768e-04 bc=7.013e-05 best=1.011e-03 lr=1.00e-03
2026-02-14 11:30:19,096 | INFO | [Forward][gaussian] checkpoint saved at epoch=2499 -> outputs_refactor\full_matrix_rerun_20260214_112937\checkpoints\gaussian\forward_last.pth
2026-02-14 11:30:19,097 | INFO | [Forward][gaussian] epoch=2499/11999 total=9.767e-04 pde=7.526e-04 bc=2.241e-05 best=9.335e-04 lr=1.00e-03
2026-02-14 11:30:20,418 | INFO | [Forward][gaussian] epoch=2599/11999 total=2.160e-03 pde=8.608e-04 bc=1.299e-04 best=8.366e-04 lr=1.00e-03
2026-02-14 11:30:21,729 | INFO | [Forward][gaussian] epoch=2699/11999 total=1.232e-03 pde=6.907e-04 bc=5.416e-05 best=8.298e-04 lr=1.00e-03
2026-02-14 11:30:23,033 | INFO | [Forward][gaussian] epoch=2799/11999 total=8.826e-04 pde=6.142e-04 bc=2.685e-05 best=7.370e-04 lr=1.00e-03
2026-02-14 11:30:24,331 | INFO | [Forward][gaussian] epoch=2899/11999 total=6.997e-04 pde=5.613e-04 bc=1.384e-05 best=6.369e-04 lr=1.00e-03
2026-02-14 11:30:25,659 | INFO | [Forward][gaussian] checkpoint saved at epoch=2999 -> outputs_refactor\full_matrix_rerun_20260214_112937\checkpoints\gaussian\forward_last.pth
2026-02-14 11:30:25,660 | INFO | [Forward][gaussian] epoch=2999/11999 total=7.532e-04 pde=5.424e-04 bc=2.108e-05 best=6.055e-04 lr=1.00e-03
2026-02-14 11:30:26,970 | INFO | [Forward][gaussian] epoch=3099/11999 total=5.621e-04 pde=4.869e-04 bc=7.515e-06 best=5.621e-04 lr=1.00e-03
2026-02-14 11:30:28,291 | INFO | [Forward][gaussian] epoch=3199/11999 total=6.739e-04 pde=4.798e-04 bc=1.941e-05 best=5.425e-04 lr=1.00e-03
2026-02-14 11:30:29,614 | INFO | [Forward][gaussian] epoch=3299/11999 total=5.531e-04 pde=4.408e-04 bc=1.122e-05 best=5.076e-04 lr=1.00e-03
2026-02-14 11:30:30,923 | INFO | [Forward][gaussian] epoch=3399/11999 total=1.283e-03 pde=5.235e-04 bc=7.596e-05 best=5.076e-04 lr=1.00e-03
2026-02-14 11:30:32,259 | INFO | [Forward][gaussian] checkpoint saved at epoch=3499 -> outputs_refactor\full_matrix_rerun_20260214_112937\checkpoints\gaussian\forward_last.pth
2026-02-14 11:30:32,259 | INFO | [Forward][gaussian] epoch=3499/11999 total=1.148e-03 pde=4.840e-04 bc=6.642e-05 best=4.472e-04 lr=1.00e-03
2026-02-14 11:30:33,578 | INFO | [Forward][gaussian] epoch=3599/11999 total=8.118e-04 pde=4.281e-04 bc=3.837e-05 best=4.160e-04 lr=1.00e-03
2026-02-14 11:30:34,882 | INFO | [Forward][gaussian] epoch=3699/11999 total=4.085e-04 pde=3.551e-04 bc=5.335e-06 best=4.085e-04 lr=1.00e-03
2026-02-14 11:30:36,190 | INFO | [Forward][gaussian] epoch=3799/11999 total=4.351e-04 pde=3.450e-04 bc=9.009e-06 best=3.817e-04 lr=1.00e-03
2026-02-14 11:30:37,496 | INFO | [Forward][gaussian] epoch=3899/11999 total=1.227e-03 pde=4.545e-04 bc=7.728e-05 best=3.817e-04 lr=1.00e-03
2026-02-14 11:30:38,803 | INFO | [Forward][gaussian] checkpoint saved at epoch=3999 -> outputs_refactor\full_matrix_rerun_20260214_112937\checkpoints\gaussian\forward_last.pth
2026-02-14 11:30:38,803 | INFO | [Forward][gaussian] epoch=3999/11999 total=4.836e-04 pde=3.284e-04 bc=1.552e-05 best=3.565e-04 lr=1.00e-03
2026-02-14 11:30:40,140 | INFO | [Forward][gaussian] epoch=4099/11999 total=7.833e-04 pde=3.618e-04 bc=4.215e-05 best=3.408e-04 lr=1.00e-03
2026-02-14 11:30:41,471 | INFO | [Forward][gaussian] epoch=4199/11999 total=1.193e-03 pde=4.190e-04 bc=7.742e-05 best=3.150e-04 lr=1.00e-03
2026-02-14 11:30:42,768 | INFO | [Forward][gaussian] epoch=4299/11999 total=1.023e-03 pde=3.680e-04 bc=6.551e-05 best=3.130e-04 lr=1.00e-03
2026-02-14 11:30:44,072 | INFO | [Forward][gaussian] epoch=4399/11999 total=9.298e-04 pde=3.448e-04 bc=5.849e-05 best=3.055e-04 lr=1.00e-03
2026-02-14 11:30:45,381 | INFO | [Forward][gaussian] checkpoint saved at epoch=4499 -> outputs_refactor\full_matrix_rerun_20260214_112937\checkpoints\gaussian\forward_last.pth
2026-02-14 11:30:45,381 | INFO | [Forward][gaussian] epoch=4499/11999 total=1.013e-03 pde=3.491e-04 bc=6.644e-05 best=3.055e-04 lr=1.00e-03
2026-02-14 11:30:46,691 | INFO | [Forward][gaussian] epoch=4599/11999 total=7.370e-04 pde=3.242e-04 bc=4.128e-05 best=2.723e-04 lr=1.00e-03
2026-02-14 11:30:47,987 | INFO | [Forward][gaussian] epoch=4699/11999 total=1.046e-03 pde=3.323e-04 bc=7.136e-05 best=2.723e-04 lr=1.00e-03
2026-02-14 11:30:49,290 | INFO | [Forward][gaussian] epoch=4799/11999 total=8.878e-04 pde=3.275e-04 bc=5.603e-05 best=2.592e-04 lr=1.00e-03
2026-02-14 11:30:50,595 | INFO | [Forward][gaussian] epoch=4899/11999 total=3.352e-04 pde=2.334e-04 bc=1.018e-05 best=2.592e-04 lr=1.00e-03
2026-02-14 11:30:51,905 | INFO | [Forward][gaussian] checkpoint saved at epoch=4999 -> outputs_refactor\full_matrix_rerun_20260214_112937\checkpoints\gaussian\forward_last.pth
2026-02-14 11:30:51,906 | INFO | [Forward][gaussian] epoch=4999/11999 total=1.076e-03 pde=3.089e-04 bc=7.672e-05 best=2.591e-04 lr=1.00e-03
2026-02-14 11:30:53,225 | INFO | [Forward][gaussian] epoch=5099/11999 total=7.994e-04 pde=2.981e-04 bc=5.012e-05 best=2.361e-04 lr=1.00e-03
2026-02-14 11:30:54,535 | INFO | [Forward][gaussian] epoch=5199/11999 total=9.982e-04 pde=3.236e-04 bc=6.746e-05 best=2.346e-04 lr=1.00e-03
2026-02-14 11:30:55,857 | INFO | [Forward][gaussian] epoch=5299/11999 total=3.886e-04 pde=2.296e-04 bc=1.590e-05 best=2.254e-04 lr=1.00e-03
2026-02-14 11:30:57,182 | INFO | [Forward][gaussian] epoch=5399/11999 total=6.686e-04 pde=2.623e-04 bc=4.063e-05 best=2.254e-04 lr=1.00e-03
2026-02-14 11:30:58,507 | INFO | [Forward][gaussian] checkpoint saved at epoch=5499 -> outputs_refactor\full_matrix_rerun_20260214_112937\checkpoints\gaussian\forward_last.pth
2026-02-14 11:30:58,507 | INFO | [Forward][gaussian] epoch=5499/11999 total=1.291e-03 pde=2.641e-04 bc=1.027e-04 best=2.254e-04 lr=1.00e-03
2026-02-14 11:30:59,823 | INFO | [Forward][gaussian] epoch=5599/11999 total=4.804e-04 pde=2.121e-04 bc=2.683e-05 best=2.074e-04 lr=1.00e-03
2026-02-14 11:31:01,143 | INFO | [Forward][gaussian] epoch=5699/11999 total=1.054e-03 pde=3.107e-04 bc=7.434e-05 best=2.074e-04 lr=1.00e-03
2026-02-14 11:31:02,451 | INFO | [Forward][gaussian] epoch=5799/11999 total=4.731e-04 pde=2.077e-04 bc=2.654e-05 best=1.966e-04 lr=1.00e-03
2026-02-14 11:31:03,756 | INFO | [Forward][gaussian] epoch=5899/11999 total=2.372e-04 pde=1.848e-04 bc=5.232e-06 best=1.966e-04 lr=1.00e-03
2026-02-14 11:31:05,071 | INFO | [Forward][gaussian] checkpoint saved at epoch=5999 -> outputs_refactor\full_matrix_rerun_20260214_112937\checkpoints\gaussian\forward_last.pth
2026-02-14 11:31:05,071 | INFO | [Forward][gaussian] epoch=5999/11999 total=3.314e-04 pde=1.903e-04 bc=1.411e-05 best=1.901e-04 lr=1.00e-03
2026-02-14 11:31:06,386 | INFO | [Forward][gaussian] epoch=6099/11999 total=2.693e-04 pde=1.783e-04 bc=9.097e-06 best=1.901e-04 lr=1.00e-03
2026-02-14 11:31:07,715 | INFO | [Forward][gaussian] epoch=6199/11999 total=3.884e-04 pde=1.963e-04 bc=1.920e-05 best=1.901e-04 lr=1.00e-03
2026-02-14 11:31:09,044 | INFO | [Forward][gaussian] epoch=6299/11999 total=2.315e-04 pde=1.694e-04 bc=6.216e-06 best=1.901e-04 lr=1.00e-03
2026-02-14 11:31:10,379 | INFO | [Forward][gaussian] epoch=6399/11999 total=3.409e-04 pde=1.798e-04 bc=1.611e-05 best=1.690e-04 lr=1.00e-03
2026-02-14 11:31:11,684 | INFO | [Forward][gaussian] checkpoint saved at epoch=6499 -> outputs_refactor\full_matrix_rerun_20260214_112937\checkpoints\gaussian\forward_last.pth
2026-02-14 11:31:11,685 | INFO | [Forward][gaussian] epoch=6499/11999 total=8.940e-04 pde=2.495e-04 bc=6.444e-05 best=1.659e-04 lr=1.00e-03
2026-02-14 11:31:13,017 | INFO | [Forward][gaussian] epoch=6599/11999 total=3.651e-04 pde=1.684e-04 bc=1.967e-05 best=1.659e-04 lr=1.00e-03
2026-02-14 11:31:14,313 | INFO | [Forward][gaussian] epoch=6699/11999 total=3.171e-04 pde=1.573e-04 bc=1.599e-05 best=1.522e-04 lr=1.00e-03
2026-02-14 11:31:15,619 | INFO | [Forward][gaussian] epoch=6799/11999 total=5.056e-04 pde=1.799e-04 bc=3.257e-05 best=1.522e-04 lr=1.00e-03
2026-02-14 11:31:16,941 | INFO | [Forward][gaussian] epoch=6899/11999 total=2.197e-04 pde=1.411e-04 bc=7.858e-06 best=1.486e-04 lr=1.00e-03
2026-02-14 11:31:18,250 | INFO | [Forward][gaussian] checkpoint saved at epoch=6999 -> outputs_refactor\full_matrix_rerun_20260214_112937\checkpoints\gaussian\forward_last.pth
2026-02-14 11:31:18,250 | INFO | [Forward][gaussian] epoch=6999/11999 total=1.279e-03 pde=2.892e-04 bc=9.897e-05 best=1.486e-04 lr=1.00e-03
2026-02-14 11:31:19,564 | INFO | [Forward][gaussian] epoch=7099/11999 total=1.615e-04 pde=1.332e-04 bc=2.831e-06 best=1.469e-04 lr=1.00e-03
2026-02-14 11:31:20,861 | INFO | [Forward][gaussian] epoch=7199/11999 total=3.539e-04 pde=1.406e-04 bc=2.134e-05 best=1.469e-04 lr=1.00e-03
2026-02-14 11:31:22,186 | INFO | [Forward][gaussian] epoch=7299/11999 total=1.155e-03 pde=1.907e-04 bc=9.644e-05 best=1.469e-04 lr=1.00e-03
2026-02-14 11:31:23,500 | INFO | [Forward][gaussian] epoch=7399/11999 total=8.286e-04 pde=1.650e-04 bc=6.636e-05 best=1.317e-04 lr=1.00e-03
2026-02-14 11:31:24,825 | INFO | [Forward][gaussian] checkpoint saved at epoch=7499 -> outputs_refactor\full_matrix_rerun_20260214_112937\checkpoints\gaussian\forward_last.pth
2026-02-14 11:31:24,826 | INFO | [Forward][gaussian] epoch=7499/11999 total=2.011e-04 pde=1.225e-04 bc=7.862e-06 best=1.317e-04 lr=1.00e-03
2026-02-14 11:31:26,149 | INFO | [Forward][gaussian] epoch=7599/11999 total=1.464e-04 pde=1.186e-04 bc=2.775e-06 best=1.269e-04 lr=1.00e-03
2026-02-14 11:31:27,496 | INFO | [Forward][gaussian] epoch=7699/11999 total=1.442e-04 pde=1.140e-04 bc=3.023e-06 best=1.259e-04 lr=1.00e-03
2026-02-14 11:31:28,813 | INFO | [Forward][gaussian] epoch=7799/11999 total=1.984e-04 pde=1.194e-04 bc=7.893e-06 best=1.257e-04 lr=1.00e-03
2026-02-14 11:31:30,133 | INFO | [Forward][gaussian] epoch=7899/11999 total=1.350e-04 pde=1.096e-04 bc=2.544e-06 best=1.113e-04 lr=1.00e-03
2026-02-14 11:31:31,446 | INFO | [Forward][gaussian] checkpoint saved at epoch=7999 -> outputs_refactor\full_matrix_rerun_20260214_112937\checkpoints\gaussian\forward_last.pth
2026-02-14 11:31:31,447 | INFO | [Forward][gaussian] epoch=7999/11999 total=2.308e-04 pde=1.211e-04 bc=1.096e-05 best=1.113e-04 lr=1.00e-03
2026-02-14 11:31:32,796 | INFO | [Forward][gaussian] epoch=8099/11999 total=9.632e-04 pde=2.317e-04 bc=7.316e-05 best=1.085e-04 lr=1.00e-03
2026-02-14 11:31:34,136 | INFO | [Forward][gaussian] epoch=8199/11999 total=1.923e-04 pde=1.034e-04 bc=8.884e-06 best=1.072e-04 lr=1.00e-03
2026-02-14 11:31:35,472 | INFO | [Forward][gaussian] epoch=8299/11999 total=1.353e-04 pde=9.778e-05 bc=3.754e-06 best=1.072e-04 lr=1.00e-03
2026-02-14 11:31:36,779 | INFO | [Forward][gaussian] epoch=8399/11999 total=2.032e-04 pde=1.089e-04 bc=9.427e-06 best=1.072e-04 lr=1.00e-03
2026-02-14 11:31:38,081 | INFO | [Forward][gaussian] checkpoint saved at epoch=8499 -> outputs_refactor\full_matrix_rerun_20260214_112937\checkpoints\gaussian\forward_last.pth
2026-02-14 11:31:38,081 | INFO | [Forward][gaussian] epoch=8499/11999 total=1.360e-04 pde=9.563e-05 bc=4.037e-06 best=9.600e-05 lr=1.00e-03
2026-02-14 11:31:39,528 | INFO | [Forward][gaussian] epoch=8599/11999 total=8.442e-04 pde=1.805e-04 bc=6.637e-05 best=9.600e-05 lr=1.00e-03
2026-02-14 11:31:40,978 | INFO | [Forward][gaussian] epoch=8699/11999 total=1.546e-04 pde=9.735e-05 bc=5.720e-06 best=9.600e-05 lr=1.00e-03
2026-02-14 11:31:42,494 | INFO | [Forward][gaussian] epoch=8799/11999 total=3.721e-04 pde=1.196e-04 bc=2.525e-05 best=9.600e-05 lr=1.00e-03
2026-02-14 11:31:43,809 | INFO | [Forward][gaussian] epoch=8899/11999 total=1.358e-04 pde=8.966e-05 bc=4.613e-06 best=9.183e-05 lr=1.00e-03
2026-02-14 11:31:45,163 | INFO | [Forward][gaussian] checkpoint saved at epoch=8999 -> outputs_refactor\full_matrix_rerun_20260214_112937\checkpoints\gaussian\forward_last.pth
2026-02-14 11:31:45,163 | INFO | [Forward][gaussian] epoch=8999/11999 total=1.347e-04 pde=8.849e-05 bc=4.625e-06 best=8.618e-05 lr=1.00e-03
2026-02-14 11:31:46,472 | INFO | [Forward][gaussian] epoch=9099/11999 total=8.408e-05 pde=7.999e-05 bc=4.087e-07 best=8.408e-05 lr=1.00e-03
2026-02-14 11:31:47,787 | INFO | [Forward][gaussian] epoch=9199/11999 total=1.295e-04 pde=8.386e-05 bc=4.560e-06 best=8.222e-05 lr=1.00e-03
2026-02-14 11:31:49,129 | INFO | [Forward][gaussian] epoch=9299/11999 total=1.173e-04 pde=8.197e-05 bc=3.535e-06 best=8.222e-05 lr=1.00e-03
2026-02-14 11:31:50,469 | INFO | [Forward][gaussian] epoch=9399/11999 total=8.841e-05 pde=7.644e-05 bc=1.198e-06 best=7.817e-05 lr=1.00e-03
2026-02-14 11:31:51,821 | INFO | [Forward][gaussian] checkpoint saved at epoch=9499 -> outputs_refactor\full_matrix_rerun_20260214_112937\checkpoints\gaussian\forward_last.pth
2026-02-14 11:31:51,821 | INFO | [Forward][gaussian] epoch=9499/11999 total=2.052e-04 pde=8.824e-05 bc=1.170e-05 best=7.784e-05 lr=1.00e-03
2026-02-14 11:31:53,139 | INFO | [Forward][gaussian] epoch=9599/11999 total=5.384e-04 pde=1.083e-04 bc=4.300e-05 best=7.784e-05 lr=1.00e-03
2026-02-14 11:31:54,494 | INFO | [Forward][gaussian] epoch=9699/11999 total=1.497e-04 pde=7.932e-05 bc=7.039e-06 best=7.436e-05 lr=1.00e-03
2026-02-14 11:31:55,858 | INFO | [Forward][gaussian] epoch=9799/11999 total=1.273e-04 pde=7.778e-05 bc=4.956e-06 best=7.436e-05 lr=1.00e-03
2026-02-14 11:31:57,189 | INFO | [Forward][gaussian] epoch=9899/11999 total=7.427e-05 pde=6.813e-05 bc=6.141e-07 best=7.299e-05 lr=1.00e-03
2026-02-14 11:31:58,507 | INFO | [Forward][gaussian] checkpoint saved at epoch=9999 -> outputs_refactor\full_matrix_rerun_20260214_112937\checkpoints\gaussian\forward_last.pth
2026-02-14 11:31:58,508 | INFO | [Forward][gaussian] epoch=9999/11999 total=9.609e-05 pde=7.099e-05 bc=2.510e-06 best=7.052e-05 lr=1.00e-03
2026-02-14 11:31:59,806 | INFO | [Forward][gaussian] epoch=10099/11999 total=8.809e-05 pde=6.646e-05 bc=2.163e-06 best=7.052e-05 lr=1.00e-03
2026-02-14 11:32:01,320 | INFO | [Forward][gaussian] epoch=10199/11999 total=4.965e-04 pde=1.297e-04 bc=3.668e-05 best=6.731e-05 lr=1.00e-03
2026-02-14 11:32:02,748 | INFO | [Forward][gaussian] epoch=10299/11999 total=1.106e-04 pde=6.436e-05 bc=4.625e-06 best=6.584e-05 lr=1.00e-03
2026-02-14 11:32:04,187 | INFO | [Forward][gaussian] epoch=10399/11999 total=1.507e-04 pde=6.374e-05 bc=8.692e-06 best=6.517e-05 lr=1.00e-03
2026-02-14 11:32:05,643 | INFO | [Forward][gaussian] checkpoint saved at epoch=10499 -> outputs_refactor\full_matrix_rerun_20260214_112937\checkpoints\gaussian\forward_last.pth
2026-02-14 11:32:05,643 | INFO | [Forward][gaussian] epoch=10499/11999 total=8.799e-05 pde=6.111e-05 bc=2.688e-06 best=6.485e-05 lr=1.00e-03
2026-02-14 11:32:07,096 | INFO | [Forward][gaussian] epoch=10599/11999 total=1.460e-04 pde=6.661e-05 bc=7.934e-06 best=6.485e-05 lr=1.00e-03
2026-02-14 11:32:08,538 | INFO | [Forward][gaussian] epoch=10699/11999 total=1.093e-03 pde=1.170e-04 bc=9.757e-05 best=6.199e-05 lr=1.00e-03
2026-02-14 11:32:09,968 | INFO | [Forward][gaussian] epoch=10799/11999 total=1.315e-03 pde=2.629e-04 bc=1.052e-04 best=6.199e-05 lr=1.00e-03
2026-02-14 11:32:11,356 | INFO | [Forward][gaussian] epoch=10899/11999 total=6.466e-05 pde=5.689e-05 bc=7.765e-07 best=6.145e-05 lr=1.00e-03
2026-02-14 11:32:12,819 | INFO | [Forward][gaussian] checkpoint saved at epoch=10999 -> outputs_refactor\full_matrix_rerun_20260214_112937\checkpoints\gaussian\forward_last.pth
2026-02-14 11:32:12,819 | INFO | [Forward][gaussian] epoch=10999/11999 total=4.634e-04 pde=1.321e-04 bc=3.314e-05 best=6.073e-05 lr=1.00e-03
2026-02-14 11:32:14,262 | INFO | [Forward][gaussian] epoch=11099/11999 total=7.595e-04 pde=1.002e-04 bc=6.593e-05 best=5.990e-05 lr=1.00e-03
2026-02-14 11:32:15,696 | INFO | [Forward][gaussian] epoch=11199/11999 total=1.481e-03 pde=2.821e-04 bc=1.199e-04 best=5.733e-05 lr=1.00e-03
2026-02-14 11:32:17,123 | INFO | [Forward][gaussian] epoch=11299/11999 total=5.675e-05 pde=5.323e-05 bc=3.521e-07 best=5.539e-05 lr=1.00e-03
2026-02-14 11:32:18,454 | INFO | [Forward][gaussian] epoch=11399/11999 total=4.954e-04 pde=1.353e-04 bc=3.600e-05 best=5.539e-05 lr=1.00e-03
2026-02-14 11:32:19,852 | INFO | [Forward][gaussian] checkpoint saved at epoch=11499 -> outputs_refactor\full_matrix_rerun_20260214_112937\checkpoints\gaussian\forward_last.pth
2026-02-14 11:32:19,853 | INFO | [Forward][gaussian] epoch=11499/11999 total=5.621e-05 pde=5.150e-05 bc=4.707e-07 best=5.415e-05 lr=1.00e-03
2026-02-14 11:32:21,228 | INFO | [Forward][gaussian] epoch=11599/11999 total=8.155e-03 pde=1.358e-03 bc=6.797e-04 best=5.290e-05 lr=1.00e-03
2026-02-14 11:32:22,548 | INFO | [Forward][gaussian] epoch=11699/11999 total=5.266e-05 pde=5.090e-05 bc=1.759e-07 best=5.251e-05 lr=1.00e-03
2026-02-14 11:32:23,927 | INFO | [Forward][gaussian] epoch=11799/11999 total=6.290e-04 pde=9.324e-05 bc=5.357e-05 best=5.197e-05 lr=1.00e-03
2026-02-14 11:32:25,236 | INFO | [Forward][gaussian] epoch=11899/11999 total=6.101e-05 pde=4.993e-05 bc=1.108e-06 best=5.140e-05 lr=1.00e-03
2026-02-14 11:32:26,577 | INFO | [Forward][gaussian] checkpoint saved at epoch=11999 -> outputs_refactor\full_matrix_rerun_20260214_112937\checkpoints\gaussian\forward_last.pth
2026-02-14 11:32:26,578 | INFO | [Forward][gaussian] epoch=11999/11999 total=6.417e-05 pde=4.913e-05 bc=1.504e-06 best=5.140e-05 lr=1.00e-03
2026-02-14 11:32:27,118 | INFO | [Inverse][pts_200_noise_0] start training charge=gaussian points=200 noise=0%
2026-02-14 11:32:27,931 | INFO | [Inverse][gaussian|pts=200|noise=0%] epoch=0/11999 total=9.757e+00 pde=3.355e-02 bc=6.706e-02 data=9.053e-02 best=9.757e+00 lr=1.00e-03
2026-02-14 11:32:29,668 | INFO | [Inverse][gaussian|pts=200|noise=0%] epoch=99/11999 total=5.476e-01 pde=2.258e-01 bc=1.511e-03 data=3.067e-03 best=5.476e-01 lr=1.00e-03
2026-02-14 11:32:31,235 | INFO | [Inverse][gaussian|pts=200|noise=0%] epoch=199/11999 total=4.362e-01 pde=1.386e-01 bc=2.527e-03 data=2.723e-03 best=4.102e-01 lr=1.00e-03
2026-02-14 11:32:32,814 | INFO | [Inverse][gaussian|pts=200|noise=0%] epoch=299/11999 total=2.951e-01 pde=6.186e-02 bc=1.917e-03 data=2.141e-03 best=2.842e-01 lr=1.00e-03
2026-02-14 11:32:34,318 | INFO | [Inverse][gaussian|pts=200|noise=0%] epoch=399/11999 total=2.427e-01 pde=4.218e-02 bc=2.174e-03 data=1.788e-03 best=2.272e-01 lr=1.00e-03
2026-02-14 11:32:35,845 | INFO | [Inverse][gaussian|pts=200|noise=0%] checkpoint saved at epoch=499 -> outputs_refactor\full_matrix_rerun_20260214_112937\checkpoints\gaussian\inverse_pts_200_noise_0_last.pth
2026-02-14 11:32:35,845 | INFO | [Inverse][gaussian|pts=200|noise=0%] epoch=499/11999 total=1.798e-01 pde=2.816e-02 bc=1.028e-03 data=1.414e-03 best=1.756e-01 lr=1.00e-03
2026-02-14 11:32:37,419 | INFO | [Inverse][gaussian|pts=200|noise=0%] epoch=599/11999 total=1.309e-01 pde=2.027e-02 bc=4.355e-04 data=1.063e-03 best=1.309e-01 lr=1.00e-03
2026-02-14 11:32:39,047 | INFO | [Inverse][gaussian|pts=200|noise=0%] epoch=699/11999 total=9.999e-02 pde=2.317e-02 bc=2.432e-04 data=7.439e-04 best=9.999e-02 lr=1.00e-03
2026-02-14 11:32:40,696 | INFO | [Inverse][gaussian|pts=200|noise=0%] epoch=799/11999 total=8.438e-02 pde=2.112e-02 bc=2.092e-04 data=6.117e-04 best=8.438e-02 lr=1.00e-03
2026-02-14 11:32:42,260 | INFO | [Inverse][gaussian|pts=200|noise=0%] epoch=899/11999 total=7.294e-02 pde=1.772e-02 bc=4.308e-04 data=5.091e-04 best=7.294e-02 lr=1.00e-03
2026-02-14 11:32:43,744 | INFO | [Inverse][gaussian|pts=200|noise=0%] checkpoint saved at epoch=999 -> outputs_refactor\full_matrix_rerun_20260214_112937\checkpoints\gaussian\inverse_pts_200_noise_0_last.pth
2026-02-14 11:32:43,745 | INFO | [Inverse][gaussian|pts=200|noise=0%] epoch=999/11999 total=7.434e-02 pde=1.481e-02 bc=4.057e-04 data=5.547e-04 best=6.745e-02 lr=1.00e-03
2026-02-14 11:32:45,279 | INFO | [Inverse][gaussian|pts=200|noise=0%] epoch=1099/11999 total=6.451e-02 pde=1.153e-02 bc=3.425e-04 data=4.955e-04 best=5.652e-02 lr=1.00e-03
2026-02-14 11:32:46,773 | INFO | [Inverse][gaussian|pts=200|noise=0%] epoch=1199/11999 total=4.615e-02 pde=8.338e-03 bc=2.149e-04 data=3.566e-04 best=4.615e-02 lr=1.00e-03
2026-02-14 11:32:48,271 | INFO | [Inverse][gaussian|pts=200|noise=0%] epoch=1299/11999 total=3.445e-02 pde=6.781e-03 bc=1.350e-04 data=2.632e-04 best=3.445e-02 lr=1.00e-03
2026-02-14 11:32:49,792 | INFO | [Inverse][gaussian|pts=200|noise=0%] epoch=1399/11999 total=2.782e-02 pde=6.015e-03 bc=9.818e-05 data=2.082e-04 best=2.782e-02 lr=1.00e-03
2026-02-14 11:32:51,334 | INFO | [Inverse][gaussian|pts=200|noise=0%] checkpoint saved at epoch=1499 -> outputs_refactor\full_matrix_rerun_20260214_112937\checkpoints\gaussian\inverse_pts_200_noise_0_last.pth
2026-02-14 11:32:51,334 | INFO | [Inverse][gaussian|pts=200|noise=0%] epoch=1499/11999 total=2.476e-02 pde=5.301e-03 bc=8.849e-05 data=1.857e-04 best=2.476e-02 lr=1.00e-03
2026-02-14 11:32:52,886 | INFO | [Inverse][gaussian|pts=200|noise=0%] epoch=1599/11999 total=2.150e-02 pde=4.487e-03 bc=8.273e-05 data=1.619e-04 best=2.099e-02 lr=1.00e-03
2026-02-14 11:32:54,436 | INFO | [Inverse][gaussian|pts=200|noise=0%] epoch=1699/11999 total=2.244e-02 pde=3.816e-03 bc=7.202e-05 data=1.790e-04 best=1.346e-02 lr=1.00e-03
2026-02-14 11:32:55,904 | INFO | [Inverse][gaussian|pts=200|noise=0%] epoch=1799/11999 total=1.904e-02 pde=3.222e-03 bc=1.299e-04 data=1.452e-04 best=1.346e-02 lr=1.00e-03
2026-02-14 11:32:57,375 | INFO | [Inverse][gaussian|pts=200|noise=0%] epoch=1899/11999 total=1.725e-02 pde=2.830e-03 bc=1.314e-04 data=1.311e-04 best=1.264e-02 lr=1.00e-03
2026-02-14 11:32:58,845 | INFO | [Inverse][gaussian|pts=200|noise=0%] checkpoint saved at epoch=1999 -> outputs_refactor\full_matrix_rerun_20260214_112937\checkpoints\gaussian\inverse_pts_200_noise_0_last.pth
2026-02-14 11:32:58,845 | INFO | [Inverse][gaussian|pts=200|noise=0%] epoch=1999/11999 total=1.322e-02 pde=2.466e-03 bc=1.012e-04 data=9.744e-05 best=1.204e-02 lr=1.00e-03
2026-02-14 11:33:00,336 | INFO | [Inverse][gaussian|pts=200|noise=0%] epoch=2099/11999 total=1.314e-02 pde=2.243e-03 bc=1.162e-04 data=9.734e-05 best=1.131e-02 lr=1.00e-03
2026-02-14 11:33:01,868 | INFO | [Inverse][gaussian|pts=200|noise=0%] epoch=2199/11999 total=3.930e-02 pde=2.558e-03 bc=3.209e-04 data=3.353e-04 best=9.009e-03 lr=1.00e-03
2026-02-14 11:33:03,438 | INFO | [Inverse][gaussian|pts=200|noise=0%] epoch=2299/11999 total=1.380e-02 pde=1.917e-03 bc=9.671e-05 data=1.092e-04 best=8.730e-03 lr=1.00e-03
2026-02-14 11:33:04,910 | INFO | [Inverse][gaussian|pts=200|noise=0%] epoch=2399/11999 total=1.038e-02 pde=1.816e-03 bc=6.117e-05 data=7.950e-05 best=8.730e-03 lr=1.00e-03
2026-02-14 11:33:06,369 | INFO | [Inverse][gaussian|pts=200|noise=0%] checkpoint saved at epoch=2499 -> outputs_refactor\full_matrix_rerun_20260214_112937\checkpoints\gaussian\inverse_pts_200_noise_0_last.pth
2026-02-14 11:33:06,369 | INFO | [Inverse][gaussian|pts=200|noise=0%] epoch=2499/11999 total=1.285e-02 pde=1.779e-03 bc=8.767e-05 data=1.019e-04 best=8.730e-03 lr=1.00e-03
2026-02-14 11:33:07,815 | INFO | [Inverse][gaussian|pts=200|noise=0%] epoch=2599/11999 total=1.004e-02 pde=1.688e-03 bc=6.104e-05 data=7.746e-05 best=8.730e-03 lr=1.00e-03
2026-02-14 11:33:09,268 | INFO | [Inverse][gaussian|pts=200|noise=0%] epoch=2699/11999 total=1.143e-02 pde=1.644e-03 bc=7.761e-05 data=9.010e-05 best=8.730e-03 lr=1.00e-03
2026-02-14 11:33:10,724 | INFO | [Inverse][gaussian|pts=200|noise=0%] epoch=2799/11999 total=9.261e-03 pde=1.567e-03 bc=5.753e-05 data=7.119e-05 best=8.548e-03 lr=8.00e-04
2026-02-14 11:33:12,148 | INFO | [Inverse][gaussian|pts=200|noise=0%] epoch=2899/11999 total=8.587e-03 pde=1.507e-03 bc=5.611e-05 data=6.520e-05 best=8.548e-03 lr=8.00e-04
2026-02-14 11:33:13,633 | INFO | [Inverse][gaussian|pts=200|noise=0%] checkpoint saved at epoch=2999 -> outputs_refactor\full_matrix_rerun_20260214_112937\checkpoints\gaussian\inverse_pts_200_noise_0_last.pth
2026-02-14 11:33:13,633 | INFO | [Inverse][gaussian|pts=200|noise=0%] epoch=2999/11999 total=8.242e-03 pde=1.452e-03 bc=5.858e-05 data=6.204e-05 best=8.242e-03 lr=8.00e-04
2026-02-14 11:33:15,156 | INFO | [Inverse][gaussian|pts=200|noise=0%] epoch=3099/11999 total=7.520e-03 pde=1.395e-03 bc=5.553e-05 data=5.570e-05 best=7.520e-03 lr=8.00e-04
2026-02-14 11:33:16,608 | INFO | [Inverse][gaussian|pts=200|noise=0%] epoch=3199/11999 total=8.195e-03 pde=1.360e-03 bc=6.996e-05 data=6.135e-05 best=7.438e-03 lr=8.00e-04
2026-02-14 11:33:18,040 | INFO | [Inverse][gaussian|pts=200|noise=0%] epoch=3299/11999 total=7.912e-03 pde=1.321e-03 bc=7.367e-05 data=5.855e-05 best=7.438e-03 lr=8.00e-04
2026-02-14 11:33:19,494 | INFO | [Inverse][gaussian|pts=200|noise=0%] epoch=3399/11999 total=7.711e-03 pde=1.293e-03 bc=7.717e-05 data=5.647e-05 best=7.438e-03 lr=8.00e-04
2026-02-14 11:33:21,019 | INFO | [Inverse][gaussian|pts=200|noise=0%] checkpoint saved at epoch=3499 -> outputs_refactor\full_matrix_rerun_20260214_112937\checkpoints\gaussian\inverse_pts_200_noise_0_last.pth
2026-02-14 11:33:21,020 | INFO | [Inverse][gaussian|pts=200|noise=0%] epoch=3499/11999 total=7.650e-03 pde=1.271e-03 bc=8.073e-05 data=5.571e-05 best=7.139e-03 lr=8.00e-04
2026-02-14 11:33:22,529 | INFO | [Inverse][gaussian|pts=200|noise=0%] epoch=3599/11999 total=7.684e-03 pde=1.255e-03 bc=8.469e-05 data=5.582e-05 best=6.665e-03 lr=8.00e-04
2026-02-14 11:33:24,077 | INFO | [Inverse][gaussian|pts=200|noise=0%] epoch=3699/11999 total=7.795e-03 pde=1.243e-03 bc=8.902e-05 data=5.661e-05 best=6.183e-03 lr=8.00e-04
2026-02-14 11:33:25,584 | INFO | [Inverse][gaussian|pts=200|noise=0%] epoch=3799/11999 total=6.063e-03 pde=1.192e-03 bc=7.040e-05 data=4.166e-05 best=5.767e-03 lr=8.00e-04
2026-02-14 11:33:27,050 | INFO | [Inverse][gaussian|pts=200|noise=0%] epoch=3899/11999 total=6.538e-03 pde=1.584e-03 bc=4.353e-05 data=4.518e-05 best=4.650e-03 lr=8.00e-04
2026-02-14 11:33:28,489 | INFO | [Inverse][gaussian|pts=200|noise=0%] checkpoint saved at epoch=3999 -> outputs_refactor\full_matrix_rerun_20260214_112937\checkpoints\gaussian\inverse_pts_200_noise_0_last.pth
2026-02-14 11:33:28,489 | INFO | [Inverse][gaussian|pts=200|noise=0%] epoch=3999/11999 total=7.821e-03 pde=1.178e-03 bc=5.863e-05 data=6.056e-05 best=4.650e-03 lr=8.00e-04
2026-02-14 11:33:29,905 | INFO | [Inverse][gaussian|pts=200|noise=0%] epoch=4099/11999 total=7.071e-03 pde=1.159e-03 bc=5.703e-05 data=5.342e-05 best=4.650e-03 lr=8.00e-04
2026-02-14 11:33:31,354 | INFO | [Inverse][gaussian|pts=200|noise=0%] epoch=4199/11999 total=6.636e-03 pde=1.142e-03 bc=5.682e-05 data=4.926e-05 best=4.650e-03 lr=8.00e-04
2026-02-14 11:33:32,782 | INFO | [Inverse][gaussian|pts=200|noise=0%] epoch=4299/11999 total=6.517e-03 pde=1.139e-03 bc=5.270e-05 data=4.851e-05 best=4.650e-03 lr=8.00e-04
2026-02-14 11:33:34,233 | INFO | [Inverse][gaussian|pts=200|noise=0%] epoch=4399/11999 total=5.091e-03 pde=1.117e-03 bc=3.394e-05 data=3.635e-05 best=4.650e-03 lr=6.40e-04
2026-02-14 11:33:35,714 | INFO | [Inverse][gaussian|pts=200|noise=0%] checkpoint saved at epoch=4499 -> outputs_refactor\full_matrix_rerun_20260214_112937\checkpoints\gaussian\inverse_pts_200_noise_0_last.pth
2026-02-14 11:33:35,714 | INFO | [Inverse][gaussian|pts=200|noise=0%] epoch=4499/11999 total=6.841e-03 pde=1.116e-03 bc=8.471e-05 data=4.878e-05 best=3.981e-03 lr=6.40e-04
2026-02-14 11:33:37,173 | INFO | [Inverse][gaussian|pts=200|noise=0%] epoch=4599/11999 total=7.499e-03 pde=1.122e-03 bc=9.431e-05 data=5.434e-05 best=3.981e-03 lr=6.40e-04
2026-02-14 11:33:38,667 | INFO | [Inverse][gaussian|pts=200|noise=0%] epoch=4699/11999 total=5.492e-03 pde=1.079e-03 bc=6.435e-05 data=3.769e-05 best=3.981e-03 lr=6.40e-04
2026-02-14 11:33:40,225 | INFO | [Inverse][gaussian|pts=200|noise=0%] epoch=4799/11999 total=5.118e-03 pde=1.064e-03 bc=5.826e-05 data=3.472e-05 best=3.981e-03 lr=6.40e-04
2026-02-14 11:33:41,708 | INFO | [Inverse][gaussian|pts=200|noise=0%] epoch=4899/11999 total=5.023e-03 pde=1.052e-03 bc=5.661e-05 data=3.404e-05 best=3.981e-03 lr=6.40e-04
2026-02-14 11:33:43,147 | INFO | [Inverse][gaussian|pts=200|noise=0%] checkpoint saved at epoch=4999 -> outputs_refactor\full_matrix_rerun_20260214_112937\checkpoints\gaussian\inverse_pts_200_noise_0_last.pth
2026-02-14 11:33:43,147 | INFO | [Inverse][gaussian|pts=200|noise=0%] epoch=4999/11999 total=4.116e-03 pde=1.026e-03 bc=4.318e-05 data=2.658e-05 best=3.981e-03 lr=5.12e-04
2026-02-14 11:33:44,572 | INFO | [Inverse][gaussian|pts=200|noise=0%] epoch=5099/11999 total=4.735e-03 pde=1.028e-03 bc=5.185e-05 data=3.188e-05 best=3.976e-03 lr=5.12e-04
2026-02-14 11:33:46,012 | INFO | [Inverse][gaussian|pts=200|noise=0%] epoch=5199/11999 total=4.658e-03 pde=1.018e-03 bc=5.097e-05 data=3.130e-05 best=3.976e-03 lr=5.12e-04
2026-02-14 11:33:47,457 | INFO | [Inverse][gaussian|pts=200|noise=0%] epoch=5299/11999 total=4.596e-03 pde=1.008e-03 bc=5.274e-05 data=3.060e-05 best=3.976e-03 lr=5.12e-04
2026-02-14 11:33:48,908 | INFO | [Inverse][gaussian|pts=200|noise=0%] epoch=5399/11999 total=4.502e-03 pde=9.978e-04 bc=5.466e-05 data=2.958e-05 best=3.976e-03 lr=5.12e-04
2026-02-14 11:33:50,348 | INFO | [Inverse][gaussian|pts=200|noise=0%] checkpoint saved at epoch=5499 -> outputs_refactor\full_matrix_rerun_20260214_112937\checkpoints\gaussian\inverse_pts_200_noise_0_last.pth
2026-02-14 11:33:50,348 | INFO | [Inverse][gaussian|pts=200|noise=0%] epoch=5499/11999 total=4.190e-03 pde=9.807e-04 bc=5.208e-05 data=2.688e-05 best=3.976e-03 lr=5.12e-04
2026-02-14 11:33:51,815 | INFO | [Inverse][gaussian|pts=200|noise=0%] epoch=5599/11999 total=5.578e-03 pde=1.105e-03 bc=7.475e-05 data=3.726e-05 best=3.310e-03 lr=4.10e-04
2026-02-14 11:33:53,240 | INFO | [Inverse][gaussian|pts=200|noise=0%] epoch=5699/11999 total=9.220e-03 pde=1.078e-03 bc=5.212e-05 data=7.621e-05 best=3.310e-03 lr=4.10e-04
2026-02-14 11:33:54,664 | INFO | [Inverse][gaussian|pts=200|noise=0%] epoch=5799/11999 total=3.761e-03 pde=9.400e-04 bc=4.856e-05 data=2.335e-05 best=3.310e-03 lr=4.10e-04
2026-02-14 11:33:56,081 | INFO | [Inverse][gaussian|pts=200|noise=0%] epoch=5899/11999 total=4.448e-03 pde=9.480e-04 bc=6.123e-05 data=2.887e-05 best=3.310e-03 lr=4.10e-04
2026-02-14 11:33:57,536 | INFO | [Inverse][gaussian|pts=200|noise=0%] checkpoint saved at epoch=5999 -> outputs_refactor\full_matrix_rerun_20260214_112937\checkpoints\gaussian\inverse_pts_200_noise_0_last.pth
2026-02-14 11:33:57,536 | INFO | [Inverse][gaussian|pts=200|noise=0%] epoch=5999/11999 total=5.499e-03 pde=9.861e-04 bc=2.731e-05 data=4.240e-05 best=3.310e-03 lr=4.10e-04
2026-02-14 11:33:58,980 | INFO | [Inverse][gaussian|pts=200|noise=0%] epoch=6099/11999 total=4.115e-03 pde=9.237e-04 bc=4.866e-05 data=2.705e-05 best=3.185e-03 lr=4.10e-04
2026-02-14 11:34:00,435 | INFO | [Inverse][gaussian|pts=200|noise=0%] epoch=6199/11999 total=3.876e-03 pde=9.131e-04 bc=3.886e-05 data=2.575e-05 best=3.185e-03 lr=4.10e-04
2026-02-14 11:34:01,862 | INFO | [Inverse][gaussian|pts=200|noise=0%] epoch=6299/11999 total=3.807e-03 pde=9.074e-04 bc=3.788e-05 data=2.520e-05 best=3.185e-03 lr=4.10e-04
2026-02-14 11:34:03,304 | INFO | [Inverse][gaussian|pts=200|noise=0%] epoch=6399/11999 total=3.740e-03 pde=9.016e-04 bc=3.652e-05 data=2.474e-05 best=3.185e-03 lr=4.10e-04
2026-02-14 11:34:04,754 | INFO | [Inverse][gaussian|pts=200|noise=0%] checkpoint saved at epoch=6499 -> outputs_refactor\full_matrix_rerun_20260214_112937\checkpoints\gaussian\inverse_pts_200_noise_0_last.pth
2026-02-14 11:34:04,754 | INFO | [Inverse][gaussian|pts=200|noise=0%] epoch=6499/11999 total=3.658e-03 pde=8.953e-04 bc=3.512e-05 data=2.411e-05 best=3.185e-03 lr=4.10e-04
2026-02-14 11:34:06,209 | INFO | [Inverse][gaussian|pts=200|noise=0%] epoch=6599/11999 total=3.187e-03 pde=8.827e-04 bc=3.115e-05 data=1.992e-05 best=3.169e-03 lr=3.28e-04
2026-02-14 11:34:07,665 | INFO | [Inverse][gaussian|pts=200|noise=0%] epoch=6699/11999 total=3.169e-03 pde=8.771e-04 bc=3.013e-05 data=1.990e-05 best=3.169e-03 lr=3.28e-04
2026-02-14 11:34:09,163 | INFO | [Inverse][gaussian|pts=200|noise=0%] epoch=6799/11999 total=3.133e-03 pde=8.693e-04 bc=3.062e-05 data=1.958e-05 best=3.089e-03 lr=3.28e-04
2026-02-14 11:34:10,592 | INFO | [Inverse][gaussian|pts=200|noise=0%] epoch=6899/11999 total=3.196e-03 pde=8.630e-04 bc=3.163e-05 data=2.017e-05 best=3.089e-03 lr=3.28e-04
2026-02-14 11:34:12,033 | INFO | [Inverse][gaussian|pts=200|noise=0%] checkpoint saved at epoch=6999 -> outputs_refactor\full_matrix_rerun_20260214_112937\checkpoints\gaussian\inverse_pts_200_noise_0_last.pth
2026-02-14 11:34:12,033 | INFO | [Inverse][gaussian|pts=200|noise=0%] epoch=6999/11999 total=3.140e-03 pde=8.538e-04 bc=3.230e-05 data=1.963e-05 best=3.089e-03 lr=3.28e-04
2026-02-14 11:34:13,524 | INFO | [Inverse][gaussian|pts=200|noise=0%] epoch=7099/11999 total=2.997e-03 pde=8.426e-04 bc=3.154e-05 data=1.840e-05 best=2.979e-03 lr=3.28e-04
2026-02-14 11:34:14,953 | INFO | [Inverse][gaussian|pts=200|noise=0%] epoch=7199/11999 total=3.072e-03 pde=8.345e-04 bc=3.329e-05 data=1.905e-05 best=2.940e-03 lr=3.28e-04
2026-02-14 11:34:16,398 | INFO | [Inverse][gaussian|pts=200|noise=0%] epoch=7299/11999 total=3.063e-03 pde=8.248e-04 bc=3.381e-05 data=1.900e-05 best=2.894e-03 lr=3.28e-04
2026-02-14 11:34:17,847 | INFO | [Inverse][gaussian|pts=200|noise=0%] epoch=7399/11999 total=2.970e-03 pde=8.131e-04 bc=3.306e-05 data=1.826e-05 best=2.859e-03 lr=3.28e-04
2026-02-14 11:34:19,313 | INFO | [Inverse][gaussian|pts=200|noise=0%] checkpoint saved at epoch=7499 -> outputs_refactor\full_matrix_rerun_20260214_112937\checkpoints\gaussian\inverse_pts_200_noise_0_last.pth
2026-02-14 11:34:19,314 | INFO | [Inverse][gaussian|pts=200|noise=0%] epoch=7499/11999 total=2.861e-03 pde=8.006e-04 bc=3.199e-05 data=1.740e-05 best=2.818e-03 lr=3.28e-04
2026-02-14 11:34:20,831 | INFO | [Inverse][gaussian|pts=200|noise=0%] epoch=7599/11999 total=2.766e-03 pde=7.877e-04 bc=3.110e-05 data=1.667e-05 best=2.766e-03 lr=3.28e-04
2026-02-14 11:34:22,322 | INFO | [Inverse][gaussian|pts=200|noise=0%] epoch=7699/11999 total=2.666e-03 pde=7.756e-04 bc=2.982e-05 data=1.592e-05 best=2.501e-03 lr=3.28e-04
2026-02-14 11:34:23,773 | INFO | [Inverse][gaussian|pts=200|noise=0%] epoch=7799/11999 total=2.861e-03 pde=7.700e-04 bc=3.142e-05 data=1.777e-05 best=2.455e-03 lr=3.28e-04
2026-02-14 11:34:25,190 | INFO | [Inverse][gaussian|pts=200|noise=0%] epoch=7899/11999 total=2.895e-03 pde=7.627e-04 bc=3.144e-05 data=1.818e-05 best=2.455e-03 lr=3.28e-04
2026-02-14 11:34:26,625 | INFO | [Inverse][gaussian|pts=200|noise=0%] checkpoint saved at epoch=7999 -> outputs_refactor\full_matrix_rerun_20260214_112937\checkpoints\gaussian\inverse_pts_200_noise_0_last.pth
2026-02-14 11:34:26,625 | INFO | [Inverse][gaussian|pts=200|noise=0%] epoch=7999/11999 total=2.851e-03 pde=7.529e-04 bc=3.130e-05 data=1.785e-05 best=2.455e-03 lr=3.28e-04
2026-02-14 11:34:28,098 | INFO | [Inverse][gaussian|pts=200|noise=0%] epoch=8099/11999 total=2.802e-03 pde=7.431e-04 bc=3.334e-05 data=1.725e-05 best=2.455e-03 lr=3.28e-04
2026-02-14 11:34:29,519 | INFO | [Inverse][gaussian|pts=200|noise=0%] epoch=8199/11999 total=2.744e-03 pde=7.332e-04 bc=3.464e-05 data=1.664e-05 best=2.455e-03 lr=3.28e-04
2026-02-14 11:34:30,988 | INFO | [Inverse][gaussian|pts=200|noise=0%] epoch=8299/11999 total=2.439e-03 pde=7.137e-04 bc=3.101e-05 data=1.415e-05 best=2.416e-03 lr=2.62e-04
2026-02-14 11:34:32,641 | INFO | [Inverse][gaussian|pts=200|noise=0%] epoch=8399/11999 total=2.221e-03 pde=6.948e-04 bc=2.521e-05 data=1.274e-05 best=2.221e-03 lr=2.62e-04
2026-02-14 11:34:34,479 | INFO | [Inverse][gaussian|pts=200|noise=0%] checkpoint saved at epoch=8499 -> outputs_refactor\full_matrix_rerun_20260214_112937\checkpoints\gaussian\inverse_pts_200_noise_0_last.pth
2026-02-14 11:34:34,479 | INFO | [Inverse][gaussian|pts=200|noise=0%] epoch=8499/11999 total=2.171e-03 pde=6.795e-04 bc=2.491e-05 data=1.243e-05 best=2.171e-03 lr=2.62e-04
2026-02-14 11:34:36,307 | INFO | [Inverse][gaussian|pts=200|noise=0%] epoch=8599/11999 total=2.119e-03 pde=6.631e-04 bc=2.462e-05 data=1.210e-05 best=2.119e-03 lr=2.62e-04
2026-02-14 11:34:38,141 | INFO | [Inverse][gaussian|pts=200|noise=0%] epoch=8699/11999 total=2.065e-03 pde=6.460e-04 bc=2.432e-05 data=1.176e-05 best=2.065e-03 lr=2.62e-04
2026-02-14 11:34:39,963 | INFO | [Inverse][gaussian|pts=200|noise=0%] epoch=8799/11999 total=2.010e-03 pde=6.282e-04 bc=2.402e-05 data=1.142e-05 best=2.010e-03 lr=2.62e-04
2026-02-14 11:34:41,778 | INFO | [Inverse][gaussian|pts=200|noise=0%] epoch=8899/11999 total=1.953e-03 pde=6.099e-04 bc=2.370e-05 data=1.107e-05 best=1.953e-03 lr=2.62e-04
2026-02-14 11:34:43,508 | INFO | [Inverse][gaussian|pts=200|noise=0%] checkpoint saved at epoch=8999 -> outputs_refactor\full_matrix_rerun_20260214_112937\checkpoints\gaussian\inverse_pts_200_noise_0_last.pth
2026-02-14 11:34:43,509 | INFO | [Inverse][gaussian|pts=200|noise=0%] epoch=8999/11999 total=2.037e-03 pde=5.976e-04 bc=2.071e-05 data=1.232e-05 best=1.899e-03 lr=2.62e-04
2026-02-14 11:34:45,018 | INFO | [Inverse][gaussian|pts=200|noise=0%] epoch=9099/11999 total=1.879e-03 pde=5.750e-04 bc=2.164e-05 data=1.088e-05 best=1.858e-03 lr=2.62e-04
2026-02-14 11:34:46,563 | INFO | [Inverse][gaussian|pts=200|noise=0%] epoch=9199/11999 total=1.792e-03 pde=5.553e-04 bc=2.359e-05 data=1.001e-05 best=1.787e-03 lr=2.62e-04
2026-02-14 11:34:48,050 | INFO | [Inverse][gaussian|pts=200|noise=0%] epoch=9299/11999 total=1.750e-03 pde=5.393e-04 bc=2.184e-05 data=9.927e-06 best=1.750e-03 lr=2.62e-04
2026-02-14 11:34:49,504 | INFO | [Inverse][gaussian|pts=200|noise=0%] epoch=9399/11999 total=1.693e-03 pde=5.226e-04 bc=2.275e-05 data=9.424e-06 best=1.686e-03 lr=2.62e-04
2026-02-14 11:34:51,000 | INFO | [Inverse][gaussian|pts=200|noise=0%] checkpoint saved at epoch=9499 -> outputs_refactor\full_matrix_rerun_20260214_112937\checkpoints\gaussian\inverse_pts_200_noise_0_last.pth
2026-02-14 11:34:51,000 | INFO | [Inverse][gaussian|pts=200|noise=0%] epoch=9499/11999 total=1.710e-03 pde=5.096e-04 bc=2.432e-05 data=9.575e-06 best=1.661e-03 lr=2.62e-04
2026-02-14 11:34:52,468 | INFO | [Inverse][gaussian|pts=200|noise=0%] epoch=9599/11999 total=1.734e-03 pde=4.988e-04 bc=2.031e-05 data=1.033e-05 best=1.598e-03 lr=2.62e-04
2026-02-14 11:34:53,903 | INFO | [Inverse][gaussian|pts=200|noise=0%] epoch=9699/11999 total=1.721e-03 pde=4.867e-04 bc=2.197e-05 data=1.014e-05 best=1.577e-03 lr=2.62e-04
2026-02-14 11:34:55,335 | INFO | [Inverse][gaussian|pts=200|noise=0%] epoch=9799/11999 total=1.564e-03 pde=4.700e-04 bc=2.333e-05 data=8.608e-06 best=1.531e-03 lr=2.62e-04
2026-02-14 11:34:56,823 | INFO | [Inverse][gaussian|pts=200|noise=0%] epoch=9899/11999 total=1.473e-03 pde=4.575e-04 bc=1.996e-05 data=8.155e-06 best=1.473e-03 lr=2.62e-04
2026-02-14 11:34:58,279 | INFO | [Inverse][gaussian|pts=200|noise=0%] checkpoint saved at epoch=9999 -> outputs_refactor\full_matrix_rerun_20260214_112937\checkpoints\gaussian\inverse_pts_200_noise_0_last.pth
2026-02-14 11:34:58,280 | INFO | [Inverse][gaussian|pts=200|noise=0%] epoch=9999/11999 total=1.525e-03 pde=4.498e-04 bc=2.541e-05 data=8.214e-06 best=1.441e-03 lr=2.62e-04
2026-02-14 11:34:59,733 | INFO | [Inverse][gaussian|pts=200|noise=0%] epoch=10099/11999 total=1.405e-03 pde=4.367e-04 bc=2.016e-05 data=7.670e-06 best=1.405e-03 lr=2.62e-04
2026-02-14 11:35:01,159 | INFO | [Inverse][gaussian|pts=200|noise=0%] epoch=10199/11999 total=1.407e-03 pde=4.284e-04 bc=2.031e-05 data=7.759e-06 best=1.401e-03 lr=2.62e-04
2026-02-14 11:35:02,636 | INFO | [Inverse][gaussian|pts=200|noise=0%] epoch=10299/11999 total=1.368e-03 pde=4.182e-04 bc=2.151e-05 data=7.348e-06 best=1.338e-03 lr=2.62e-04
2026-02-14 11:35:04,086 | INFO | [Inverse][gaussian|pts=200|noise=0%] epoch=10399/11999 total=1.379e-03 pde=4.115e-04 bc=2.064e-05 data=7.614e-06 best=1.313e-03 lr=2.62e-04
2026-02-14 11:35:05,517 | INFO | [Inverse][gaussian|pts=200|noise=0%] checkpoint saved at epoch=10499 -> outputs_refactor\full_matrix_rerun_20260214_112937\checkpoints\gaussian\inverse_pts_200_noise_0_last.pth
2026-02-14 11:35:05,518 | INFO | [Inverse][gaussian|pts=200|noise=0%] epoch=10499/11999 total=1.356e-03 pde=4.030e-04 bc=1.777e-05 data=7.757e-06 best=1.298e-03 lr=2.62e-04
2026-02-14 11:35:07,010 | INFO | [Inverse][gaussian|pts=200|noise=0%] epoch=10599/11999 total=1.247e-03 pde=3.915e-04 bc=1.866e-05 data=6.691e-06 best=1.246e-03 lr=2.62e-04
2026-02-14 11:35:08,448 | INFO | [Inverse][gaussian|pts=200|noise=0%] epoch=10699/11999 total=1.258e-03 pde=3.846e-04 bc=1.983e-05 data=6.746e-06 best=1.232e-03 lr=2.62e-04
2026-02-14 11:35:09,909 | INFO | [Inverse][gaussian|pts=200|noise=0%] epoch=10799/11999 total=1.359e-03 pde=3.818e-04 bc=1.835e-05 data=7.933e-06 best=1.229e-03 lr=2.62e-04
2026-02-14 11:35:11,451 | INFO | [Inverse][gaussian|pts=200|noise=0%] epoch=10899/11999 total=1.170e-03 pde=3.681e-04 bc=1.829e-05 data=6.194e-06 best=1.170e-03 lr=2.62e-04
2026-02-14 11:35:12,887 | INFO | [Inverse][gaussian|pts=200|noise=0%] checkpoint saved at epoch=10999 -> outputs_refactor\full_matrix_rerun_20260214_112937\checkpoints\gaussian\inverse_pts_200_noise_0_last.pth
2026-02-14 11:35:12,887 | INFO | [Inverse][gaussian|pts=200|noise=0%] epoch=10999/11999 total=1.257e-03 pde=3.648e-04 bc=1.784e-05 data=7.139e-06 best=1.165e-03 lr=2.62e-04
2026-02-14 11:35:14,358 | INFO | [Inverse][gaussian|pts=200|noise=0%] epoch=11099/11999 total=1.199e-03 pde=3.562e-04 bc=1.959e-05 data=6.466e-06 best=1.152e-03 lr=2.62e-04
2026-02-14 11:35:15,804 | INFO | [Inverse][gaussian|pts=200|noise=0%] epoch=11199/11999 total=1.122e-03 pde=3.477e-04 bc=1.761e-05 data=5.987e-06 best=1.121e-03 lr=2.62e-04
2026-02-14 11:35:17,287 | INFO | [Inverse][gaussian|pts=200|noise=0%] epoch=11299/11999 total=1.194e-03 pde=3.461e-04 bc=1.475e-05 data=7.006e-06 best=1.100e-03 lr=2.62e-04
2026-02-14 11:35:18,733 | INFO | [Inverse][gaussian|pts=200|noise=0%] epoch=11399/11999 total=1.124e-03 pde=3.355e-04 bc=1.797e-05 data=6.086e-06 best=1.086e-03 lr=2.62e-04
2026-02-14 11:35:20,234 | INFO | [Inverse][gaussian|pts=200|noise=0%] checkpoint saved at epoch=11499 -> outputs_refactor\full_matrix_rerun_20260214_112937\checkpoints\gaussian\inverse_pts_200_noise_0_last.pth
2026-02-14 11:35:20,235 | INFO | [Inverse][gaussian|pts=200|noise=0%] epoch=11499/11999 total=1.095e-03 pde=3.292e-04 bc=1.731e-05 data=5.931e-06 best=1.056e-03 lr=2.62e-04
2026-02-14 11:35:21,693 | INFO | [Inverse][gaussian|pts=200|noise=0%] epoch=11599/11999 total=1.076e-03 pde=3.216e-04 bc=1.751e-05 data=5.791e-06 best=1.031e-03 lr=2.62e-04
2026-02-14 11:35:23,132 | INFO | [Inverse][gaussian|pts=200|noise=0%] epoch=11699/11999 total=1.215e-03 pde=3.214e-04 bc=1.497e-05 data=7.439e-06 best=1.011e-03 lr=2.62e-04
2026-02-14 11:35:24,596 | INFO | [Inverse][gaussian|pts=200|noise=0%] epoch=11799/11999 total=9.914e-04 pde=3.080e-04 bc=1.640e-05 data=5.194e-06 best=9.891e-04 lr=2.62e-04
2026-02-14 11:35:26,075 | INFO | [Inverse][gaussian|pts=200|noise=0%] epoch=11899/11999 total=2.384e-03 pde=3.733e-04 bc=1.564e-05 data=1.855e-05 best=9.771e-04 lr=2.62e-04
2026-02-14 11:35:27,534 | INFO | [Inverse][gaussian|pts=200|noise=0%] checkpoint saved at epoch=11999 -> outputs_refactor\full_matrix_rerun_20260214_112937\checkpoints\gaussian\inverse_pts_200_noise_0_last.pth
2026-02-14 11:35:27,534 | INFO | [Inverse][gaussian|pts=200|noise=0%] epoch=11999/11999 total=9.694e-04 pde=3.080e-04 bc=1.563e-05 data=5.051e-06 best=9.620e-04 lr=2.62e-04
2026-02-14 11:35:28,119 | INFO | [Inverse][pts_200_noise_1] start training charge=gaussian points=200 noise=1%
2026-02-14 11:35:28,143 | INFO | [Inverse][gaussian|pts=200|noise=1%] epoch=0/11999 total=3.102e+01 pde=1.130e-01 bc=4.357e-01 data=2.655e-01 best=3.102e+01 lr=1.00e-03
2026-02-14 11:35:29,831 | INFO | [Inverse][gaussian|pts=200|noise=1%] epoch=99/11999 total=5.874e-01 pde=3.587e-01 bc=1.634e-03 data=2.123e-03 best=5.874e-01 lr=1.00e-03
2026-02-14 11:35:31,510 | INFO | [Inverse][gaussian|pts=200|noise=1%] epoch=199/11999 total=3.208e-01 pde=9.930e-02 bc=2.091e-03 data=2.006e-03 best=3.208e-01 lr=1.00e-03
2026-02-14 11:35:33,029 | INFO | [Inverse][gaussian|pts=200|noise=1%] epoch=299/11999 total=2.273e-01 pde=4.547e-02 bc=1.093e-03 data=1.709e-03 best=2.273e-01 lr=1.00e-03
2026-02-14 11:35:34,573 | INFO | [Inverse][gaussian|pts=200|noise=1%] epoch=399/11999 total=1.639e-01 pde=2.580e-02 bc=1.258e-03 data=1.255e-03 best=1.639e-01 lr=1.00e-03
2026-02-14 11:35:36,083 | INFO | [Inverse][gaussian|pts=200|noise=1%] checkpoint saved at epoch=499 -> outputs_refactor\full_matrix_rerun_20260214_112937\checkpoints\gaussian\inverse_pts_200_noise_1_last.pth
2026-02-14 11:35:36,084 | INFO | [Inverse][gaussian|pts=200|noise=1%] epoch=499/11999 total=1.474e-01 pde=2.021e-02 bc=1.364e-03 data=1.136e-03 best=1.347e-01 lr=1.00e-03
2026-02-14 11:35:37,531 | INFO | [Inverse][gaussian|pts=200|noise=1%] epoch=599/11999 total=1.281e-01 pde=2.078e-02 bc=1.078e-03 data=9.656e-04 best=1.168e-01 lr=1.00e-03
2026-02-14 11:35:39,118 | INFO | [Inverse][gaussian|pts=200|noise=1%] epoch=699/11999 total=1.061e-01 pde=2.051e-02 bc=8.100e-04 data=7.750e-04 best=1.041e-01 lr=1.00e-03
2026-02-14 11:35:40,725 | INFO | [Inverse][gaussian|pts=200|noise=1%] epoch=799/11999 total=9.710e-02 pde=1.920e-02 bc=7.423e-04 data=7.048e-04 best=9.307e-02 lr=1.00e-03
2026-02-14 11:35:42,201 | INFO | [Inverse][gaussian|pts=200|noise=1%] epoch=899/11999 total=8.720e-02 pde=1.796e-02 bc=5.599e-04 data=6.364e-04 best=8.570e-02 lr=1.00e-03
2026-02-14 11:35:43,718 | INFO | [Inverse][gaussian|pts=200|noise=1%] checkpoint saved at epoch=999 -> outputs_refactor\full_matrix_rerun_20260214_112937\checkpoints\gaussian\inverse_pts_200_noise_1_last.pth
2026-02-14 11:35:43,718 | INFO | [Inverse][gaussian|pts=200|noise=1%] epoch=999/11999 total=8.116e-02 pde=1.745e-02 bc=5.049e-04 data=5.866e-04 best=7.684e-02 lr=1.00e-03
2026-02-14 11:35:45,224 | INFO | [Inverse][gaussian|pts=200|noise=1%] epoch=1099/11999 total=8.945e-02 pde=1.686e-02 bc=5.217e-04 data=6.737e-04 best=6.819e-02 lr=1.00e-03
2026-02-14 11:35:46,691 | INFO | [Inverse][gaussian|pts=200|noise=1%] epoch=1199/11999 total=1.172e-01 pde=1.661e-02 bc=6.060e-04 data=9.455e-04 best=6.417e-02 lr=1.00e-03
2026-02-14 11:35:48,159 | INFO | [Inverse][gaussian|pts=200|noise=1%] epoch=1299/11999 total=1.291e-01 pde=1.657e-02 bc=1.288e-03 data=9.965e-04 best=6.286e-02 lr=1.00e-03
2026-02-14 11:35:49,564 | INFO | [Inverse][gaussian|pts=200|noise=1%] epoch=1399/11999 total=7.692e-02 pde=1.559e-02 bc=3.191e-04 data=5.814e-04 best=6.123e-02 lr=1.00e-03
2026-02-14 11:35:51,029 | INFO | [Inverse][gaussian|pts=200|noise=1%] checkpoint saved at epoch=1499 -> outputs_refactor\full_matrix_rerun_20260214_112937\checkpoints\gaussian\inverse_pts_200_noise_1_last.pth
2026-02-14 11:35:51,030 | INFO | [Inverse][gaussian|pts=200|noise=1%] epoch=1499/11999 total=5.433e-02 pde=1.368e-02 bc=1.602e-04 data=3.905e-04 best=5.315e-02 lr=1.00e-03
2026-02-14 11:35:52,440 | INFO | [Inverse][gaussian|pts=200|noise=1%] epoch=1599/11999 total=6.873e-02 pde=1.184e-02 bc=4.500e-04 data=5.239e-04 best=4.983e-02 lr=1.00e-03
2026-02-14 11:35:53,873 | INFO | [Inverse][gaussian|pts=200|noise=1%] epoch=1699/11999 total=4.914e-02 pde=1.131e-02 bc=2.344e-04 data=3.549e-04 best=4.412e-02 lr=1.00e-03
2026-02-14 11:35:55,305 | INFO | [Inverse][gaussian|pts=200|noise=1%] epoch=1799/11999 total=4.507e-02 pde=1.098e-02 bc=7.430e-05 data=3.334e-04 best=4.407e-02 lr=1.00e-03
2026-02-14 11:35:56,770 | INFO | [Inverse][gaussian|pts=200|noise=1%] epoch=1899/11999 total=4.137e-02 pde=1.044e-02 bc=7.231e-05 data=3.021e-04 best=3.980e-02 lr=1.00e-03
2026-02-14 11:35:58,240 | INFO | [Inverse][gaussian|pts=200|noise=1%] checkpoint saved at epoch=1999 -> outputs_refactor\full_matrix_rerun_20260214_112937\checkpoints\gaussian\inverse_pts_200_noise_1_last.pth
2026-02-14 11:35:58,240 | INFO | [Inverse][gaussian|pts=200|noise=1%] epoch=1999/11999 total=3.842e-02 pde=9.591e-03 bc=7.387e-05 data=2.809e-04 best=3.678e-02 lr=1.00e-03
2026-02-14 11:35:59,718 | INFO | [Inverse][gaussian|pts=200|noise=1%] epoch=2099/11999 total=3.569e-02 pde=8.546e-03 bc=7.824e-05 data=2.636e-04 best=3.249e-02 lr=1.00e-03
2026-02-14 11:36:01,180 | INFO | [Inverse][gaussian|pts=200|noise=1%] epoch=2199/11999 total=3.356e-02 pde=7.571e-03 bc=8.247e-05 data=2.517e-04 best=3.231e-02 lr=1.00e-03
2026-02-14 11:36:02,718 | INFO | [Inverse][gaussian|pts=200|noise=1%] epoch=2299/11999 total=3.052e-02 pde=6.659e-03 bc=9.080e-05 data=2.295e-04 best=2.948e-02 lr=1.00e-03
2026-02-14 11:36:04,243 | INFO | [Inverse][gaussian|pts=200|noise=1%] epoch=2399/11999 total=2.485e-02 pde=5.756e-03 bc=8.677e-05 data=1.823e-04 best=2.422e-02 lr=1.00e-03
2026-02-14 11:36:05,689 | INFO | [Inverse][gaussian|pts=200|noise=1%] checkpoint saved at epoch=2499 -> outputs_refactor\full_matrix_rerun_20260214_112937\checkpoints\gaussian\inverse_pts_200_noise_1_last.pth
2026-02-14 11:36:05,690 | INFO | [Inverse][gaussian|pts=200|noise=1%] epoch=2499/11999 total=2.370e-02 pde=4.857e-03 bc=8.670e-05 data=1.798e-04 best=2.293e-02 lr=1.00e-03
2026-02-14 11:36:07,173 | INFO | [Inverse][gaussian|pts=200|noise=1%] epoch=2599/11999 total=2.337e-02 pde=4.176e-03 bc=1.407e-04 data=1.779e-04 best=1.873e-02 lr=1.00e-03
2026-02-14 11:36:08,630 | INFO | [Inverse][gaussian|pts=200|noise=1%] epoch=2699/11999 total=1.577e-02 pde=3.463e-03 bc=5.868e-05 data=1.172e-04 best=1.577e-02 lr=1.00e-03
2026-02-14 11:36:10,068 | INFO | [Inverse][gaussian|pts=200|noise=1%] epoch=2799/11999 total=4.688e-02 pde=3.278e-03 bc=3.710e-04 data=3.989e-04 best=1.541e-02 lr=1.00e-03
2026-02-14 11:36:11,491 | INFO | [Inverse][gaussian|pts=200|noise=1%] epoch=2899/11999 total=2.879e-02 pde=3.415e-03 bc=1.948e-04 data=2.343e-04 best=1.480e-02 lr=1.00e-03
2026-02-14 11:36:12,914 | INFO | [Inverse][gaussian|pts=200|noise=1%] checkpoint saved at epoch=2999 -> outputs_refactor\full_matrix_rerun_20260214_112937\checkpoints\gaussian\inverse_pts_200_noise_1_last.pth
2026-02-14 11:36:12,914 | INFO | [Inverse][gaussian|pts=200|noise=1%] epoch=2999/11999 total=8.475e-02 pde=9.331e-03 bc=8.656e-04 data=6.676e-04 best=1.473e-02 lr=1.00e-03
2026-02-14 11:36:14,347 | INFO | [Inverse][gaussian|pts=200|noise=1%] epoch=3099/11999 total=4.343e-02 pde=2.608e-03 bc=4.093e-04 data=3.673e-04 best=1.388e-02 lr=1.00e-03
2026-02-14 11:36:15,766 | INFO | [Inverse][gaussian|pts=200|noise=1%] epoch=3199/11999 total=8.742e-02 pde=3.179e-03 bc=8.820e-04 data=7.542e-04 best=1.376e-02 lr=1.00e-03
2026-02-14 11:36:17,198 | INFO | [Inverse][gaussian|pts=200|noise=1%] epoch=3299/11999 total=3.000e-02 pde=2.392e-03 bc=2.508e-04 data=2.510e-04 best=1.332e-02 lr=1.00e-03
2026-02-14 11:36:18,650 | INFO | [Inverse][gaussian|pts=200|noise=1%] epoch=3399/11999 total=1.652e-02 pde=2.336e-03 bc=7.996e-05 data=1.339e-04 best=1.266e-02 lr=1.00e-03
2026-02-14 11:36:20,085 | INFO | [Inverse][gaussian|pts=200|noise=1%] checkpoint saved at epoch=3499 -> outputs_refactor\full_matrix_rerun_20260214_112937\checkpoints\gaussian\inverse_pts_200_noise_1_last.pth
2026-02-14 11:36:20,086 | INFO | [Inverse][gaussian|pts=200|noise=1%] epoch=3499/11999 total=1.957e-02 pde=2.384e-03 bc=2.269e-04 data=1.491e-04 best=1.206e-02 lr=1.00e-03
2026-02-14 11:36:21,558 | INFO | [Inverse][gaussian|pts=200|noise=1%] epoch=3599/11999 total=1.384e-02 pde=2.163e-03 bc=1.311e-04 data=1.037e-04 best=1.206e-02 lr=1.00e-03
2026-02-14 11:36:22,986 | INFO | [Inverse][gaussian|pts=200|noise=1%] epoch=3699/11999 total=1.631e-02 pde=2.079e-03 bc=1.055e-04 data=1.317e-04 best=1.085e-02 lr=1.00e-03
2026-02-14 11:36:24,441 | INFO | [Inverse][gaussian|pts=200|noise=1%] epoch=3799/11999 total=2.272e-02 pde=2.033e-03 bc=1.627e-04 data=1.906e-04 best=1.085e-02 lr=1.00e-03
2026-02-14 11:36:25,893 | INFO | [Inverse][gaussian|pts=200|noise=1%] epoch=3899/11999 total=1.910e-02 pde=1.845e-03 bc=1.768e-04 data=1.549e-04 best=9.830e-03 lr=1.00e-03
2026-02-14 11:36:27,327 | INFO | [Inverse][gaussian|pts=200|noise=1%] checkpoint saved at epoch=3999 -> outputs_refactor\full_matrix_rerun_20260214_112937\checkpoints\gaussian\inverse_pts_200_noise_1_last.pth
2026-02-14 11:36:27,328 | INFO | [Inverse][gaussian|pts=200|noise=1%] epoch=3999/11999 total=1.197e-02 pde=1.808e-03 bc=9.371e-05 data=9.222e-05 best=9.830e-03 lr=1.00e-03
2026-02-14 11:36:28,746 | INFO | [Inverse][gaussian|pts=200|noise=1%] epoch=4099/11999 total=1.336e-02 pde=1.757e-03 bc=1.177e-04 data=1.043e-04 best=9.830e-03 lr=1.00e-03
2026-02-14 11:36:30,162 | INFO | [Inverse][gaussian|pts=200|noise=1%] epoch=4199/11999 total=1.506e-02 pde=1.702e-03 bc=1.442e-04 data=1.191e-04 best=9.830e-03 lr=1.00e-03
2026-02-14 11:36:31,592 | INFO | [Inverse][gaussian|pts=200|noise=1%] epoch=4299/11999 total=1.301e-02 pde=1.639e-03 bc=1.209e-04 data=1.016e-04 best=9.830e-03 lr=1.00e-03
2026-02-14 11:36:33,021 | INFO | [Inverse][gaussian|pts=200|noise=1%] epoch=4399/11999 total=1.019e-02 pde=1.571e-03 bc=8.925e-05 data=7.726e-05 best=9.269e-03 lr=8.00e-04
2026-02-14 11:36:34,502 | INFO | [Inverse][gaussian|pts=200|noise=1%] checkpoint saved at epoch=4499 -> outputs_refactor\full_matrix_rerun_20260214_112937\checkpoints\gaussian\inverse_pts_200_noise_1_last.pth
2026-02-14 11:36:34,502 | INFO | [Inverse][gaussian|pts=200|noise=1%] epoch=4499/11999 total=1.077e-02 pde=1.507e-03 bc=1.032e-04 data=8.235e-05 best=8.794e-03 lr=8.00e-04
2026-02-14 11:36:35,932 | INFO | [Inverse][gaussian|pts=200|noise=1%] epoch=4599/11999 total=9.640e-03 pde=1.437e-03 bc=9.067e-05 data=7.296e-05 best=8.794e-03 lr=8.00e-04
2026-02-14 11:36:37,393 | INFO | [Inverse][gaussian|pts=200|noise=1%] epoch=4699/11999 total=1.015e-02 pde=1.369e-03 bc=1.020e-04 data=7.766e-05 best=8.531e-03 lr=8.00e-04
2026-02-14 11:36:38,888 | INFO | [Inverse][gaussian|pts=200|noise=1%] epoch=4799/11999 total=9.672e-03 pde=1.293e-03 bc=9.786e-05 data=7.400e-05 best=8.531e-03 lr=8.00e-04
2026-02-14 11:36:40,461 | INFO | [Inverse][gaussian|pts=200|noise=1%] epoch=4899/11999 total=8.448e-03 pde=1.214e-03 bc=8.195e-05 data=6.415e-05 best=8.008e-03 lr=8.00e-04
2026-02-14 11:36:42,051 | INFO | [Inverse][gaussian|pts=200|noise=1%] checkpoint saved at epoch=4999 -> outputs_refactor\full_matrix_rerun_20260214_112937\checkpoints\gaussian\inverse_pts_200_noise_1_last.pth
2026-02-14 11:36:42,051 | INFO | [Inverse][gaussian|pts=200|noise=1%] epoch=4999/11999 total=2.675e-02 pde=1.786e-03 bc=3.116e-04 data=2.185e-04 best=6.146e-03 lr=8.00e-04
2026-02-14 11:36:43,484 | INFO | [Inverse][gaussian|pts=200|noise=1%] epoch=5099/11999 total=1.142e-02 pde=1.233e-03 bc=1.365e-04 data=8.818e-05 best=6.146e-03 lr=8.00e-04
2026-02-14 11:36:44,947 | INFO | [Inverse][gaussian|pts=200|noise=1%] epoch=5199/11999 total=1.001e-02 pde=1.167e-03 bc=1.027e-04 data=7.813e-05 best=6.146e-03 lr=8.00e-04
2026-02-14 11:36:46,392 | INFO | [Inverse][gaussian|pts=200|noise=1%] epoch=5299/11999 total=8.997e-03 pde=1.089e-03 bc=8.266e-05 data=7.082e-05 best=6.146e-03 lr=8.00e-04
2026-02-14 11:36:47,820 | INFO | [Inverse][gaussian|pts=200|noise=1%] epoch=5399/11999 total=8.532e-03 pde=1.036e-03 bc=7.407e-05 data=6.756e-05 best=6.146e-03 lr=8.00e-04
2026-02-14 11:36:49,288 | INFO | [Inverse][gaussian|pts=200|noise=1%] checkpoint saved at epoch=5499 -> outputs_refactor\full_matrix_rerun_20260214_112937\checkpoints\gaussian\inverse_pts_200_noise_1_last.pth
2026-02-14 11:36:49,288 | INFO | [Inverse][gaussian|pts=200|noise=1%] epoch=5499/11999 total=7.083e-03 pde=9.712e-04 bc=6.338e-05 data=5.478e-05 best=6.146e-03 lr=6.40e-04
2026-02-14 11:36:50,741 | INFO | [Inverse][gaussian|pts=200|noise=1%] epoch=5599/11999 total=7.036e-03 pde=9.683e-04 bc=7.275e-05 data=5.340e-05 best=6.146e-03 lr=6.40e-04
2026-02-14 11:36:52,244 | INFO | [Inverse][gaussian|pts=200|noise=1%] epoch=5699/11999 total=8.086e-03 pde=1.024e-03 bc=9.262e-05 data=6.136e-05 best=5.183e-03 lr=6.40e-04
2026-02-14 11:36:53,689 | INFO | [Inverse][gaussian|pts=200|noise=1%] epoch=5799/11999 total=7.313e-03 pde=8.486e-04 bc=6.638e-05 data=5.801e-05 best=4.626e-03 lr=6.40e-04
2026-02-14 11:36:55,123 | INFO | [Inverse][gaussian|pts=200|noise=1%] epoch=5899/11999 total=6.539e-03 pde=8.137e-04 bc=5.233e-05 data=5.202e-05 best=4.626e-03 lr=6.40e-04
2026-02-14 11:36:56,555 | INFO | [Inverse][gaussian|pts=200|noise=1%] checkpoint saved at epoch=5999 -> outputs_refactor\full_matrix_rerun_20260214_112937\checkpoints\gaussian\inverse_pts_200_noise_1_last.pth
2026-02-14 11:36:56,555 | INFO | [Inverse][gaussian|pts=200|noise=1%] epoch=5999/11999 total=6.298e-03 pde=8.051e-04 bc=5.995e-05 data=4.894e-05 best=4.626e-03 lr=6.40e-04
2026-02-14 11:36:57,980 | INFO | [Inverse][gaussian|pts=200|noise=1%] epoch=6099/11999 total=6.268e-03 pde=7.963e-04 bc=6.485e-05 data=4.823e-05 best=4.626e-03 lr=6.40e-04
2026-02-14 11:36:59,402 | INFO | [Inverse][gaussian|pts=200|noise=1%] epoch=6199/11999 total=6.349e-03 pde=7.928e-04 bc=7.035e-05 data=4.853e-05 best=4.626e-03 lr=6.40e-04
2026-02-14 11:37:00,865 | INFO | [Inverse][gaussian|pts=200|noise=1%] epoch=6299/11999 total=5.583e-03 pde=7.698e-04 bc=6.078e-05 data=4.205e-05 best=4.379e-03 lr=5.12e-04
2026-02-14 11:37:02,349 | INFO | [Inverse][gaussian|pts=200|noise=1%] epoch=6399/11999 total=5.779e-03 pde=7.455e-04 bc=2.458e-05 data=4.788e-05 best=3.895e-03 lr=5.12e-04
2026-02-14 11:37:03,771 | INFO | [Inverse][gaussian|pts=200|noise=1%] checkpoint saved at epoch=6499 -> outputs_refactor\full_matrix_rerun_20260214_112937\checkpoints\gaussian\inverse_pts_200_noise_1_last.pth
2026-02-14 11:37:03,771 | INFO | [Inverse][gaussian|pts=200|noise=1%] epoch=6499/11999 total=5.477e-03 pde=7.310e-04 bc=2.652e-05 data=4.481e-05 best=3.895e-03 lr=5.12e-04
2026-02-14 11:37:05,201 | INFO | [Inverse][gaussian|pts=200|noise=1%] epoch=6599/11999 total=5.424e-03 pde=7.246e-04 bc=2.405e-05 data=4.459e-05 best=3.895e-03 lr=5.12e-04
2026-02-14 11:37:06,627 | INFO | [Inverse][gaussian|pts=200|noise=1%] epoch=6699/11999 total=4.965e-03 pde=7.145e-04 bc=2.471e-05 data=4.003e-05 best=3.895e-03 lr=5.12e-04
2026-02-14 11:37:08,047 | INFO | [Inverse][gaussian|pts=200|noise=1%] epoch=6799/11999 total=5.268e-03 pde=7.086e-04 bc=2.566e-05 data=4.303e-05 best=3.895e-03 lr=5.12e-04
2026-02-14 11:37:09,504 | INFO | [Inverse][gaussian|pts=200|noise=1%] epoch=6899/11999 total=4.312e-03 pde=6.922e-04 bc=2.323e-05 data=3.388e-05 best=3.792e-03 lr=4.10e-04
2026-02-14 11:37:11,063 | INFO | [Inverse][gaussian|pts=200|noise=1%] checkpoint saved at epoch=6999 -> outputs_refactor\full_matrix_rerun_20260214_112937\checkpoints\gaussian\inverse_pts_200_noise_1_last.pth
2026-02-14 11:37:11,063 | INFO | [Inverse][gaussian|pts=200|noise=1%] epoch=6999/11999 total=4.234e-03 pde=6.863e-04 bc=2.146e-05 data=3.333e-05 best=3.792e-03 lr=4.10e-04
2026-02-14 11:37:12,673 | INFO | [Inverse][gaussian|pts=200|noise=1%] epoch=7099/11999 total=4.422e-03 pde=6.812e-04 bc=2.141e-05 data=3.527e-05 best=3.651e-03 lr=4.10e-04
2026-02-14 11:37:14,289 | INFO | [Inverse][gaussian|pts=200|noise=1%] epoch=7199/11999 total=4.248e-03 pde=6.797e-04 bc=4.244e-05 data=3.144e-05 best=3.227e-03 lr=4.10e-04
2026-02-14 11:37:15,776 | INFO | [Inverse][gaussian|pts=200|noise=1%] epoch=7299/11999 total=4.824e-03 pde=7.299e-04 bc=5.327e-05 data=3.562e-05 best=3.227e-03 lr=4.10e-04
2026-02-14 11:37:17,251 | INFO | [Inverse][gaussian|pts=200|noise=1%] epoch=7399/11999 total=4.293e-03 pde=6.861e-04 bc=4.522e-05 data=3.154e-05 best=3.227e-03 lr=4.10e-04
2026-02-14 11:37:18,840 | INFO | [Inverse][gaussian|pts=200|noise=1%] checkpoint saved at epoch=7499 -> outputs_refactor\full_matrix_rerun_20260214_112937\checkpoints\gaussian\inverse_pts_200_noise_1_last.pth
2026-02-14 11:37:18,841 | INFO | [Inverse][gaussian|pts=200|noise=1%] epoch=7499/11999 total=4.297e-03 pde=6.750e-04 bc=4.324e-05 data=3.190e-05 best=3.227e-03 lr=4.10e-04
2026-02-14 11:37:20,248 | INFO | [Inverse][gaussian|pts=200|noise=1%] epoch=7599/11999 total=4.024e-03 pde=6.529e-04 bc=3.928e-05 data=2.978e-05 best=3.227e-03 lr=4.10e-04
2026-02-14 11:37:21,728 | INFO | [Inverse][gaussian|pts=200|noise=1%] epoch=7699/11999 total=3.587e-03 pde=6.310e-04 bc=3.682e-05 data=2.588e-05 best=3.227e-03 lr=3.28e-04
2026-02-14 11:37:23,259 | INFO | [Inverse][gaussian|pts=200|noise=1%] epoch=7799/11999 total=3.866e-03 pde=6.493e-04 bc=4.405e-05 data=2.776e-05 best=3.148e-03 lr=3.28e-04
2026-02-14 11:37:24,771 | INFO | [Inverse][gaussian|pts=200|noise=1%] epoch=7899/11999 total=3.625e-03 pde=6.294e-04 bc=4.155e-05 data=2.580e-05 best=3.078e-03 lr=3.28e-04
2026-02-14 11:37:26,254 | INFO | [Inverse][gaussian|pts=200|noise=1%] checkpoint saved at epoch=7999 -> outputs_refactor\full_matrix_rerun_20260214_112937\checkpoints\gaussian\inverse_pts_200_noise_1_last.pth
2026-02-14 11:37:26,255 | INFO | [Inverse][gaussian|pts=200|noise=1%] epoch=7999/11999 total=3.458e-03 pde=6.135e-04 bc=3.982e-05 data=2.447e-05 best=3.041e-03 lr=3.28e-04
2026-02-14 11:37:27,728 | INFO | [Inverse][gaussian|pts=200|noise=1%] epoch=8099/11999 total=2.850e-03 pde=5.639e-04 bc=2.756e-05 data=2.011e-05 best=2.850e-03 lr=3.28e-04
2026-02-14 11:37:29,184 | INFO | [Inverse][gaussian|pts=200|noise=1%] epoch=8199/11999 total=3.538e-03 pde=6.922e-04 bc=4.376e-05 data=2.408e-05 best=2.788e-03 lr=3.28e-04
2026-02-14 11:37:30,690 | INFO | [Inverse][gaussian|pts=200|noise=1%] epoch=8299/11999 total=3.335e-03 pde=5.554e-04 bc=4.332e-05 data=2.346e-05 best=2.788e-03 lr=3.28e-04
2026-02-14 11:37:32,222 | INFO | [Inverse][gaussian|pts=200|noise=1%] epoch=8399/11999 total=3.170e-03 pde=5.481e-04 bc=4.078e-05 data=2.214e-05 best=2.788e-03 lr=3.28e-04
2026-02-14 11:37:33,820 | INFO | [Inverse][gaussian|pts=200|noise=1%] checkpoint saved at epoch=8499 -> outputs_refactor\full_matrix_rerun_20260214_112937\checkpoints\gaussian\inverse_pts_200_noise_1_last.pth
2026-02-14 11:37:33,820 | INFO | [Inverse][gaussian|pts=200|noise=1%] epoch=8499/11999 total=3.032e-03 pde=5.407e-04 bc=3.862e-05 data=2.105e-05 best=2.788e-03 lr=3.28e-04
2026-02-14 11:37:35,300 | INFO | [Inverse][gaussian|pts=200|noise=1%] epoch=8599/11999 total=2.950e-03 pde=5.337e-04 bc=3.759e-05 data=2.040e-05 best=2.788e-03 lr=3.28e-04
2026-02-14 11:37:36,787 | INFO | [Inverse][gaussian|pts=200|noise=1%] epoch=8699/11999 total=2.884e-03 pde=5.263e-04 bc=3.672e-05 data=1.990e-05 best=2.645e-03 lr=2.62e-04
2026-02-14 11:37:38,286 | INFO | [Inverse][gaussian|pts=200|noise=1%] epoch=8799/11999 total=2.800e-03 pde=5.183e-04 bc=3.551e-05 data=1.927e-05 best=2.645e-03 lr=2.62e-04
2026-02-14 11:37:39,968 | INFO | [Inverse][gaussian|pts=200|noise=1%] epoch=8899/11999 total=2.722e-03 pde=5.100e-04 bc=3.441e-05 data=1.868e-05 best=2.645e-03 lr=2.62e-04
2026-02-14 11:37:41,573 | INFO | [Inverse][gaussian|pts=200|noise=1%] checkpoint saved at epoch=8999 -> outputs_refactor\full_matrix_rerun_20260214_112937\checkpoints\gaussian\inverse_pts_200_noise_1_last.pth
2026-02-14 11:37:41,574 | INFO | [Inverse][gaussian|pts=200|noise=1%] epoch=8999/11999 total=2.703e-03 pde=5.025e-04 bc=3.459e-05 data=1.854e-05 best=2.645e-03 lr=2.62e-04
2026-02-14 11:37:43,066 | INFO | [Inverse][gaussian|pts=200|noise=1%] epoch=9099/11999 total=3.444e-03 pde=4.949e-04 bc=4.570e-05 data=2.492e-05 best=2.446e-03 lr=2.62e-04
2026-02-14 11:37:44,517 | INFO | [Inverse][gaussian|pts=200|noise=1%] epoch=9199/11999 total=3.517e-03 pde=5.260e-04 bc=2.553e-05 data=2.736e-05 best=2.441e-03 lr=2.62e-04
2026-02-14 11:37:46,036 | INFO | [Inverse][gaussian|pts=200|noise=1%] epoch=9299/11999 total=2.369e-03 pde=4.740e-04 bc=2.647e-05 data=1.630e-05 best=2.369e-03 lr=2.62e-04
2026-02-14 11:37:47,588 | INFO | [Inverse][gaussian|pts=200|noise=1%] epoch=9399/11999 total=2.367e-03 pde=4.644e-04 bc=2.774e-05 data=1.626e-05 best=2.331e-03 lr=2.62e-04
2026-02-14 11:37:49,109 | INFO | [Inverse][gaussian|pts=200|noise=1%] checkpoint saved at epoch=9499 -> outputs_refactor\full_matrix_rerun_20260214_112937\checkpoints\gaussian\inverse_pts_200_noise_1_last.pth
2026-02-14 11:37:49,109 | INFO | [Inverse][gaussian|pts=200|noise=1%] epoch=9499/11999 total=2.301e-03 pde=4.543e-04 bc=2.542e-05 data=1.592e-05 best=2.284e-03 lr=2.62e-04
2026-02-14 11:37:50,637 | INFO | [Inverse][gaussian|pts=200|noise=1%] epoch=9599/11999 total=2.287e-03 pde=4.443e-04 bc=2.525e-05 data=1.590e-05 best=2.248e-03 lr=2.62e-04
2026-02-14 11:37:52,155 | INFO | [Inverse][gaussian|pts=200|noise=1%] epoch=9699/11999 total=2.240e-03 pde=4.335e-04 bc=2.519e-05 data=1.555e-05 best=2.196e-03 lr=2.62e-04
2026-02-14 11:37:53,763 | INFO | [Inverse][gaussian|pts=200|noise=1%] epoch=9799/11999 total=2.152e-03 pde=4.211e-04 bc=2.511e-05 data=1.480e-05 best=2.152e-03 lr=2.62e-04
2026-02-14 11:37:55,364 | INFO | [Inverse][gaussian|pts=200|noise=1%] epoch=9899/11999 total=2.103e-03 pde=4.097e-04 bc=2.483e-05 data=1.445e-05 best=2.103e-03 lr=2.62e-04
2026-02-14 11:37:56,939 | INFO | [Inverse][gaussian|pts=200|noise=1%] checkpoint saved at epoch=9999 -> outputs_refactor\full_matrix_rerun_20260214_112937\checkpoints\gaussian\inverse_pts_200_noise_1_last.pth
2026-02-14 11:37:56,939 | INFO | [Inverse][gaussian|pts=200|noise=1%] epoch=9999/11999 total=2.190e-03 pde=4.014e-04 bc=2.415e-05 data=1.547e-05 best=2.056e-03 lr=2.62e-04
2026-02-14 11:37:58,709 | INFO | [Inverse][gaussian|pts=200|noise=1%] epoch=10099/11999 total=2.157e-03 pde=3.930e-04 bc=2.814e-05 data=1.483e-05 best=2.033e-03 lr=2.62e-04
2026-02-14 11:38:00,563 | INFO | [Inverse][gaussian|pts=200|noise=1%] epoch=10199/11999 total=2.164e-03 pde=3.854e-04 bc=2.503e-05 data=1.528e-05 best=1.994e-03 lr=2.62e-04
2026-02-14 11:38:02,093 | INFO | [Inverse][gaussian|pts=200|noise=1%] epoch=10299/11999 total=1.980e-03 pde=3.691e-04 bc=2.394e-05 data=1.371e-05 best=1.941e-03 lr=2.62e-04
2026-02-14 11:38:03,655 | INFO | [Inverse][gaussian|pts=200|noise=1%] epoch=10399/11999 total=1.911e-03 pde=3.582e-04 bc=2.412e-05 data=1.312e-05 best=1.895e-03 lr=2.62e-04
2026-02-14 11:38:05,152 | INFO | [Inverse][gaussian|pts=200|noise=1%] checkpoint saved at epoch=10499 -> outputs_refactor\full_matrix_rerun_20260214_112937\checkpoints\gaussian\inverse_pts_200_noise_1_last.pth
2026-02-14 11:38:05,153 | INFO | [Inverse][gaussian|pts=200|noise=1%] epoch=10499/11999 total=1.989e-03 pde=3.503e-04 bc=2.811e-05 data=1.358e-05 best=1.873e-03 lr=2.62e-04
2026-02-14 11:38:06,707 | INFO | [Inverse][gaussian|pts=200|noise=1%] epoch=10599/11999 total=2.044e-03 pde=3.478e-04 bc=2.526e-05 data=1.444e-05 best=1.826e-03 lr=2.62e-04
2026-02-14 11:38:08,235 | INFO | [Inverse][gaussian|pts=200|noise=1%] epoch=10699/11999 total=1.040e-02 pde=7.458e-04 bc=1.344e-04 data=8.307e-05 best=1.779e-03 lr=2.62e-04
2026-02-14 11:38:09,731 | INFO | [Inverse][gaussian|pts=200|noise=1%] epoch=10799/11999 total=2.685e-03 pde=4.124e-04 bc=4.201e-05 data=1.852e-05 best=1.779e-03 lr=2.62e-04
2026-02-14 11:38:11,221 | INFO | [Inverse][gaussian|pts=200|noise=1%] epoch=10899/11999 total=5.652e-03 pde=4.145e-04 bc=4.020e-05 data=4.836e-05 best=1.779e-03 lr=2.62e-04
2026-02-14 11:38:12,707 | INFO | [Inverse][gaussian|pts=200|noise=1%] checkpoint saved at epoch=10999 -> outputs_refactor\full_matrix_rerun_20260214_112937\checkpoints\gaussian\inverse_pts_200_noise_1_last.pth
2026-02-14 11:38:12,707 | INFO | [Inverse][gaussian|pts=200|noise=1%] epoch=10999/11999 total=2.020e-03 pde=3.266e-04 bc=3.231e-05 data=1.370e-05 best=1.779e-03 lr=2.62e-04
2026-02-14 11:38:14,279 | INFO | [Inverse][gaussian|pts=200|noise=1%] epoch=11099/11999 total=2.496e-03 pde=3.390e-04 bc=4.047e-05 data=1.752e-05 best=1.779e-03 lr=2.62e-04
2026-02-14 11:38:15,879 | INFO | [Inverse][gaussian|pts=200|noise=1%] epoch=11199/11999 total=3.951e-03 pde=3.772e-04 bc=2.983e-05 data=3.275e-05 best=1.779e-03 lr=2.10e-04
2026-02-14 11:38:17,521 | INFO | [Inverse][gaussian|pts=200|noise=1%] epoch=11299/11999 total=1.698e-03 pde=3.082e-04 bc=2.352e-05 data=1.155e-05 best=1.698e-03 lr=2.10e-04
2026-02-14 11:38:19,414 | INFO | [Inverse][gaussian|pts=200|noise=1%] epoch=11399/11999 total=1.674e-03 pde=3.023e-04 bc=2.339e-05 data=1.138e-05 best=1.674e-03 lr=2.10e-04
2026-02-14 11:38:21,299 | INFO | [Inverse][gaussian|pts=200|noise=1%] checkpoint saved at epoch=11499 -> outputs_refactor\full_matrix_rerun_20260214_112937\checkpoints\gaussian\inverse_pts_200_noise_1_last.pth
2026-02-14 11:38:21,299 | INFO | [Inverse][gaussian|pts=200|noise=1%] epoch=11499/11999 total=1.650e-03 pde=2.962e-04 bc=2.320e-05 data=1.122e-05 best=1.650e-03 lr=2.10e-04
2026-02-14 11:38:23,037 | INFO | [Inverse][gaussian|pts=200|noise=1%] epoch=11599/11999 total=1.641e-03 pde=2.900e-04 bc=2.387e-05 data=1.113e-05 best=1.626e-03 lr=2.10e-04
2026-02-14 11:38:24,580 | INFO | [Inverse][gaussian|pts=200|noise=1%] epoch=11699/11999 total=1.612e-03 pde=2.839e-04 bc=2.253e-05 data=1.103e-05 best=1.603e-03 lr=2.10e-04
2026-02-14 11:38:26,089 | INFO | [Inverse][gaussian|pts=200|noise=1%] epoch=11799/11999 total=1.582e-03 pde=2.776e-04 bc=2.229e-05 data=1.081e-05 best=1.582e-03 lr=2.10e-04
2026-02-14 11:38:27,689 | INFO | [Inverse][gaussian|pts=200|noise=1%] epoch=11899/11999 total=1.670e-03 pde=2.731e-04 bc=2.173e-05 data=1.179e-05 best=1.557e-03 lr=2.10e-04
2026-02-14 11:38:29,178 | INFO | [Inverse][gaussian|pts=200|noise=1%] checkpoint saved at epoch=11999 -> outputs_refactor\full_matrix_rerun_20260214_112937\checkpoints\gaussian\inverse_pts_200_noise_1_last.pth
2026-02-14 11:38:29,178 | INFO | [Inverse][gaussian|pts=200|noise=1%] epoch=11999/11999 total=1.621e-03 pde=2.676e-04 bc=2.158e-05 data=1.137e-05 best=1.534e-03 lr=2.10e-04
2026-02-14 11:38:29,782 | INFO | [Inverse][pts_200_noise_2] start training charge=gaussian points=200 noise=2%
2026-02-14 11:38:29,805 | INFO | [Inverse][gaussian|pts=200|noise=2%] epoch=0/11999 total=1.520e+01 pde=1.379e-02 bc=1.554e-01 data=1.363e-01 best=1.520e+01 lr=1.00e-03
2026-02-14 11:38:31,605 | INFO | [Inverse][gaussian|pts=200|noise=2%] epoch=99/11999 total=5.420e-01 pde=2.450e-01 bc=1.578e-03 data=2.812e-03 best=5.395e-01 lr=1.00e-03
2026-02-14 11:38:33,356 | INFO | [Inverse][gaussian|pts=200|noise=2%] epoch=199/11999 total=3.445e-01 pde=1.008e-01 bc=1.168e-03 data=2.320e-03 best=3.391e-01 lr=1.00e-03
2026-02-14 11:38:35,076 | INFO | [Inverse][gaussian|pts=200|noise=2%] epoch=299/11999 total=2.319e-01 pde=4.212e-02 bc=1.020e-03 data=1.796e-03 best=2.319e-01 lr=1.00e-03
2026-02-14 11:38:36,774 | INFO | [Inverse][gaussian|pts=200|noise=2%] epoch=399/11999 total=1.781e-01 pde=2.366e-02 bc=1.559e-03 data=1.389e-03 best=1.658e-01 lr=1.00e-03
2026-02-14 11:38:38,356 | INFO | [Inverse][gaussian|pts=200|noise=2%] checkpoint saved at epoch=499 -> outputs_refactor\full_matrix_rerun_20260214_112937\checkpoints\gaussian\inverse_pts_200_noise_2_last.pth
2026-02-14 11:38:38,357 | INFO | [Inverse][gaussian|pts=200|noise=2%] epoch=499/11999 total=1.272e-01 pde=1.670e-02 bc=8.850e-04 data=1.017e-03 best=1.226e-01 lr=1.00e-03
2026-02-14 11:38:40,095 | INFO | [Inverse][gaussian|pts=200|noise=2%] epoch=599/11999 total=1.013e-01 pde=1.805e-02 bc=5.396e-04 data=7.784e-04 best=1.013e-01 lr=1.00e-03
2026-02-14 11:38:41,772 | INFO | [Inverse][gaussian|pts=200|noise=2%] epoch=699/11999 total=8.593e-02 pde=1.979e-02 bc=4.825e-04 data=6.131e-04 best=8.593e-02 lr=1.00e-03
2026-02-14 11:38:43,347 | INFO | [Inverse][gaussian|pts=200|noise=2%] epoch=799/11999 total=7.330e-02 pde=2.074e-02 bc=3.310e-04 data=4.925e-04 best=7.330e-02 lr=1.00e-03
2026-02-14 11:38:44,885 | INFO | [Inverse][gaussian|pts=200|noise=2%] epoch=899/11999 total=6.546e-02 pde=1.831e-02 bc=2.976e-04 data=4.417e-04 best=6.546e-02 lr=1.00e-03
2026-02-14 11:38:46,480 | INFO | [Inverse][gaussian|pts=200|noise=2%] checkpoint saved at epoch=999 -> outputs_refactor\full_matrix_rerun_20260214_112937\checkpoints\gaussian\inverse_pts_200_noise_2_last.pth
2026-02-14 11:38:46,481 | INFO | [Inverse][gaussian|pts=200|noise=2%] epoch=999/11999 total=5.448e-02 pde=1.520e-02 bc=2.139e-04 data=3.714e-04 best=5.448e-02 lr=1.00e-03
2026-02-14 11:38:48,037 | INFO | [Inverse][gaussian|pts=200|noise=2%] epoch=1099/11999 total=7.110e-02 pde=1.245e-02 bc=4.301e-04 data=5.436e-04 best=4.377e-02 lr=1.00e-03
2026-02-14 11:38:49,525 | INFO | [Inverse][gaussian|pts=200|noise=2%] epoch=1199/11999 total=4.481e-02 pde=1.111e-02 bc=1.892e-04 data=3.181e-04 best=3.899e-02 lr=1.00e-03
2026-02-14 11:38:51,037 | INFO | [Inverse][gaussian|pts=200|noise=2%] epoch=1299/11999 total=4.095e-02 pde=9.826e-03 bc=2.167e-04 data=2.896e-04 best=3.506e-02 lr=1.00e-03
2026-02-14 11:38:52,532 | INFO | [Inverse][gaussian|pts=200|noise=2%] epoch=1399/11999 total=3.511e-02 pde=8.935e-03 bc=1.651e-04 data=2.453e-04 best=3.358e-02 lr=1.00e-03
2026-02-14 11:38:54,142 | INFO | [Inverse][gaussian|pts=200|noise=2%] checkpoint saved at epoch=1499 -> outputs_refactor\full_matrix_rerun_20260214_112937\checkpoints\gaussian\inverse_pts_200_noise_2_last.pth
2026-02-14 11:38:54,142 | INFO | [Inverse][gaussian|pts=200|noise=2%] epoch=1499/11999 total=2.958e-02 pde=7.981e-03 bc=1.302e-04 data=2.030e-04 best=2.886e-02 lr=1.00e-03
2026-02-14 11:38:55,722 | INFO | [Inverse][gaussian|pts=200|noise=2%] epoch=1599/11999 total=3.804e-02 pde=7.040e-03 bc=2.414e-04 data=2.859e-04 best=2.321e-02 lr=1.00e-03
2026-02-14 11:38:57,230 | INFO | [Inverse][gaussian|pts=200|noise=2%] epoch=1699/11999 total=2.696e-02 pde=6.372e-03 bc=1.390e-04 data=1.920e-04 best=2.156e-02 lr=1.00e-03
2026-02-14 11:38:58,674 | INFO | [Inverse][gaussian|pts=200|noise=2%] epoch=1799/11999 total=2.522e-02 pde=5.681e-03 bc=1.410e-04 data=1.813e-04 best=2.058e-02 lr=1.00e-03
2026-02-14 11:39:00,184 | INFO | [Inverse][gaussian|pts=200|noise=2%] epoch=1899/11999 total=2.323e-02 pde=5.048e-03 bc=1.405e-04 data=1.677e-04 best=1.868e-02 lr=1.00e-03
2026-02-14 11:39:01,635 | INFO | [Inverse][gaussian|pts=200|noise=2%] checkpoint saved at epoch=1999 -> outputs_refactor\full_matrix_rerun_20260214_112937\checkpoints\gaussian\inverse_pts_200_noise_2_last.pth
2026-02-14 11:39:01,635 | INFO | [Inverse][gaussian|pts=200|noise=2%] epoch=1999/11999 total=1.588e-02 pde=4.512e-03 bc=8.007e-05 data=1.057e-04 best=1.560e-02 lr=1.00e-03
2026-02-14 11:39:03,136 | INFO | [Inverse][gaussian|pts=200|noise=2%] epoch=2099/11999 total=2.155e-02 pde=3.972e-03 bc=1.864e-04 data=1.571e-04 best=1.462e-02 lr=1.00e-03
2026-02-14 11:39:04,632 | INFO | [Inverse][gaussian|pts=200|noise=2%] epoch=2199/11999 total=1.811e-02 pde=3.573e-03 bc=1.522e-04 data=1.302e-04 best=1.462e-02 lr=1.00e-03
2026-02-14 11:39:06,084 | INFO | [Inverse][gaussian|pts=200|noise=2%] epoch=2299/11999 total=1.666e-02 pde=3.224e-03 bc=1.545e-04 data=1.189e-04 best=1.462e-02 lr=1.00e-03
2026-02-14 11:39:07,574 | INFO | [Inverse][gaussian|pts=200|noise=2%] epoch=2399/11999 total=1.508e-02 pde=2.918e-03 bc=1.457e-04 data=1.070e-04 best=1.462e-02 lr=1.00e-03
2026-02-14 11:39:09,138 | INFO | [Inverse][gaussian|pts=200|noise=2%] checkpoint saved at epoch=2499 -> outputs_refactor\full_matrix_rerun_20260214_112937\checkpoints\gaussian\inverse_pts_200_noise_2_last.pth
2026-02-14 11:39:09,138 | INFO | [Inverse][gaussian|pts=200|noise=2%] epoch=2499/11999 total=1.204e-02 pde=2.627e-03 bc=1.053e-04 data=8.363e-05 best=1.204e-02 lr=1.00e-03
2026-02-14 11:39:10,682 | INFO | [Inverse][gaussian|pts=200|noise=2%] epoch=2599/11999 total=2.307e-02 pde=5.382e-03 bc=2.448e-04 data=1.524e-04 best=1.040e-02 lr=1.00e-03
2026-02-14 11:39:12,176 | INFO | [Inverse][gaussian|pts=200|noise=2%] epoch=2699/11999 total=3.963e-02 pde=2.466e-03 bc=2.761e-04 data=3.440e-04 best=1.040e-02 lr=1.00e-03
2026-02-14 11:39:13,660 | INFO | [Inverse][gaussian|pts=200|noise=2%] epoch=2799/11999 total=1.207e-02 pde=2.183e-03 bc=1.236e-04 data=8.654e-05 best=1.040e-02 lr=1.00e-03
2026-02-14 11:39:15,137 | INFO | [Inverse][gaussian|pts=200|noise=2%] epoch=2899/11999 total=1.299e-02 pde=2.127e-03 bc=7.116e-05 data=1.015e-04 best=1.040e-02 lr=1.00e-03
2026-02-14 11:39:16,675 | INFO | [Inverse][gaussian|pts=200|noise=2%] checkpoint saved at epoch=2999 -> outputs_refactor\full_matrix_rerun_20260214_112937\checkpoints\gaussian\inverse_pts_200_noise_2_last.pth
2026-02-14 11:39:16,676 | INFO | [Inverse][gaussian|pts=200|noise=2%] epoch=2999/11999 total=2.396e-02 pde=3.629e-03 bc=3.088e-04 data=1.725e-04 best=8.900e-03 lr=1.00e-03
2026-02-14 11:39:18,208 | INFO | [Inverse][gaussian|pts=200|noise=2%] epoch=3099/11999 total=7.239e-02 pde=3.659e-03 bc=9.594e-04 data=5.913e-04 best=8.900e-03 lr=1.00e-03
2026-02-14 11:39:19,744 | INFO | [Inverse][gaussian|pts=200|noise=2%] epoch=3199/11999 total=1.209e-02 pde=1.873e-03 bc=7.569e-05 data=9.458e-05 best=8.900e-03 lr=1.00e-03
2026-02-14 11:39:21,233 | INFO | [Inverse][gaussian|pts=200|noise=2%] epoch=3299/11999 total=1.430e-02 pde=1.855e-03 bc=8.787e-05 data=1.157e-04 best=8.646e-03 lr=1.00e-03
2026-02-14 11:39:22,711 | INFO | [Inverse][gaussian|pts=200|noise=2%] epoch=3399/11999 total=1.304e-02 pde=1.810e-03 bc=1.685e-04 data=9.542e-05 best=8.646e-03 lr=1.00e-03
2026-02-14 11:39:24,213 | INFO | [Inverse][gaussian|pts=200|noise=2%] checkpoint saved at epoch=3499 -> outputs_refactor\full_matrix_rerun_20260214_112937\checkpoints\gaussian\inverse_pts_200_noise_2_last.pth
2026-02-14 11:39:24,213 | INFO | [Inverse][gaussian|pts=200|noise=2%] epoch=3499/11999 total=1.210e-02 pde=1.758e-03 bc=1.555e-04 data=8.788e-05 best=8.646e-03 lr=1.00e-03
2026-02-14 11:39:25,706 | INFO | [Inverse][gaussian|pts=200|noise=2%] epoch=3599/11999 total=1.144e-02 pde=1.706e-03 bc=1.468e-04 data=8.264e-05 best=8.646e-03 lr=1.00e-03
2026-02-14 11:39:27,186 | INFO | [Inverse][gaussian|pts=200|noise=2%] epoch=3699/11999 total=1.015e-02 pde=1.638e-03 bc=1.180e-04 data=7.328e-05 best=8.646e-03 lr=1.00e-03
2026-02-14 11:39:28,686 | INFO | [Inverse][gaussian|pts=200|noise=2%] epoch=3799/11999 total=2.317e-02 pde=1.682e-03 bc=3.114e-04 data=1.838e-04 best=7.874e-03 lr=8.00e-04
2026-02-14 11:39:30,211 | INFO | [Inverse][gaussian|pts=200|noise=2%] epoch=3899/11999 total=1.041e-02 pde=1.547e-03 bc=9.303e-05 data=7.932e-05 best=7.777e-03 lr=8.00e-04
2026-02-14 11:39:31,687 | INFO | [Inverse][gaussian|pts=200|noise=2%] checkpoint saved at epoch=3999 -> outputs_refactor\full_matrix_rerun_20260214_112937\checkpoints\gaussian\inverse_pts_200_noise_2_last.pth
2026-02-14 11:39:31,687 | INFO | [Inverse][gaussian|pts=200|noise=2%] epoch=3999/11999 total=1.141e-02 pde=1.536e-03 bc=1.157e-04 data=8.721e-05 best=7.777e-03 lr=8.00e-04
2026-02-14 11:39:33,165 | INFO | [Inverse][gaussian|pts=200|noise=2%] epoch=4099/11999 total=1.148e-02 pde=1.514e-03 bc=1.166e-04 data=8.801e-05 best=7.777e-03 lr=8.00e-04
2026-02-14 11:39:34,619 | INFO | [Inverse][gaussian|pts=200|noise=2%] epoch=4199/11999 total=1.168e-02 pde=1.487e-03 bc=1.183e-04 data=9.013e-05 best=7.777e-03 lr=8.00e-04
2026-02-14 11:39:36,102 | INFO | [Inverse][gaussian|pts=200|noise=2%] epoch=4299/11999 total=1.058e-02 pde=1.452e-03 bc=1.023e-04 data=8.103e-05 best=7.777e-03 lr=8.00e-04
2026-02-14 11:39:37,554 | INFO | [Inverse][gaussian|pts=200|noise=2%] epoch=4399/11999 total=8.966e-03 pde=1.421e-03 bc=8.706e-05 data=6.674e-05 best=7.777e-03 lr=6.40e-04
2026-02-14 11:39:39,161 | INFO | [Inverse][gaussian|pts=200|noise=2%] checkpoint saved at epoch=4499 -> outputs_refactor\full_matrix_rerun_20260214_112937\checkpoints\gaussian\inverse_pts_200_noise_2_last.pth
2026-02-14 11:39:39,162 | INFO | [Inverse][gaussian|pts=200|noise=2%] epoch=4499/11999 total=8.966e-03 pde=1.405e-03 bc=1.012e-04 data=6.548e-05 best=7.777e-03 lr=6.40e-04
2026-02-14 11:39:40,873 | INFO | [Inverse][gaussian|pts=200|noise=2%] epoch=4599/11999 total=1.001e-02 pde=1.389e-03 bc=1.200e-04 data=7.419e-05 best=7.228e-03 lr=6.40e-04
2026-02-14 11:39:42,426 | INFO | [Inverse][gaussian|pts=200|noise=2%] epoch=4699/11999 total=8.410e-03 pde=1.346e-03 bc=9.841e-05 data=6.080e-05 best=7.228e-03 lr=6.40e-04
2026-02-14 11:39:43,917 | INFO | [Inverse][gaussian|pts=200|noise=2%] epoch=4799/11999 total=8.770e-03 pde=1.307e-03 bc=9.884e-05 data=6.474e-05 best=7.228e-03 lr=6.40e-04
2026-02-14 11:39:45,481 | INFO | [Inverse][gaussian|pts=200|noise=2%] epoch=4899/11999 total=7.311e-03 pde=1.255e-03 bc=6.947e-05 data=5.362e-05 best=6.557e-03 lr=6.40e-04
2026-02-14 11:39:47,011 | INFO | [Inverse][gaussian|pts=200|noise=2%] checkpoint saved at epoch=4999 -> outputs_refactor\full_matrix_rerun_20260214_112937\checkpoints\gaussian\inverse_pts_200_noise_2_last.pth
2026-02-14 11:39:47,011 | INFO | [Inverse][gaussian|pts=200|noise=2%] epoch=4999/11999 total=2.097e-02 pde=1.167e-02 bc=1.209e-04 data=8.096e-05 best=6.264e-03 lr=6.40e-04
2026-02-14 11:39:48,526 | INFO | [Inverse][gaussian|pts=200|noise=2%] epoch=5099/11999 total=8.402e-03 pde=1.218e-03 bc=5.486e-05 data=6.635e-05 best=6.264e-03 lr=6.40e-04
2026-02-14 11:39:50,071 | INFO | [Inverse][gaussian|pts=200|noise=2%] epoch=5199/11999 total=8.571e-03 pde=1.190e-03 bc=7.534e-05 data=6.628e-05 best=6.264e-03 lr=6.40e-04
2026-02-14 11:39:51,559 | INFO | [Inverse][gaussian|pts=200|noise=2%] epoch=5299/11999 total=8.551e-03 pde=1.170e-03 bc=7.750e-05 data=6.606e-05 best=6.264e-03 lr=6.40e-04
2026-02-14 11:39:53,065 | INFO | [Inverse][gaussian|pts=200|noise=2%] epoch=5399/11999 total=8.110e-03 pde=1.152e-03 bc=6.936e-05 data=6.264e-05 best=6.264e-03 lr=6.40e-04
2026-02-14 11:39:54,567 | INFO | [Inverse][gaussian|pts=200|noise=2%] checkpoint saved at epoch=5499 -> outputs_refactor\full_matrix_rerun_20260214_112937\checkpoints\gaussian\inverse_pts_200_noise_2_last.pth
2026-02-14 11:39:54,568 | INFO | [Inverse][gaussian|pts=200|noise=2%] epoch=5499/11999 total=7.800e-03 pde=1.140e-03 bc=5.927e-05 data=6.067e-05 best=6.264e-03 lr=5.12e-04
2026-02-14 11:39:56,081 | INFO | [Inverse][gaussian|pts=200|noise=2%] epoch=5599/11999 total=7.201e-03 pde=1.121e-03 bc=5.504e-05 data=5.530e-05 best=6.264e-03 lr=5.12e-04
2026-02-14 11:39:57,611 | INFO | [Inverse][gaussian|pts=200|noise=2%] epoch=5699/11999 total=7.024e-03 pde=1.105e-03 bc=5.245e-05 data=5.395e-05 best=6.264e-03 lr=5.12e-04
2026-02-14 11:39:59,122 | INFO | [Inverse][gaussian|pts=200|noise=2%] epoch=5799/11999 total=6.874e-03 pde=1.091e-03 bc=4.717e-05 data=5.311e-05 best=6.264e-03 lr=5.12e-04
2026-02-14 11:40:00,640 | INFO | [Inverse][gaussian|pts=200|noise=2%] epoch=5899/11999 total=7.015e-03 pde=1.081e-03 bc=4.377e-05 data=5.496e-05 best=6.259e-03 lr=5.12e-04
2026-02-14 11:40:02,250 | INFO | [Inverse][gaussian|pts=200|noise=2%] checkpoint saved at epoch=5999 -> outputs_refactor\full_matrix_rerun_20260214_112937\checkpoints\gaussian\inverse_pts_200_noise_2_last.pth
2026-02-14 11:40:02,251 | INFO | [Inverse][gaussian|pts=200|noise=2%] epoch=5999/11999 total=7.369e-03 pde=1.072e-03 bc=4.414e-05 data=5.855e-05 best=5.872e-03 lr=5.12e-04
2026-02-14 11:40:03,789 | INFO | [Inverse][gaussian|pts=200|noise=2%] epoch=6099/11999 total=6.690e-03 pde=1.047e-03 bc=4.087e-05 data=5.234e-05 best=5.743e-03 lr=5.12e-04
2026-02-14 11:40:05,279 | INFO | [Inverse][gaussian|pts=200|noise=2%] epoch=6199/11999 total=6.622e-03 pde=1.032e-03 bc=4.001e-05 data=5.190e-05 best=5.743e-03 lr=5.12e-04
2026-02-14 11:40:06,770 | INFO | [Inverse][gaussian|pts=200|noise=2%] epoch=6299/11999 total=6.487e-03 pde=1.015e-03 bc=3.924e-05 data=5.079e-05 best=5.743e-03 lr=5.12e-04
2026-02-14 11:40:08,269 | INFO | [Inverse][gaussian|pts=200|noise=2%] epoch=6399/11999 total=6.247e-03 pde=9.964e-04 bc=3.824e-05 data=4.868e-05 best=5.743e-03 lr=5.12e-04
2026-02-14 11:40:09,815 | INFO | [Inverse][gaussian|pts=200|noise=2%] checkpoint saved at epoch=6499 -> outputs_refactor\full_matrix_rerun_20260214_112937\checkpoints\gaussian\inverse_pts_200_noise_2_last.pth
2026-02-14 11:40:09,816 | INFO | [Inverse][gaussian|pts=200|noise=2%] epoch=6499/11999 total=5.934e-03 pde=9.752e-04 bc=3.730e-05 data=4.586e-05 best=5.743e-03 lr=5.12e-04
2026-02-14 11:40:11,330 | INFO | [Inverse][gaussian|pts=200|noise=2%] epoch=6599/11999 total=5.495e-03 pde=9.420e-04 bc=4.634e-05 data=4.089e-05 best=5.421e-03 lr=5.12e-04
2026-02-14 11:40:12,785 | INFO | [Inverse][gaussian|pts=200|noise=2%] epoch=6699/11999 total=6.823e-03 pde=9.462e-04 bc=9.249e-05 data=4.952e-05 best=5.195e-03 lr=5.12e-04
2026-02-14 11:40:14,240 | INFO | [Inverse][gaussian|pts=200|noise=2%] epoch=6799/11999 total=6.877e-03 pde=9.550e-04 bc=9.555e-05 data=4.966e-05 best=4.980e-03 lr=5.12e-04
2026-02-14 11:40:15,682 | INFO | [Inverse][gaussian|pts=200|noise=2%] epoch=6899/11999 total=5.323e-03 pde=9.132e-04 bc=6.593e-05 data=3.750e-05 best=4.980e-03 lr=5.12e-04
2026-02-14 11:40:17,097 | INFO | [Inverse][gaussian|pts=200|noise=2%] checkpoint saved at epoch=6999 -> outputs_refactor\full_matrix_rerun_20260214_112937\checkpoints\gaussian\inverse_pts_200_noise_2_last.pth
2026-02-14 11:40:17,097 | INFO | [Inverse][gaussian|pts=200|noise=2%] epoch=6999/11999 total=5.800e-03 pde=9.089e-04 bc=7.372e-05 data=4.154e-05 best=4.901e-03 lr=5.12e-04
2026-02-14 11:40:18,527 | INFO | [Inverse][gaussian|pts=200|noise=2%] epoch=7099/11999 total=7.440e-03 pde=8.910e-04 bc=5.361e-05 data=6.013e-05 best=4.694e-03 lr=5.12e-04
2026-02-14 11:40:19,954 | INFO | [Inverse][gaussian|pts=200|noise=2%] epoch=7199/11999 total=5.522e-03 pde=8.697e-04 bc=4.425e-05 data=4.210e-05 best=4.694e-03 lr=5.12e-04
2026-02-14 11:40:21,380 | INFO | [Inverse][gaussian|pts=200|noise=2%] epoch=7299/11999 total=5.351e-03 pde=8.572e-04 bc=4.291e-05 data=4.064e-05 best=4.694e-03 lr=5.12e-04
2026-02-14 11:40:22,798 | INFO | [Inverse][gaussian|pts=200|noise=2%] epoch=7399/11999 total=4.867e-03 pde=8.422e-04 bc=4.116e-05 data=3.613e-05 best=4.694e-03 lr=5.12e-04
2026-02-14 11:40:24,212 | INFO | [Inverse][gaussian|pts=200|noise=2%] checkpoint saved at epoch=7499 -> outputs_refactor\full_matrix_rerun_20260214_112937\checkpoints\gaussian\inverse_pts_200_noise_2_last.pth
2026-02-14 11:40:24,212 | INFO | [Inverse][gaussian|pts=200|noise=2%] epoch=7499/11999 total=5.032e-03 pde=8.332e-04 bc=4.421e-05 data=3.756e-05 best=4.694e-03 lr=5.12e-04
2026-02-14 11:40:25,625 | INFO | [Inverse][gaussian|pts=200|noise=2%] epoch=7599/11999 total=5.162e-03 pde=8.237e-04 bc=4.463e-05 data=3.892e-05 best=4.694e-03 lr=4.10e-04
2026-02-14 11:40:27,036 | INFO | [Inverse][gaussian|pts=200|noise=2%] epoch=7699/11999 total=4.666e-03 pde=8.091e-04 bc=4.104e-05 data=3.447e-05 best=4.511e-03 lr=4.10e-04
2026-02-14 11:40:28,451 | INFO | [Inverse][gaussian|pts=200|noise=2%] epoch=7799/11999 total=4.607e-03 pde=7.995e-04 bc=3.755e-05 data=3.432e-05 best=4.511e-03 lr=4.10e-04
2026-02-14 11:40:29,894 | INFO | [Inverse][gaussian|pts=200|noise=2%] epoch=7899/11999 total=4.460e-03 pde=7.925e-04 bc=3.185e-05 data=3.349e-05 best=4.460e-03 lr=4.10e-04
2026-02-14 11:40:31,410 | INFO | [Inverse][gaussian|pts=200|noise=2%] checkpoint saved at epoch=7999 -> outputs_refactor\full_matrix_rerun_20260214_112937\checkpoints\gaussian\inverse_pts_200_noise_2_last.pth
2026-02-14 11:40:31,411 | INFO | [Inverse][gaussian|pts=200|noise=2%] epoch=7999/11999 total=3.987e-03 pde=7.761e-04 bc=3.136e-05 data=2.897e-05 best=3.987e-03 lr=4.10e-04
2026-02-14 11:40:32,840 | INFO | [Inverse][gaussian|pts=200|noise=2%] epoch=8099/11999 total=4.364e-03 pde=7.776e-04 bc=2.826e-05 data=3.303e-05 best=3.935e-03 lr=4.10e-04
2026-02-14 11:40:34,254 | INFO | [Inverse][gaussian|pts=200|noise=2%] epoch=8199/11999 total=4.074e-03 pde=7.631e-04 bc=2.797e-05 data=3.031e-05 best=3.866e-03 lr=4.10e-04
2026-02-14 11:40:35,675 | INFO | [Inverse][gaussian|pts=200|noise=2%] epoch=8299/11999 total=3.956e-03 pde=7.520e-04 bc=2.744e-05 data=2.930e-05 best=3.814e-03 lr=4.10e-04
2026-02-14 11:40:37,101 | INFO | [Inverse][gaussian|pts=200|noise=2%] epoch=8399/11999 total=4.037e-03 pde=7.467e-04 bc=2.601e-05 data=3.030e-05 best=3.756e-03 lr=4.10e-04
2026-02-14 11:40:38,582 | INFO | [Inverse][gaussian|pts=200|noise=2%] checkpoint saved at epoch=8499 -> outputs_refactor\full_matrix_rerun_20260214_112937\checkpoints\gaussian\inverse_pts_200_noise_2_last.pth
2026-02-14 11:40:38,582 | INFO | [Inverse][gaussian|pts=200|noise=2%] epoch=8499/11999 total=3.864e-03 pde=7.429e-04 bc=2.577e-05 data=2.864e-05 best=3.683e-03 lr=4.10e-04
2026-02-14 11:40:40,133 | INFO | [Inverse][gaussian|pts=200|noise=2%] epoch=8599/11999 total=3.876e-03 pde=7.233e-04 bc=2.487e-05 data=2.904e-05 best=3.683e-03 lr=4.10e-04
2026-02-14 11:40:41,622 | INFO | [Inverse][gaussian|pts=200|noise=2%] epoch=8699/11999 total=4.842e-03 pde=7.330e-04 bc=3.342e-05 data=3.775e-05 best=3.426e-03 lr=4.10e-04
2026-02-14 11:40:43,043 | INFO | [Inverse][gaussian|pts=200|noise=2%] epoch=8799/11999 total=4.620e-03 pde=7.229e-04 bc=3.798e-05 data=3.517e-05 best=3.426e-03 lr=4.10e-04
2026-02-14 11:40:44,453 | INFO | [Inverse][gaussian|pts=200|noise=2%] epoch=8899/11999 total=4.379e-03 pde=7.081e-04 bc=3.681e-05 data=3.303e-05 best=3.426e-03 lr=4.10e-04
2026-02-14 11:40:45,874 | INFO | [Inverse][gaussian|pts=200|noise=2%] checkpoint saved at epoch=8999 -> outputs_refactor\full_matrix_rerun_20260214_112937\checkpoints\gaussian\inverse_pts_200_noise_2_last.pth
2026-02-14 11:40:45,875 | INFO | [Inverse][gaussian|pts=200|noise=2%] epoch=8999/11999 total=4.225e-03 pde=6.932e-04 bc=3.737e-05 data=3.158e-05 best=3.426e-03 lr=4.10e-04
2026-02-14 11:40:47,323 | INFO | [Inverse][gaussian|pts=200|noise=2%] epoch=9099/11999 total=3.959e-03 pde=6.801e-04 bc=3.644e-05 data=2.914e-05 best=3.426e-03 lr=4.10e-04
2026-02-14 11:40:48,743 | INFO | [Inverse][gaussian|pts=200|noise=2%] epoch=9199/11999 total=3.749e-03 pde=6.698e-04 bc=3.576e-05 data=2.722e-05 best=3.426e-03 lr=3.28e-04
2026-02-14 11:40:50,138 | INFO | [Inverse][gaussian|pts=200|noise=2%] epoch=9299/11999 total=3.652e-03 pde=6.619e-04 bc=3.586e-05 data=2.632e-05 best=3.426e-03 lr=3.28e-04
2026-02-14 11:40:51,554 | INFO | [Inverse][gaussian|pts=200|noise=2%] epoch=9399/11999 total=3.625e-03 pde=6.555e-04 bc=3.488e-05 data=2.621e-05 best=3.426e-03 lr=3.28e-04
2026-02-14 11:40:52,965 | INFO | [Inverse][gaussian|pts=200|noise=2%] checkpoint saved at epoch=9499 -> outputs_refactor\full_matrix_rerun_20260214_112937\checkpoints\gaussian\inverse_pts_200_noise_2_last.pth
2026-02-14 11:40:52,966 | INFO | [Inverse][gaussian|pts=200|noise=2%] epoch=9499/11999 total=3.483e-03 pde=6.500e-04 bc=2.872e-05 data=2.546e-05 best=3.403e-03 lr=3.28e-04
2026-02-14 11:40:54,452 | INFO | [Inverse][gaussian|pts=200|noise=2%] epoch=9599/11999 total=3.561e-03 pde=6.460e-04 bc=2.793e-05 data=2.636e-05 best=3.222e-03 lr=3.28e-04
2026-02-14 11:40:55,878 | INFO | [Inverse][gaussian|pts=200|noise=2%] epoch=9699/11999 total=3.629e-03 pde=6.381e-04 bc=2.799e-05 data=2.711e-05 best=3.181e-03 lr=3.28e-04
2026-02-14 11:40:57,319 | INFO | [Inverse][gaussian|pts=200|noise=2%] epoch=9799/11999 total=3.155e-03 pde=6.183e-04 bc=3.049e-05 data=2.232e-05 best=2.918e-03 lr=3.28e-04
2026-02-14 11:40:58,757 | INFO | [Inverse][gaussian|pts=200|noise=2%] epoch=9899/11999 total=3.423e-03 pde=6.172e-04 bc=2.772e-05 data=2.529e-05 best=2.918e-03 lr=3.28e-04
2026-02-14 11:41:00,198 | INFO | [Inverse][gaussian|pts=200|noise=2%] checkpoint saved at epoch=9999 -> outputs_refactor\full_matrix_rerun_20260214_112937\checkpoints\gaussian\inverse_pts_200_noise_2_last.pth
2026-02-14 11:41:00,199 | INFO | [Inverse][gaussian|pts=200|noise=2%] epoch=9999/11999 total=3.511e-03 pde=6.132e-04 bc=1.933e-05 data=2.705e-05 best=2.918e-03 lr=3.28e-04
2026-02-14 11:41:01,625 | INFO | [Inverse][gaussian|pts=200|noise=2%] epoch=10099/11999 total=3.286e-03 pde=6.000e-04 bc=1.963e-05 data=2.490e-05 best=2.918e-03 lr=3.28e-04
2026-02-14 11:41:03,053 | INFO | [Inverse][gaussian|pts=200|noise=2%] epoch=10199/11999 total=3.255e-03 pde=5.922e-04 bc=1.863e-05 data=2.476e-05 best=2.918e-03 lr=3.28e-04
2026-02-14 11:41:04,470 | INFO | [Inverse][gaussian|pts=200|noise=2%] epoch=10299/11999 total=3.030e-03 pde=5.780e-04 bc=1.863e-05 data=2.266e-05 best=2.918e-03 lr=2.62e-04
2026-02-14 11:41:05,930 | INFO | [Inverse][gaussian|pts=200|noise=2%] epoch=10399/11999 total=3.006e-03 pde=5.689e-04 bc=1.827e-05 data=2.255e-05 best=2.799e-03 lr=2.62e-04
2026-02-14 11:41:07,380 | INFO | [Inverse][gaussian|pts=200|noise=2%] checkpoint saved at epoch=10499 -> outputs_refactor\full_matrix_rerun_20260214_112937\checkpoints\gaussian\inverse_pts_200_noise_2_last.pth
2026-02-14 11:41:07,380 | INFO | [Inverse][gaussian|pts=200|noise=2%] epoch=10499/11999 total=2.899e-03 pde=5.573e-04 bc=1.821e-05 data=2.159e-05 best=2.747e-03 lr=2.62e-04
2026-02-14 11:41:08,952 | INFO | [Inverse][gaussian|pts=200|noise=2%] epoch=10599/11999 total=2.615e-03 pde=5.397e-04 bc=2.195e-05 data=1.856e-05 best=2.615e-03 lr=2.62e-04
2026-02-14 11:41:10,791 | INFO | [Inverse][gaussian|pts=200|noise=2%] epoch=10699/11999 total=2.570e-03 pde=5.286e-04 bc=2.121e-05 data=1.829e-05 best=2.570e-03 lr=2.62e-04
2026-02-14 11:41:12,450 | INFO | [Inverse][gaussian|pts=200|noise=2%] epoch=10799/11999 total=2.636e-03 pde=5.196e-04 bc=2.255e-05 data=1.890e-05 best=2.529e-03 lr=2.62e-04
2026-02-14 11:41:13,940 | INFO | [Inverse][gaussian|pts=200|noise=2%] epoch=10899/11999 total=2.658e-03 pde=5.121e-04 bc=2.166e-05 data=1.929e-05 best=2.484e-03 lr=2.62e-04
2026-02-14 11:41:15,428 | INFO | [Inverse][gaussian|pts=200|noise=2%] checkpoint saved at epoch=10999 -> outputs_refactor\full_matrix_rerun_20260214_112937\checkpoints\gaussian\inverse_pts_200_noise_2_last.pth
2026-02-14 11:41:15,428 | INFO | [Inverse][gaussian|pts=200|noise=2%] epoch=10999/11999 total=2.603e-03 pde=4.990e-04 bc=2.211e-05 data=1.883e-05 best=2.445e-03 lr=2.62e-04
2026-02-14 11:41:16,936 | INFO | [Inverse][gaussian|pts=200|noise=2%] epoch=11099/11999 total=2.411e-03 pde=4.849e-04 bc=1.894e-05 data=1.736e-05 best=2.391e-03 lr=2.62e-04
2026-02-14 11:41:18,381 | INFO | [Inverse][gaussian|pts=200|noise=2%] epoch=11199/11999 total=2.474e-03 pde=4.780e-04 bc=1.961e-05 data=1.800e-05 best=2.355e-03 lr=2.62e-04
2026-02-14 11:41:19,883 | INFO | [Inverse][gaussian|pts=200|noise=2%] epoch=11299/11999 total=2.430e-03 pde=4.663e-04 bc=1.944e-05 data=1.769e-05 best=2.313e-03 lr=2.62e-04
2026-02-14 11:41:21,397 | INFO | [Inverse][gaussian|pts=200|noise=2%] epoch=11399/11999 total=2.386e-03 pde=4.569e-04 bc=1.776e-05 data=1.752e-05 best=2.270e-03 lr=2.62e-04
2026-02-14 11:41:22,810 | INFO | [Inverse][gaussian|pts=200|noise=2%] checkpoint saved at epoch=11499 -> outputs_refactor\full_matrix_rerun_20260214_112937\checkpoints\gaussian\inverse_pts_200_noise_2_last.pth
2026-02-14 11:41:22,811 | INFO | [Inverse][gaussian|pts=200|noise=2%] epoch=11499/11999 total=2.307e-03 pde=4.457e-04 bc=1.857e-05 data=1.675e-05 best=2.239e-03 lr=2.62e-04
2026-02-14 11:41:24,268 | INFO | [Inverse][gaussian|pts=200|noise=2%] epoch=11599/11999 total=2.279e-03 pde=4.351e-04 bc=1.807e-05 data=1.663e-05 best=2.190e-03 lr=2.62e-04
2026-02-14 11:41:25,691 | INFO | [Inverse][gaussian|pts=200|noise=2%] epoch=11699/11999 total=2.168e-03 pde=4.232e-04 bc=1.733e-05 data=1.572e-05 best=2.167e-03 lr=2.62e-04
2026-02-14 11:41:27,136 | INFO | [Inverse][gaussian|pts=200|noise=2%] epoch=11799/11999 total=2.253e-03 pde=4.160e-04 bc=1.918e-05 data=1.645e-05 best=2.122e-03 lr=2.62e-04
2026-02-14 11:41:28,607 | INFO | [Inverse][gaussian|pts=200|noise=2%] epoch=11899/11999 total=2.298e-03 pde=4.092e-04 bc=2.085e-05 data=1.681e-05 best=2.084e-03 lr=2.62e-04
2026-02-14 11:41:30,011 | INFO | [Inverse][gaussian|pts=200|noise=2%] checkpoint saved at epoch=11999 -> outputs_refactor\full_matrix_rerun_20260214_112937\checkpoints\gaussian\inverse_pts_200_noise_2_last.pth
2026-02-14 11:41:30,012 | INFO | [Inverse][gaussian|pts=200|noise=2%] epoch=11999/11999 total=2.082e-03 pde=3.966e-04 bc=1.552e-05 data=1.530e-05 best=2.071e-03 lr=2.62e-04
2026-02-14 11:41:30,586 | INFO | [Inverse][pts_200_noise_5] start training charge=gaussian points=200 noise=5%
2026-02-14 11:41:30,608 | INFO | [Inverse][gaussian|pts=200|noise=5%] epoch=0/11999 total=9.053e+00 pde=2.957e-03 bc=5.853e-02 data=8.465e-02 best=9.053e+00 lr=1.00e-03
2026-02-14 11:41:32,282 | INFO | [Inverse][gaussian|pts=200|noise=5%] epoch=99/11999 total=8.372e-01 pde=1.974e-01 bc=4.219e-03 data=5.976e-03 best=8.372e-01 lr=1.00e-03
2026-02-14 11:41:33,931 | INFO | [Inverse][gaussian|pts=200|noise=5%] epoch=199/11999 total=3.519e-01 pde=1.055e-01 bc=1.830e-03 data=2.281e-03 best=3.519e-01 lr=1.00e-03
2026-02-14 11:41:35,456 | INFO | [Inverse][gaussian|pts=200|noise=5%] epoch=299/11999 total=2.577e-01 pde=5.544e-02 bc=1.125e-03 data=1.910e-03 best=2.577e-01 lr=1.00e-03
2026-02-14 11:41:37,071 | INFO | [Inverse][gaussian|pts=200|noise=5%] epoch=399/11999 total=1.834e-01 pde=3.304e-02 bc=6.005e-04 data=1.443e-03 best=1.834e-01 lr=1.00e-03
2026-02-14 11:41:38,713 | INFO | [Inverse][gaussian|pts=200|noise=5%] checkpoint saved at epoch=499 -> outputs_refactor\full_matrix_rerun_20260214_112937\checkpoints\gaussian\inverse_pts_200_noise_5_last.pth
2026-02-14 11:41:38,714 | INFO | [Inverse][gaussian|pts=200|noise=5%] epoch=499/11999 total=1.454e-01 pde=2.732e-02 bc=5.256e-04 data=1.128e-03 best=1.454e-01 lr=1.00e-03
2026-02-14 11:41:40,307 | INFO | [Inverse][gaussian|pts=200|noise=5%] epoch=599/11999 total=1.154e-01 pde=2.506e-02 bc=6.058e-04 data=8.429e-04 best=1.154e-01 lr=1.00e-03
2026-02-14 11:41:41,775 | INFO | [Inverse][gaussian|pts=200|noise=5%] epoch=699/11999 total=1.052e-01 pde=2.480e-02 bc=1.858e-04 data=7.855e-04 best=9.947e-02 lr=1.00e-03
2026-02-14 11:41:43,243 | INFO | [Inverse][gaussian|pts=200|noise=5%] epoch=799/11999 total=9.485e-02 pde=2.247e-02 bc=2.438e-04 data=6.994e-04 best=9.304e-02 lr=1.00e-03
2026-02-14 11:41:44,775 | INFO | [Inverse][gaussian|pts=200|noise=5%] epoch=899/11999 total=8.713e-02 pde=1.978e-02 bc=2.413e-04 data=6.494e-04 best=8.190e-02 lr=1.00e-03
2026-02-14 11:41:46,276 | INFO | [Inverse][gaussian|pts=200|noise=5%] checkpoint saved at epoch=999 -> outputs_refactor\full_matrix_rerun_20260214_112937\checkpoints\gaussian\inverse_pts_200_noise_5_last.pth
2026-02-14 11:41:46,276 | INFO | [Inverse][gaussian|pts=200|noise=5%] epoch=999/11999 total=7.805e-02 pde=1.798e-02 bc=2.296e-04 data=5.777e-04 best=7.535e-02 lr=1.00e-03
2026-02-14 11:41:47,813 | INFO | [Inverse][gaussian|pts=200|noise=5%] epoch=1099/11999 total=6.835e-02 pde=1.612e-02 bc=1.461e-04 data=5.077e-04 best=6.719e-02 lr=1.00e-03
2026-02-14 11:41:49,309 | INFO | [Inverse][gaussian|pts=200|noise=5%] epoch=1199/11999 total=6.471e-02 pde=1.406e-02 bc=3.417e-04 data=4.723e-04 best=5.471e-02 lr=1.00e-03
2026-02-14 11:41:50,745 | INFO | [Inverse][gaussian|pts=200|noise=5%] epoch=1299/11999 total=6.101e-02 pde=1.229e-02 bc=1.800e-04 data=4.692e-04 best=4.943e-02 lr=1.00e-03
2026-02-14 11:41:52,140 | INFO | [Inverse][gaussian|pts=200|noise=5%] epoch=1399/11999 total=5.136e-02 pde=1.079e-02 bc=2.626e-04 data=3.795e-04 best=4.943e-02 lr=1.00e-03
2026-02-14 11:41:53,677 | INFO | [Inverse][gaussian|pts=200|noise=5%] checkpoint saved at epoch=1499 -> outputs_refactor\full_matrix_rerun_20260214_112937\checkpoints\gaussian\inverse_pts_200_noise_5_last.pth
2026-02-14 11:41:53,677 | INFO | [Inverse][gaussian|pts=200|noise=5%] epoch=1499/11999 total=4.390e-02 pde=9.314e-03 bc=2.105e-04 data=3.248e-04 best=4.283e-02 lr=1.00e-03
2026-02-14 11:41:55,151 | INFO | [Inverse][gaussian|pts=200|noise=5%] epoch=1599/11999 total=4.324e-02 pde=8.053e-03 bc=2.607e-04 data=3.258e-04 best=4.134e-02 lr=1.00e-03
2026-02-14 11:41:56,637 | INFO | [Inverse][gaussian|pts=200|noise=5%] epoch=1699/11999 total=4.550e-02 pde=7.035e-03 bc=3.385e-04 data=3.508e-04 best=3.442e-02 lr=1.00e-03
2026-02-14 11:41:58,110 | INFO | [Inverse][gaussian|pts=200|noise=5%] epoch=1799/11999 total=3.958e-02 pde=6.181e-03 bc=2.786e-04 data=3.062e-04 best=3.239e-02 lr=1.00e-03
2026-02-14 11:41:59,538 | INFO | [Inverse][gaussian|pts=200|noise=5%] epoch=1899/11999 total=3.326e-02 pde=5.367e-03 bc=2.131e-04 data=2.576e-04 best=3.197e-02 lr=1.00e-03
2026-02-14 11:42:01,119 | INFO | [Inverse][gaussian|pts=200|noise=5%] checkpoint saved at epoch=1999 -> outputs_refactor\full_matrix_rerun_20260214_112937\checkpoints\gaussian\inverse_pts_200_noise_5_last.pth
2026-02-14 11:42:01,119 | INFO | [Inverse][gaussian|pts=200|noise=5%] epoch=1999/11999 total=2.985e-02 pde=4.569e-03 bc=1.955e-04 data=2.332e-04 best=2.876e-02 lr=1.00e-03
2026-02-14 11:42:02,706 | INFO | [Inverse][gaussian|pts=200|noise=5%] epoch=2099/11999 total=2.583e-02 pde=3.825e-03 bc=1.615e-04 data=2.039e-04 best=2.491e-02 lr=1.00e-03
2026-02-14 11:42:04,306 | INFO | [Inverse][gaussian|pts=200|noise=5%] epoch=2199/11999 total=2.457e-02 pde=3.204e-03 bc=1.681e-04 data=1.969e-04 best=2.348e-02 lr=1.00e-03
2026-02-14 11:42:05,857 | INFO | [Inverse][gaussian|pts=200|noise=5%] epoch=2299/11999 total=2.710e-02 pde=2.774e-03 bc=2.280e-04 data=2.205e-04 best=2.104e-02 lr=1.00e-03
2026-02-14 11:42:07,430 | INFO | [Inverse][gaussian|pts=200|noise=5%] epoch=2399/11999 total=1.990e-02 pde=2.369e-03 bc=1.100e-04 data=1.643e-04 best=1.824e-02 lr=1.00e-03
2026-02-14 11:42:08,952 | INFO | [Inverse][gaussian|pts=200|noise=5%] checkpoint saved at epoch=2499 -> outputs_refactor\full_matrix_rerun_20260214_112937\checkpoints\gaussian\inverse_pts_200_noise_5_last.pth
2026-02-14 11:42:08,952 | INFO | [Inverse][gaussian|pts=200|noise=5%] epoch=2499/11999 total=7.000e-02 pde=7.523e-03 bc=6.421e-04 data=5.606e-04 best=1.754e-02 lr=1.00e-03
2026-02-14 11:42:10,453 | INFO | [Inverse][gaussian|pts=200|noise=5%] epoch=2599/11999 total=2.002e-02 pde=5.387e-03 bc=8.459e-05 data=1.379e-04 best=1.663e-02 lr=1.00e-03
2026-02-14 11:42:11,937 | INFO | [Inverse][gaussian|pts=200|noise=5%] epoch=2699/11999 total=2.177e-02 pde=2.093e-03 bc=1.569e-04 data=1.811e-04 best=1.663e-02 lr=1.00e-03
2026-02-14 11:42:13,464 | INFO | [Inverse][gaussian|pts=200|noise=5%] epoch=2799/11999 total=1.711e-02 pde=1.980e-03 bc=1.033e-04 data=1.410e-04 best=1.663e-02 lr=1.00e-03
2026-02-14 11:42:15,004 | INFO | [Inverse][gaussian|pts=200|noise=5%] epoch=2899/11999 total=1.802e-02 pde=1.890e-03 bc=1.223e-04 data=1.491e-04 best=1.663e-02 lr=1.00e-03
2026-02-14 11:42:16,538 | INFO | [Inverse][gaussian|pts=200|noise=5%] checkpoint saved at epoch=2999 -> outputs_refactor\full_matrix_rerun_20260214_112937\checkpoints\gaussian\inverse_pts_200_noise_5_last.pth
2026-02-14 11:42:16,539 | INFO | [Inverse][gaussian|pts=200|noise=5%] epoch=2999/11999 total=1.845e-02 pde=1.796e-03 bc=1.352e-04 data=1.530e-04 best=1.663e-02 lr=1.00e-03
2026-02-14 11:42:18,049 | INFO | [Inverse][gaussian|pts=200|noise=5%] epoch=3099/11999 total=1.812e-02 pde=1.701e-03 bc=1.378e-04 data=1.504e-04 best=1.663e-02 lr=8.00e-04
2026-02-14 11:42:19,643 | INFO | [Inverse][gaussian|pts=200|noise=5%] epoch=3199/11999 total=1.483e-02 pde=1.585e-03 bc=9.596e-05 data=1.228e-04 best=1.483e-02 lr=8.00e-04
2026-02-14 11:42:21,138 | INFO | [Inverse][gaussian|pts=200|noise=5%] epoch=3299/11999 total=2.134e-02 pde=1.557e-03 bc=1.496e-04 data=1.829e-04 best=1.344e-02 lr=8.00e-04
2026-02-14 11:42:22,554 | INFO | [Inverse][gaussian|pts=200|noise=5%] epoch=3399/11999 total=1.713e-02 pde=1.439e-03 bc=1.019e-04 data=1.467e-04 best=1.344e-02 lr=8.00e-04
2026-02-14 11:42:23,965 | INFO | [Inverse][gaussian|pts=200|noise=5%] checkpoint saved at epoch=3499 -> outputs_refactor\full_matrix_rerun_20260214_112937\checkpoints\gaussian\inverse_pts_200_noise_5_last.pth
2026-02-14 11:42:23,965 | INFO | [Inverse][gaussian|pts=200|noise=5%] epoch=3499/11999 total=1.726e-02 pde=1.375e-03 bc=1.044e-04 data=1.484e-04 best=1.344e-02 lr=8.00e-04
2026-02-14 11:42:25,383 | INFO | [Inverse][gaussian|pts=200|noise=5%] epoch=3599/11999 total=1.683e-02 pde=1.314e-03 bc=1.027e-04 data=1.448e-04 best=1.344e-02 lr=8.00e-04
2026-02-14 11:42:26,801 | INFO | [Inverse][gaussian|pts=200|noise=5%] epoch=3699/11999 total=1.521e-02 pde=1.246e-03 bc=8.454e-05 data=1.312e-04 best=1.344e-02 lr=8.00e-04
2026-02-14 11:42:28,202 | INFO | [Inverse][gaussian|pts=200|noise=5%] epoch=3799/11999 total=1.412e-02 pde=1.187e-03 bc=7.755e-05 data=1.216e-04 best=1.344e-02 lr=6.40e-04
2026-02-14 11:42:29,667 | INFO | [Inverse][gaussian|pts=200|noise=5%] epoch=3899/11999 total=1.307e-02 pde=1.132e-03 bc=7.274e-05 data=1.121e-04 best=1.273e-02 lr=6.40e-04
2026-02-14 11:42:31,158 | INFO | [Inverse][gaussian|pts=200|noise=5%] checkpoint saved at epoch=3999 -> outputs_refactor\full_matrix_rerun_20260214_112937\checkpoints\gaussian\inverse_pts_200_noise_5_last.pth
2026-02-14 11:42:31,158 | INFO | [Inverse][gaussian|pts=200|noise=5%] epoch=3999/11999 total=1.215e-02 pde=1.074e-03 bc=5.621e-05 data=1.052e-04 best=1.151e-02 lr=6.40e-04
2026-02-14 11:42:32,623 | INFO | [Inverse][gaussian|pts=200|noise=5%] epoch=4099/11999 total=1.829e-02 pde=1.161e-03 bc=2.644e-05 data=1.686e-04 best=1.119e-02 lr=6.40e-04
2026-02-14 11:42:34,082 | INFO | [Inverse][gaussian|pts=200|noise=5%] epoch=4199/11999 total=2.345e-02 pde=1.125e-03 bc=2.322e-04 data=2.001e-04 best=1.119e-02 lr=6.40e-04
2026-02-14 11:42:35,513 | INFO | [Inverse][gaussian|pts=200|noise=5%] epoch=4299/11999 total=1.586e-02 pde=1.026e-03 bc=7.512e-05 data=1.408e-04 best=1.119e-02 lr=6.40e-04
2026-02-14 11:42:36,926 | INFO | [Inverse][gaussian|pts=200|noise=5%] epoch=4399/11999 total=1.977e-02 pde=1.051e-03 bc=1.084e-04 data=1.763e-04 best=1.119e-02 lr=6.40e-04
2026-02-14 11:42:38,345 | INFO | [Inverse][gaussian|pts=200|noise=5%] checkpoint saved at epoch=4499 -> outputs_refactor\full_matrix_rerun_20260214_112937\checkpoints\gaussian\inverse_pts_200_noise_5_last.pth
2026-02-14 11:42:38,346 | INFO | [Inverse][gaussian|pts=200|noise=5%] epoch=4499/11999 total=1.305e-02 pde=9.381e-04 bc=7.531e-05 data=1.135e-04 best=1.087e-02 lr=6.40e-04
2026-02-14 11:42:39,914 | INFO | [Inverse][gaussian|pts=200|noise=5%] epoch=4599/11999 total=1.512e-02 pde=9.424e-04 bc=1.031e-04 data=1.315e-04 best=1.068e-02 lr=6.40e-04
2026-02-14 11:42:41,409 | INFO | [Inverse][gaussian|pts=200|noise=5%] epoch=4699/11999 total=1.218e-02 pde=8.776e-04 bc=7.108e-05 data=1.059e-04 best=1.068e-02 lr=6.40e-04
2026-02-14 11:42:42,793 | INFO | [Inverse][gaussian|pts=200|noise=5%] epoch=4799/11999 total=1.293e-02 pde=8.592e-04 bc=9.486e-05 data=1.112e-04 best=1.068e-02 lr=6.40e-04
2026-02-14 11:42:44,214 | INFO | [Inverse][gaussian|pts=200|noise=5%] epoch=4899/11999 total=1.194e-02 pde=8.121e-04 bc=8.916e-05 data=1.024e-04 best=1.068e-02 lr=6.40e-04
2026-02-14 11:42:45,630 | INFO | [Inverse][gaussian|pts=200|noise=5%] checkpoint saved at epoch=4999 -> outputs_refactor\full_matrix_rerun_20260214_112937\checkpoints\gaussian\inverse_pts_200_noise_5_last.pth
2026-02-14 11:42:45,630 | INFO | [Inverse][gaussian|pts=200|noise=5%] epoch=4999/11999 total=1.253e-02 pde=7.856e-04 bc=1.031e-04 data=1.071e-04 best=1.068e-02 lr=6.40e-04
2026-02-14 11:42:47,074 | INFO | [Inverse][gaussian|pts=200|noise=5%] epoch=5099/11999 total=1.126e-02 pde=7.336e-04 bc=8.256e-05 data=9.697e-05 best=1.011e-02 lr=5.12e-04
2026-02-14 11:42:48,470 | INFO | [Inverse][gaussian|pts=200|noise=5%] epoch=5199/11999 total=1.107e-02 pde=6.969e-04 bc=7.984e-05 data=9.576e-05 best=1.011e-02 lr=5.12e-04
2026-02-14 11:42:49,959 | INFO | [Inverse][gaussian|pts=200|noise=5%] epoch=5299/11999 total=1.083e-02 pde=6.646e-04 bc=8.055e-05 data=9.364e-05 best=1.011e-02 lr=5.12e-04
2026-02-14 11:42:51,374 | INFO | [Inverse][gaussian|pts=200|noise=5%] epoch=5399/11999 total=1.032e-02 pde=6.312e-04 bc=7.486e-05 data=8.945e-05 best=1.011e-02 lr=5.12e-04
2026-02-14 11:42:52,903 | INFO | [Inverse][gaussian|pts=200|noise=5%] checkpoint saved at epoch=5499 -> outputs_refactor\full_matrix_rerun_20260214_112937\checkpoints\gaussian\inverse_pts_200_noise_5_last.pth
2026-02-14 11:42:52,904 | INFO | [Inverse][gaussian|pts=200|noise=5%] epoch=5499/11999 total=1.025e-02 pde=6.048e-04 bc=7.346e-05 data=8.908e-05 best=9.577e-03 lr=5.12e-04
2026-02-14 11:42:54,302 | INFO | [Inverse][gaussian|pts=200|noise=5%] epoch=5599/11999 total=1.019e-02 pde=5.740e-04 bc=4.640e-05 data=9.155e-05 best=9.222e-03 lr=5.12e-04
2026-02-14 11:42:55,720 | INFO | [Inverse][gaussian|pts=200|noise=5%] epoch=5699/11999 total=1.056e-02 pde=5.611e-04 bc=5.101e-05 data=9.492e-05 best=9.222e-03 lr=5.12e-04
2026-02-14 11:42:57,133 | INFO | [Inverse][gaussian|pts=200|noise=5%] epoch=5799/11999 total=9.961e-03 pde=5.365e-04 bc=4.693e-05 data=8.956e-05 best=9.222e-03 lr=5.12e-04
2026-02-14 11:42:58,535 | INFO | [Inverse][gaussian|pts=200|noise=5%] epoch=5899/11999 total=1.012e-02 pde=5.279e-04 bc=4.915e-05 data=9.101e-05 best=9.222e-03 lr=5.12e-04
2026-02-14 11:42:59,959 | INFO | [Inverse][gaussian|pts=200|noise=5%] checkpoint saved at epoch=5999 -> outputs_refactor\full_matrix_rerun_20260214_112937\checkpoints\gaussian\inverse_pts_200_noise_5_last.pth
2026-02-14 11:42:59,959 | INFO | [Inverse][gaussian|pts=200|noise=5%] epoch=5999/11999 total=9.705e-03 pde=5.103e-04 bc=4.678e-05 data=8.727e-05 best=9.222e-03 lr=5.12e-04
2026-02-14 11:43:01,393 | INFO | [Inverse][gaussian|pts=200|noise=5%] epoch=6099/11999 total=9.371e-03 pde=4.943e-04 bc=4.719e-05 data=8.405e-05 best=8.966e-03 lr=4.10e-04
2026-02-14 11:43:02,820 | INFO | [Inverse][gaussian|pts=200|noise=5%] epoch=6199/11999 total=9.276e-03 pde=4.838e-04 bc=4.608e-05 data=8.331e-05 best=8.966e-03 lr=4.10e-04
2026-02-14 11:43:04,247 | INFO | [Inverse][gaussian|pts=200|noise=5%] epoch=6299/11999 total=9.095e-03 pde=4.740e-04 bc=3.808e-05 data=8.240e-05 best=8.949e-03 lr=4.10e-04
2026-02-14 11:43:05,792 | INFO | [Inverse][gaussian|pts=200|noise=5%] epoch=6399/11999 total=8.701e-03 pde=4.579e-04 bc=3.344e-05 data=7.909e-05 best=8.377e-03 lr=4.10e-04
2026-02-14 11:43:07,236 | INFO | [Inverse][gaussian|pts=200|noise=5%] checkpoint saved at epoch=6499 -> outputs_refactor\full_matrix_rerun_20260214_112937\checkpoints\gaussian\inverse_pts_200_noise_5_last.pth
2026-02-14 11:43:07,236 | INFO | [Inverse][gaussian|pts=200|noise=5%] epoch=6499/11999 total=9.059e-03 pde=4.627e-04 bc=3.407e-05 data=8.255e-05 best=8.377e-03 lr=4.10e-04
2026-02-14 11:43:08,718 | INFO | [Inverse][gaussian|pts=200|noise=5%] epoch=6599/11999 total=1.333e-02 pde=5.678e-04 bc=1.157e-04 data=1.160e-04 best=8.128e-03 lr=4.10e-04
2026-02-14 11:43:10,245 | INFO | [Inverse][gaussian|pts=200|noise=5%] epoch=6699/11999 total=8.962e-03 pde=4.526e-04 bc=2.878e-05 data=8.222e-05 best=8.128e-03 lr=4.10e-04
2026-02-14 11:43:11,730 | INFO | [Inverse][gaussian|pts=200|noise=5%] epoch=6799/11999 total=9.345e-03 pde=4.647e-04 bc=2.799e-05 data=8.601e-05 best=8.128e-03 lr=4.10e-04
2026-02-14 11:43:13,222 | INFO | [Inverse][gaussian|pts=200|noise=5%] epoch=6899/11999 total=1.223e-02 pde=5.436e-04 bc=1.042e-04 data=1.065e-04 best=8.128e-03 lr=4.10e-04
2026-02-14 11:43:14,750 | INFO | [Inverse][gaussian|pts=200|noise=5%] checkpoint saved at epoch=6999 -> outputs_refactor\full_matrix_rerun_20260214_112937\checkpoints\gaussian\inverse_pts_200_noise_5_last.pth
2026-02-14 11:43:14,750 | INFO | [Inverse][gaussian|pts=200|noise=5%] epoch=6999/11999 total=9.016e-03 pde=4.495e-04 bc=2.654e-05 data=8.301e-05 best=8.128e-03 lr=4.10e-04
2026-02-14 11:43:16,200 | INFO | [Inverse][gaussian|pts=200|noise=5%] epoch=7099/11999 total=9.466e-03 pde=4.610e-04 bc=2.616e-05 data=8.744e-05 best=8.128e-03 lr=3.28e-04
2026-02-14 11:43:17,696 | INFO | [Inverse][gaussian|pts=200|noise=5%] epoch=7199/11999 total=1.063e-02 pde=4.740e-04 bc=8.513e-05 data=9.308e-05 best=8.128e-03 lr=3.28e-04
2026-02-14 11:43:19,218 | INFO | [Inverse][gaussian|pts=200|noise=5%] epoch=7299/11999 total=8.463e-03 pde=4.262e-04 bc=2.614e-05 data=7.775e-05 best=8.128e-03 lr=3.28e-04
2026-02-14 11:43:20,746 | INFO | [Inverse][gaussian|pts=200|noise=5%] epoch=7399/11999 total=8.630e-03 pde=4.294e-04 bc=2.536e-05 data=7.947e-05 best=8.128e-03 lr=3.28e-04
2026-02-14 11:43:22,328 | INFO | [Inverse][gaussian|pts=200|noise=5%] checkpoint saved at epoch=7499 -> outputs_refactor\full_matrix_rerun_20260214_112937\checkpoints\gaussian\inverse_pts_200_noise_5_last.pth
2026-02-14 11:43:22,329 | INFO | [Inverse][gaussian|pts=200|noise=5%] epoch=7499/11999 total=1.059e-02 pde=4.490e-04 bc=8.257e-05 data=9.311e-05 best=8.084e-03 lr=3.28e-04
2026-02-14 11:43:23,845 | INFO | [Inverse][gaussian|pts=200|noise=5%] epoch=7599/11999 total=8.518e-03 pde=5.848e-04 bc=4.760e-05 data=7.458e-05 best=8.084e-03 lr=3.28e-04
2026-02-14 11:43:25,405 | INFO | [Inverse][gaussian|pts=200|noise=5%] epoch=7699/11999 total=8.051e-03 pde=4.045e-04 bc=4.432e-05 data=7.203e-05 best=7.958e-03 lr=3.28e-04
2026-02-14 11:43:26,968 | INFO | [Inverse][gaussian|pts=200|noise=5%] epoch=7799/11999 total=1.168e-02 pde=4.715e-04 bc=8.139e-05 data=1.039e-04 best=7.727e-03 lr=3.28e-04
2026-02-14 11:43:28,429 | INFO | [Inverse][gaussian|pts=200|noise=5%] epoch=7899/11999 total=9.029e-03 pde=4.095e-04 bc=4.890e-05 data=8.131e-05 best=7.712e-03 lr=3.28e-04
2026-02-14 11:43:29,888 | INFO | [Inverse][gaussian|pts=200|noise=5%] checkpoint saved at epoch=7999 -> outputs_refactor\full_matrix_rerun_20260214_112937\checkpoints\gaussian\inverse_pts_200_noise_5_last.pth
2026-02-14 11:43:29,888 | INFO | [Inverse][gaussian|pts=200|noise=5%] epoch=7999/11999 total=8.452e-03 pde=3.956e-04 bc=4.158e-05 data=7.641e-05 best=7.712e-03 lr=3.28e-04
2026-02-14 11:43:31,295 | INFO | [Inverse][gaussian|pts=200|noise=5%] epoch=8099/11999 total=8.173e-03 pde=3.875e-04 bc=3.823e-05 data=7.403e-05 best=7.712e-03 lr=3.28e-04
2026-02-14 11:43:32,673 | INFO | [Inverse][gaussian|pts=200|noise=5%] epoch=8199/11999 total=7.936e-03 pde=3.808e-04 bc=3.530e-05 data=7.202e-05 best=7.712e-03 lr=3.28e-04
2026-02-14 11:43:34,094 | INFO | [Inverse][gaussian|pts=200|noise=5%] epoch=8299/11999 total=8.028e-03 pde=3.800e-04 bc=3.603e-05 data=7.287e-05 best=7.712e-03 lr=3.28e-04
2026-02-14 11:43:35,518 | INFO | [Inverse][gaussian|pts=200|noise=5%] epoch=8399/11999 total=7.840e-03 pde=3.751e-04 bc=3.363e-05 data=7.129e-05 best=7.712e-03 lr=2.62e-04
2026-02-14 11:43:37,002 | INFO | [Inverse][gaussian|pts=200|noise=5%] checkpoint saved at epoch=8499 -> outputs_refactor\full_matrix_rerun_20260214_112937\checkpoints\gaussian\inverse_pts_200_noise_5_last.pth
2026-02-14 11:43:37,002 | INFO | [Inverse][gaussian|pts=200|noise=5%] epoch=8499/11999 total=7.728e-03 pde=3.717e-04 bc=3.218e-05 data=7.035e-05 best=7.659e-03 lr=2.62e-04
2026-02-14 11:43:38,517 | INFO | [Inverse][gaussian|pts=200|noise=5%] epoch=8599/11999 total=7.777e-03 pde=3.710e-04 bc=3.266e-05 data=7.079e-05 best=7.659e-03 lr=2.62e-04
2026-02-14 11:43:40,063 | INFO | [Inverse][gaussian|pts=200|noise=5%] epoch=8699/11999 total=7.746e-03 pde=3.693e-04 bc=3.483e-05 data=7.029e-05 best=7.659e-03 lr=2.62e-04
2026-02-14 11:43:41,593 | INFO | [Inverse][gaussian|pts=200|noise=5%] epoch=8799/11999 total=7.726e-03 pde=3.677e-04 bc=3.534e-05 data=7.005e-05 best=7.613e-03 lr=2.62e-04
2026-02-14 11:43:43,086 | INFO | [Inverse][gaussian|pts=200|noise=5%] epoch=8899/11999 total=7.733e-03 pde=3.665e-04 bc=3.577e-05 data=7.009e-05 best=7.531e-03 lr=2.62e-04
2026-02-14 11:43:44,584 | INFO | [Inverse][gaussian|pts=200|noise=5%] checkpoint saved at epoch=8999 -> outputs_refactor\full_matrix_rerun_20260214_112937\checkpoints\gaussian\inverse_pts_200_noise_5_last.pth
2026-02-14 11:43:44,585 | INFO | [Inverse][gaussian|pts=200|noise=5%] epoch=8999/11999 total=7.768e-03 pde=3.658e-04 bc=3.657e-05 data=7.036e-05 best=7.438e-03 lr=2.62e-04
2026-02-14 11:43:46,036 | INFO | [Inverse][gaussian|pts=200|noise=5%] epoch=9099/11999 total=7.620e-03 pde=3.607e-04 bc=3.470e-05 data=6.913e-05 best=7.379e-03 lr=2.62e-04
2026-02-14 11:43:47,454 | INFO | [Inverse][gaussian|pts=200|noise=5%] epoch=9199/11999 total=7.287e-03 pde=3.505e-04 bc=3.072e-05 data=6.629e-05 best=7.287e-03 lr=2.62e-04
2026-02-14 11:43:48,873 | INFO | [Inverse][gaussian|pts=200|noise=5%] epoch=9299/11999 total=7.761e-03 pde=3.662e-04 bc=2.441e-05 data=7.151e-05 best=7.166e-03 lr=2.62e-04
2026-02-14 11:43:50,303 | INFO | [Inverse][gaussian|pts=200|noise=5%] epoch=9399/11999 total=7.141e-03 pde=3.441e-04 bc=2.641e-05 data=6.533e-05 best=7.141e-03 lr=2.62e-04
2026-02-14 11:43:51,830 | INFO | [Inverse][gaussian|pts=200|noise=5%] checkpoint saved at epoch=9499 -> outputs_refactor\full_matrix_rerun_20260214_112937\checkpoints\gaussian\inverse_pts_200_noise_5_last.pth
2026-02-14 11:43:51,831 | INFO | [Inverse][gaussian|pts=200|noise=5%] epoch=9499/11999 total=7.084e-03 pde=3.401e-04 bc=2.675e-05 data=6.477e-05 best=7.081e-03 lr=2.62e-04
2026-02-14 11:43:53,381 | INFO | [Inverse][gaussian|pts=200|noise=5%] epoch=9599/11999 total=7.040e-03 pde=3.362e-04 bc=2.682e-05 data=6.436e-05 best=7.040e-03 lr=2.62e-04
2026-02-14 11:43:54,842 | INFO | [Inverse][gaussian|pts=200|noise=5%] epoch=9699/11999 total=7.054e-03 pde=3.338e-04 bc=2.568e-05 data=6.464e-05 best=7.023e-03 lr=2.62e-04
2026-02-14 11:43:56,344 | INFO | [Inverse][gaussian|pts=200|noise=5%] epoch=9799/11999 total=7.138e-03 pde=3.320e-04 bc=3.076e-05 data=6.498e-05 best=6.970e-03 lr=2.62e-04
2026-02-14 11:43:57,795 | INFO | [Inverse][gaussian|pts=200|noise=5%] epoch=9899/11999 total=6.939e-03 pde=3.240e-04 bc=2.560e-05 data=6.359e-05 best=6.939e-03 lr=2.62e-04
2026-02-14 11:43:59,253 | INFO | [Inverse][gaussian|pts=200|noise=5%] checkpoint saved at epoch=9999 -> outputs_refactor\full_matrix_rerun_20260214_112937\checkpoints\gaussian\inverse_pts_200_noise_5_last.pth
2026-02-14 11:43:59,253 | INFO | [Inverse][gaussian|pts=200|noise=5%] epoch=9999/11999 total=6.998e-03 pde=3.220e-04 bc=2.594e-05 data=6.416e-05 best=6.915e-03 lr=2.62e-04
2026-02-14 11:44:00,702 | INFO | [Inverse][gaussian|pts=200|noise=5%] epoch=10099/11999 total=6.995e-03 pde=3.180e-04 bc=2.694e-05 data=6.408e-05 best=6.890e-03 lr=2.62e-04
2026-02-14 11:44:02,196 | INFO | [Inverse][gaussian|pts=200|noise=5%] epoch=10199/11999 total=6.823e-03 pde=3.101e-04 bc=2.424e-05 data=6.270e-05 best=6.823e-03 lr=2.62e-04
2026-02-14 11:44:03,648 | INFO | [Inverse][gaussian|pts=200|noise=5%] epoch=10299/11999 total=6.790e-03 pde=3.052e-04 bc=2.573e-05 data=6.228e-05 best=6.786e-03 lr=2.62e-04
2026-02-14 11:44:05,064 | INFO | [Inverse][gaussian|pts=200|noise=5%] epoch=10399/11999 total=6.909e-03 pde=3.044e-04 bc=2.601e-05 data=6.344e-05 best=6.777e-03 lr=2.62e-04
2026-02-14 11:44:06,524 | INFO | [Inverse][gaussian|pts=200|noise=5%] checkpoint saved at epoch=10499 -> outputs_refactor\full_matrix_rerun_20260214_112937\checkpoints\gaussian\inverse_pts_200_noise_5_last.pth
2026-02-14 11:44:06,524 | INFO | [Inverse][gaussian|pts=200|noise=5%] epoch=10499/11999 total=6.808e-03 pde=2.975e-04 bc=2.812e-05 data=6.229e-05 best=6.723e-03 lr=2.62e-04
2026-02-14 11:44:07,959 | INFO | [Inverse][gaussian|pts=200|noise=5%] epoch=10599/11999 total=7.492e-03 pde=3.154e-04 bc=3.666e-05 data=6.810e-05 best=6.696e-03 lr=2.62e-04
2026-02-14 11:44:09,402 | INFO | [Inverse][gaussian|pts=200|noise=5%] epoch=10699/11999 total=6.774e-03 pde=3.422e-04 bc=2.272e-05 data=6.204e-05 best=6.693e-03 lr=2.62e-04
2026-02-14 11:44:10,821 | INFO | [Inverse][gaussian|pts=200|noise=5%] epoch=10799/11999 total=6.815e-03 pde=2.877e-04 bc=2.545e-05 data=6.273e-05 best=6.666e-03 lr=2.62e-04
2026-02-14 11:44:12,255 | INFO | [Inverse][gaussian|pts=200|noise=5%] epoch=10899/11999 total=6.652e-03 pde=2.815e-04 bc=2.403e-05 data=6.131e-05 best=6.650e-03 lr=2.62e-04
2026-02-14 11:44:13,698 | INFO | [Inverse][gaussian|pts=200|noise=5%] checkpoint saved at epoch=10999 -> outputs_refactor\full_matrix_rerun_20260214_112937\checkpoints\gaussian\inverse_pts_200_noise_5_last.pth
2026-02-14 11:44:13,698 | INFO | [Inverse][gaussian|pts=200|noise=5%] epoch=10999/11999 total=6.633e-03 pde=2.783e-04 bc=2.289e-05 data=6.126e-05 best=6.626e-03 lr=2.62e-04
2026-02-14 11:44:15,150 | INFO | [Inverse][gaussian|pts=200|noise=5%] epoch=11099/11999 total=6.603e-03 pde=2.744e-04 bc=2.347e-05 data=6.094e-05 best=6.601e-03 lr=2.62e-04
2026-02-14 11:44:16,598 | INFO | [Inverse][gaussian|pts=200|noise=5%] epoch=11199/11999 total=6.686e-03 pde=2.749e-04 bc=1.989e-05 data=6.212e-05 best=6.589e-03 lr=2.62e-04
2026-02-14 11:44:18,019 | INFO | [Inverse][gaussian|pts=200|noise=5%] epoch=11299/11999 total=7.096e-03 pde=2.886e-04 bc=3.613e-05 data=6.447e-05 best=6.589e-03 lr=2.62e-04
2026-02-14 11:44:19,426 | INFO | [Inverse][gaussian|pts=200|noise=5%] epoch=11399/11999 total=7.202e-03 pde=2.799e-04 bc=3.786e-05 data=6.543e-05 best=6.589e-03 lr=2.62e-04
2026-02-14 11:44:20,867 | INFO | [Inverse][gaussian|pts=200|noise=5%] checkpoint saved at epoch=11499 -> outputs_refactor\full_matrix_rerun_20260214_112937\checkpoints\gaussian\inverse_pts_200_noise_5_last.pth
2026-02-14 11:44:20,867 | INFO | [Inverse][gaussian|pts=200|noise=5%] epoch=11499/11999 total=7.219e-03 pde=2.821e-04 bc=1.698e-05 data=6.767e-05 best=6.583e-03 lr=2.62e-04
2026-02-14 11:44:22,292 | INFO | [Inverse][gaussian|pts=200|noise=5%] epoch=11599/11999 total=7.157e-03 pde=2.754e-04 bc=2.995e-05 data=6.582e-05 best=6.567e-03 lr=2.62e-04
2026-02-14 11:44:23,685 | INFO | [Inverse][gaussian|pts=200|noise=5%] epoch=11699/11999 total=7.172e-03 pde=2.734e-04 bc=2.917e-05 data=6.606e-05 best=6.567e-03 lr=2.62e-04
2026-02-14 11:44:25,146 | INFO | [Inverse][gaussian|pts=200|noise=5%] epoch=11799/11999 total=7.188e-03 pde=2.716e-04 bc=2.926e-05 data=6.623e-05 best=6.567e-03 lr=2.62e-04
2026-02-14 11:44:26,599 | INFO | [Inverse][gaussian|pts=200|noise=5%] epoch=11899/11999 total=7.217e-03 pde=2.703e-04 bc=2.958e-05 data=6.650e-05 best=6.567e-03 lr=2.62e-04
2026-02-14 11:44:28,011 | INFO | [Inverse][gaussian|pts=200|noise=5%] checkpoint saved at epoch=11999 -> outputs_refactor\full_matrix_rerun_20260214_112937\checkpoints\gaussian\inverse_pts_200_noise_5_last.pth
2026-02-14 11:44:28,012 | INFO | [Inverse][gaussian|pts=200|noise=5%] epoch=11999/11999 total=6.940e-03 pde=2.633e-04 bc=2.638e-05 data=6.413e-05 best=6.567e-03 lr=2.62e-04
2026-02-14 11:44:28,592 | INFO | [Inverse][pts_400_noise_0] start training charge=gaussian points=400 noise=0%
2026-02-14 11:44:28,614 | INFO | [Inverse][gaussian|pts=400|noise=0%] epoch=0/11999 total=7.304e+00 pde=1.907e-02 bc=2.513e-02 data=7.034e-02 best=7.304e+00 lr=1.00e-03
2026-02-14 11:44:30,337 | INFO | [Inverse][gaussian|pts=400|noise=0%] epoch=99/11999 total=6.078e-01 pde=3.137e-01 bc=1.622e-03 data=2.780e-03 best=6.014e-01 lr=1.00e-03
2026-02-14 11:44:31,904 | INFO | [Inverse][gaussian|pts=400|noise=0%] epoch=199/11999 total=3.306e-01 pde=9.157e-02 bc=1.969e-03 data=2.193e-03 best=3.248e-01 lr=1.00e-03
2026-02-14 11:44:33,522 | INFO | [Inverse][gaussian|pts=400|noise=0%] epoch=299/11999 total=2.110e-01 pde=3.379e-02 bc=9.556e-04 data=1.677e-03 best=2.110e-01 lr=1.00e-03
2026-02-14 11:44:35,284 | INFO | [Inverse][gaussian|pts=400|noise=0%] epoch=399/11999 total=1.568e-01 pde=2.260e-02 bc=7.583e-04 data=1.267e-03 best=1.568e-01 lr=1.00e-03
2026-02-14 11:44:36,830 | INFO | [Inverse][gaussian|pts=400|noise=0%] checkpoint saved at epoch=499 -> outputs_refactor\full_matrix_rerun_20260214_112937\checkpoints\gaussian\inverse_pts_400_noise_0_last.pth
2026-02-14 11:44:36,831 | INFO | [Inverse][gaussian|pts=400|noise=0%] epoch=499/11999 total=1.159e-01 pde=2.359e-02 bc=5.799e-04 data=8.654e-04 best=1.159e-01 lr=1.00e-03
2026-02-14 11:44:38,363 | INFO | [Inverse][gaussian|pts=400|noise=0%] epoch=599/11999 total=9.713e-02 pde=2.198e-02 bc=4.219e-04 data=7.093e-04 best=9.500e-02 lr=1.00e-03
2026-02-14 11:44:39,890 | INFO | [Inverse][gaussian|pts=400|noise=0%] epoch=699/11999 total=8.067e-02 pde=1.927e-02 bc=3.765e-04 data=5.763e-04 best=8.020e-02 lr=1.00e-03
2026-02-14 11:44:41,356 | INFO | [Inverse][gaussian|pts=400|noise=0%] epoch=799/11999 total=7.428e-02 pde=1.650e-02 bc=2.183e-04 data=5.560e-04 best=6.418e-02 lr=1.00e-03
2026-02-14 11:44:42,802 | INFO | [Inverse][gaussian|pts=400|noise=0%] epoch=899/11999 total=7.625e-02 pde=1.459e-02 bc=2.013e-04 data=5.964e-04 best=5.435e-02 lr=1.00e-03
2026-02-14 11:44:44,229 | INFO | [Inverse][gaussian|pts=400|noise=0%] checkpoint saved at epoch=999 -> outputs_refactor\full_matrix_rerun_20260214_112937\checkpoints\gaussian\inverse_pts_400_noise_0_last.pth
2026-02-14 11:44:44,229 | INFO | [Inverse][gaussian|pts=400|noise=0%] epoch=999/11999 total=1.078e-01 pde=1.375e-02 bc=9.536e-04 data=8.448e-04 best=4.879e-02 lr=1.00e-03
2026-02-14 11:44:45,649 | INFO | [Inverse][gaussian|pts=400|noise=0%] epoch=1099/11999 total=4.972e-02 pde=1.241e-02 bc=1.850e-04 data=3.546e-04 best=4.292e-02 lr=1.00e-03
2026-02-14 11:44:47,107 | INFO | [Inverse][gaussian|pts=400|noise=0%] epoch=1199/11999 total=3.990e-02 pde=1.114e-02 bc=1.184e-04 data=2.758e-04 best=3.769e-02 lr=1.00e-03
2026-02-14 11:44:48,564 | INFO | [Inverse][gaussian|pts=400|noise=0%] epoch=1299/11999 total=3.431e-02 pde=9.729e-03 bc=9.385e-05 data=2.364e-04 best=3.188e-02 lr=1.00e-03
2026-02-14 11:44:50,000 | INFO | [Inverse][gaussian|pts=400|noise=0%] epoch=1399/11999 total=2.794e-02 pde=7.748e-03 bc=5.113e-05 data=1.968e-04 best=2.669e-02 lr=1.00e-03
2026-02-14 11:44:51,440 | INFO | [Inverse][gaussian|pts=400|noise=0%] checkpoint saved at epoch=1499 -> outputs_refactor\full_matrix_rerun_20260214_112937\checkpoints\gaussian\inverse_pts_400_noise_0_last.pth
2026-02-14 11:44:51,441 | INFO | [Inverse][gaussian|pts=400|noise=0%] epoch=1499/11999 total=2.626e-02 pde=6.462e-03 bc=1.024e-04 data=1.877e-04 best=2.213e-02 lr=1.00e-03
2026-02-14 11:44:52,884 | INFO | [Inverse][gaussian|pts=400|noise=0%] epoch=1599/11999 total=2.639e-02 pde=5.770e-03 bc=7.976e-05 data=1.983e-04 best=1.992e-02 lr=1.00e-03
2026-02-14 11:44:54,314 | INFO | [Inverse][gaussian|pts=400|noise=0%] epoch=1699/11999 total=1.778e-02 pde=5.031e-03 bc=5.118e-05 data=1.224e-04 best=1.761e-02 lr=1.00e-03
2026-02-14 11:44:55,723 | INFO | [Inverse][gaussian|pts=400|noise=0%] epoch=1799/11999 total=2.258e-02 pde=4.608e-03 bc=1.424e-04 data=1.655e-04 best=1.761e-02 lr=1.00e-03
2026-02-14 11:44:57,151 | INFO | [Inverse][gaussian|pts=400|noise=0%] epoch=1899/11999 total=2.065e-02 pde=4.239e-03 bc=1.374e-04 data=1.504e-04 best=1.637e-02 lr=1.00e-03
2026-02-14 11:44:58,571 | INFO | [Inverse][gaussian|pts=400|noise=0%] checkpoint saved at epoch=1999 -> outputs_refactor\full_matrix_rerun_20260214_112937\checkpoints\gaussian\inverse_pts_400_noise_0_last.pth
2026-02-14 11:44:58,571 | INFO | [Inverse][gaussian|pts=400|noise=0%] epoch=1999/11999 total=1.968e-02 pde=3.893e-03 bc=1.430e-04 data=1.436e-04 best=1.546e-02 lr=1.00e-03
2026-02-14 11:45:00,003 | INFO | [Inverse][gaussian|pts=400|noise=0%] epoch=2099/11999 total=1.807e-02 pde=3.534e-03 bc=1.360e-04 data=1.318e-04 best=1.546e-02 lr=1.00e-03
2026-02-14 11:45:01,436 | INFO | [Inverse][gaussian|pts=400|noise=0%] epoch=2199/11999 total=1.659e-02 pde=3.158e-03 bc=1.275e-04 data=1.215e-04 best=1.546e-02 lr=1.00e-03
2026-02-14 11:45:02,955 | INFO | [Inverse][gaussian|pts=400|noise=0%] epoch=2299/11999 total=1.606e-02 pde=2.817e-03 bc=1.312e-04 data=1.193e-04 best=1.497e-02 lr=1.00e-03
2026-02-14 11:45:04,473 | INFO | [Inverse][gaussian|pts=400|noise=0%] epoch=2399/11999 total=1.459e-02 pde=2.502e-03 bc=1.335e-04 data=1.075e-04 best=1.376e-02 lr=1.00e-03
2026-02-14 11:45:05,974 | INFO | [Inverse][gaussian|pts=400|noise=0%] checkpoint saved at epoch=2499 -> outputs_refactor\full_matrix_rerun_20260214_112937\checkpoints\gaussian\inverse_pts_400_noise_0_last.pth
2026-02-14 11:45:05,975 | INFO | [Inverse][gaussian|pts=400|noise=0%] epoch=2499/11999 total=1.171e-02 pde=2.216e-03 bc=1.052e-04 data=8.447e-05 best=1.118e-02 lr=1.00e-03
2026-02-14 11:45:07,416 | INFO | [Inverse][gaussian|pts=400|noise=0%] epoch=2599/11999 total=1.105e-02 pde=2.123e-03 bc=9.219e-05 data=8.002e-05 best=9.249e-03 lr=1.00e-03
2026-02-14 11:45:08,813 | INFO | [Inverse][gaussian|pts=400|noise=0%] epoch=2699/11999 total=1.406e-02 pde=1.877e-03 bc=1.186e-04 data=1.100e-04 best=9.249e-03 lr=1.00e-03
2026-02-14 11:45:10,225 | INFO | [Inverse][gaussian|pts=400|noise=0%] epoch=2799/11999 total=1.523e-02 pde=1.764e-03 bc=1.367e-04 data=1.210e-04 best=9.249e-03 lr=1.00e-03
2026-02-14 11:45:11,627 | INFO | [Inverse][gaussian|pts=400|noise=0%] epoch=2899/11999 total=1.312e-02 pde=1.636e-03 bc=1.047e-04 data=1.044e-04 best=9.249e-03 lr=1.00e-03
2026-02-14 11:45:13,088 | INFO | [Inverse][gaussian|pts=400|noise=0%] checkpoint saved at epoch=2999 -> outputs_refactor\full_matrix_rerun_20260214_112937\checkpoints\gaussian\inverse_pts_400_noise_0_last.pth
2026-02-14 11:45:13,088 | INFO | [Inverse][gaussian|pts=400|noise=0%] epoch=2999/11999 total=1.347e-02 pde=1.528e-03 bc=9.716e-05 data=1.097e-04 best=9.249e-03 lr=1.00e-03
2026-02-14 11:45:14,527 | INFO | [Inverse][gaussian|pts=400|noise=0%] epoch=3099/11999 total=1.005e-02 pde=1.372e-03 bc=9.553e-05 data=7.727e-05 best=7.746e-03 lr=8.00e-04
2026-02-14 11:45:15,931 | INFO | [Inverse][gaussian|pts=400|noise=0%] epoch=3199/11999 total=9.916e-03 pde=1.261e-03 bc=1.051e-04 data=7.604e-05 best=7.746e-03 lr=8.00e-04
2026-02-14 11:45:17,337 | INFO | [Inverse][gaussian|pts=400|noise=0%] epoch=3299/11999 total=1.030e-02 pde=1.155e-03 bc=1.154e-04 data=7.989e-05 best=7.715e-03 lr=8.00e-04
2026-02-14 11:45:18,873 | INFO | [Inverse][gaussian|pts=400|noise=0%] epoch=3399/11999 total=7.515e-03 pde=1.005e-03 bc=7.631e-05 data=5.747e-05 best=6.840e-03 lr=8.00e-04
2026-02-14 11:45:20,291 | INFO | [Inverse][gaussian|pts=400|noise=0%] checkpoint saved at epoch=3499 -> outputs_refactor\full_matrix_rerun_20260214_112937\checkpoints\gaussian\inverse_pts_400_noise_0_last.pth
2026-02-14 11:45:20,291 | INFO | [Inverse][gaussian|pts=400|noise=0%] epoch=3499/11999 total=8.326e-03 pde=9.243e-04 bc=9.530e-05 data=6.448e-05 best=6.840e-03 lr=8.00e-04
2026-02-14 11:45:21,767 | INFO | [Inverse][gaussian|pts=400|noise=0%] epoch=3599/11999 total=8.569e-03 pde=8.548e-04 bc=1.011e-04 data=6.703e-05 best=6.433e-03 lr=8.00e-04
2026-02-14 11:45:23,276 | INFO | [Inverse][gaussian|pts=400|noise=0%] epoch=3699/11999 total=8.606e-03 pde=7.773e-04 bc=1.302e-04 data=6.527e-05 best=5.883e-03 lr=8.00e-04
2026-02-14 11:45:24,694 | INFO | [Inverse][gaussian|pts=400|noise=0%] epoch=3799/11999 total=8.273e-03 pde=7.388e-04 bc=1.272e-04 data=6.262e-05 best=5.825e-03 lr=8.00e-04
2026-02-14 11:45:26,115 | INFO | [Inverse][gaussian|pts=400|noise=0%] epoch=3899/11999 total=6.967e-03 pde=6.934e-04 bc=1.087e-04 data=5.186e-05 best=5.825e-03 lr=8.00e-04
2026-02-14 11:45:27,547 | INFO | [Inverse][gaussian|pts=400|noise=0%] checkpoint saved at epoch=3999 -> outputs_refactor\full_matrix_rerun_20260214_112937\checkpoints\gaussian\inverse_pts_400_noise_0_last.pth
2026-02-14 11:45:27,547 | INFO | [Inverse][gaussian|pts=400|noise=0%] epoch=3999/11999 total=6.508e-03 pde=6.716e-04 bc=1.021e-04 data=4.816e-05 best=5.825e-03 lr=8.00e-04
2026-02-14 11:45:28,995 | INFO | [Inverse][gaussian|pts=400|noise=0%] epoch=4099/11999 total=1.000e-02 pde=1.028e-03 bc=2.666e-05 data=8.710e-05 best=4.308e-03 lr=8.00e-04
2026-02-14 11:45:30,402 | INFO | [Inverse][gaussian|pts=400|noise=0%] epoch=4199/11999 total=9.321e-03 pde=1.708e-03 bc=9.852e-05 data=6.628e-05 best=4.253e-03 lr=8.00e-04
2026-02-14 11:45:31,814 | INFO | [Inverse][gaussian|pts=400|noise=0%] epoch=4299/11999 total=5.668e-03 pde=6.316e-04 bc=3.884e-05 data=4.648e-05 best=4.253e-03 lr=8.00e-04
2026-02-14 11:45:33,235 | INFO | [Inverse][gaussian|pts=400|noise=0%] epoch=4399/11999 total=5.869e-03 pde=6.276e-04 bc=9.422e-05 data=4.299e-05 best=4.004e-03 lr=8.00e-04
2026-02-14 11:45:34,656 | INFO | [Inverse][gaussian|pts=400|noise=0%] checkpoint saved at epoch=4499 -> outputs_refactor\full_matrix_rerun_20260214_112937\checkpoints\gaussian\inverse_pts_400_noise_0_last.pth
2026-02-14 11:45:34,656 | INFO | [Inverse][gaussian|pts=400|noise=0%] epoch=4499/11999 total=7.508e-03 pde=6.300e-04 bc=1.092e-04 data=5.787e-05 best=3.808e-03 lr=8.00e-04
2026-02-14 11:45:36,094 | INFO | [Inverse][gaussian|pts=400|noise=0%] epoch=4599/11999 total=7.672e-03 pde=6.325e-04 bc=8.560e-05 data=6.183e-05 best=3.808e-03 lr=8.00e-04
2026-02-14 11:45:37,493 | INFO | [Inverse][gaussian|pts=400|noise=0%] epoch=4699/11999 total=7.792e-03 pde=6.216e-04 bc=8.749e-05 data=6.296e-05 best=3.808e-03 lr=8.00e-04
2026-02-14 11:45:39,022 | INFO | [Inverse][gaussian|pts=400|noise=0%] epoch=4799/11999 total=7.885e-03 pde=6.149e-04 bc=8.892e-05 data=6.381e-05 best=3.808e-03 lr=8.00e-04
2026-02-14 11:45:40,549 | INFO | [Inverse][gaussian|pts=400|noise=0%] epoch=4899/11999 total=6.972e-03 pde=5.990e-04 bc=7.891e-05 data=5.584e-05 best=3.808e-03 lr=8.00e-04
2026-02-14 11:45:41,966 | INFO | [Inverse][gaussian|pts=400|noise=0%] checkpoint saved at epoch=4999 -> outputs_refactor\full_matrix_rerun_20260214_112937\checkpoints\gaussian\inverse_pts_400_noise_0_last.pth
2026-02-14 11:45:41,967 | INFO | [Inverse][gaussian|pts=400|noise=0%] epoch=4999/11999 total=5.070e-03 pde=5.701e-04 bc=5.759e-05 data=3.924e-05 best=3.808e-03 lr=6.40e-04
2026-02-14 11:45:43,378 | INFO | [Inverse][gaussian|pts=400|noise=0%] epoch=5099/11999 total=4.907e-03 pde=5.686e-04 bc=5.672e-05 data=3.771e-05 best=3.808e-03 lr=6.40e-04
2026-02-14 11:45:44,808 | INFO | [Inverse][gaussian|pts=400|noise=0%] epoch=5199/11999 total=4.499e-03 pde=5.609e-04 bc=5.260e-05 data=3.412e-05 best=3.808e-03 lr=6.40e-04
2026-02-14 11:45:46,210 | INFO | [Inverse][gaussian|pts=400|noise=0%] epoch=5299/11999 total=3.975e-03 pde=5.504e-04 bc=4.685e-05 data=2.957e-05 best=3.808e-03 lr=6.40e-04
2026-02-14 11:45:47,664 | INFO | [Inverse][gaussian|pts=400|noise=0%] epoch=5399/11999 total=4.792e-03 pde=5.631e-04 bc=5.919e-05 data=3.637e-05 best=3.648e-03 lr=6.40e-04
2026-02-14 11:45:49,118 | INFO | [Inverse][gaussian|pts=400|noise=0%] checkpoint saved at epoch=5499 -> outputs_refactor\full_matrix_rerun_20260214_112937\checkpoints\gaussian\inverse_pts_400_noise_0_last.pth
2026-02-14 11:45:49,119 | INFO | [Inverse][gaussian|pts=400|noise=0%] epoch=5499/11999 total=3.910e-03 pde=5.457e-04 bc=4.570e-05 data=2.908e-05 best=3.648e-03 lr=6.40e-04
2026-02-14 11:45:50,555 | INFO | [Inverse][gaussian|pts=400|noise=0%] epoch=5599/11999 total=4.417e-03 pde=5.563e-04 bc=4.877e-05 data=3.373e-05 best=3.648e-03 lr=6.40e-04
2026-02-14 11:45:51,967 | INFO | [Inverse][gaussian|pts=400|noise=0%] epoch=5699/11999 total=4.324e-03 pde=5.543e-04 bc=4.533e-05 data=3.316e-05 best=3.648e-03 lr=6.40e-04
2026-02-14 11:45:53,381 | INFO | [Inverse][gaussian|pts=400|noise=0%] epoch=5799/11999 total=4.252e-03 pde=5.540e-04 bc=4.127e-05 data=3.285e-05 best=3.648e-03 lr=6.40e-04
2026-02-14 11:45:54,846 | INFO | [Inverse][gaussian|pts=400|noise=0%] epoch=5899/11999 total=3.309e-03 pde=5.276e-04 bc=3.298e-05 data=2.452e-05 best=3.309e-03 lr=5.12e-04
2026-02-14 11:45:56,295 | INFO | [Inverse][gaussian|pts=400|noise=0%] checkpoint saved at epoch=5999 -> outputs_refactor\full_matrix_rerun_20260214_112937\checkpoints\gaussian\inverse_pts_400_noise_0_last.pth
2026-02-14 11:45:56,296 | INFO | [Inverse][gaussian|pts=400|noise=0%] epoch=5999/11999 total=3.649e-03 pde=5.390e-04 bc=3.352e-05 data=2.775e-05 best=3.297e-03 lr=5.12e-04
2026-02-14 11:45:57,721 | INFO | [Inverse][gaussian|pts=400|noise=0%] epoch=6099/11999 total=3.628e-03 pde=5.382e-04 bc=3.208e-05 data=2.769e-05 best=3.297e-03 lr=5.12e-04
2026-02-14 11:45:59,128 | INFO | [Inverse][gaussian|pts=400|noise=0%] epoch=6199/11999 total=3.669e-03 pde=5.389e-04 bc=3.095e-05 data=2.821e-05 best=3.297e-03 lr=5.12e-04
2026-02-14 11:46:00,610 | INFO | [Inverse][gaussian|pts=400|noise=0%] epoch=6299/11999 total=3.518e-03 pde=5.171e-04 bc=3.860e-05 data=2.615e-05 best=2.958e-03 lr=5.12e-04
2026-02-14 11:46:02,002 | INFO | [Inverse][gaussian|pts=400|noise=0%] epoch=6399/11999 total=4.693e-03 pde=5.101e-04 bc=5.098e-05 data=3.673e-05 best=2.550e-03 lr=5.12e-04
2026-02-14 11:46:03,471 | INFO | [Inverse][gaussian|pts=400|noise=0%] checkpoint saved at epoch=6499 -> outputs_refactor\full_matrix_rerun_20260214_112937\checkpoints\gaussian\inverse_pts_400_noise_0_last.pth
2026-02-14 11:46:03,472 | INFO | [Inverse][gaussian|pts=400|noise=0%] epoch=6499/11999 total=4.407e-03 pde=5.025e-04 bc=4.792e-05 data=3.426e-05 best=2.550e-03 lr=5.12e-04
2026-02-14 11:46:04,919 | INFO | [Inverse][gaussian|pts=400|noise=0%] epoch=6599/11999 total=4.111e-03 pde=4.940e-04 bc=4.556e-05 data=3.161e-05 best=2.550e-03 lr=5.12e-04
2026-02-14 11:46:06,330 | INFO | [Inverse][gaussian|pts=400|noise=0%] epoch=6699/11999 total=3.909e-03 pde=4.872e-04 bc=4.355e-05 data=2.986e-05 best=2.550e-03 lr=5.12e-04
2026-02-14 11:46:07,743 | INFO | [Inverse][gaussian|pts=400|noise=0%] epoch=6799/11999 total=3.832e-03 pde=4.844e-04 bc=3.845e-05 data=2.963e-05 best=2.550e-03 lr=5.12e-04
2026-02-14 11:46:09,159 | INFO | [Inverse][gaussian|pts=400|noise=0%] epoch=6899/11999 total=3.392e-03 pde=4.762e-04 bc=3.237e-05 data=2.593e-05 best=2.550e-03 lr=4.10e-04
2026-02-14 11:46:10,578 | INFO | [Inverse][gaussian|pts=400|noise=0%] checkpoint saved at epoch=6999 -> outputs_refactor\full_matrix_rerun_20260214_112937\checkpoints\gaussian\inverse_pts_400_noise_0_last.pth
2026-02-14 11:46:10,578 | INFO | [Inverse][gaussian|pts=400|noise=0%] epoch=6999/11999 total=3.377e-03 pde=4.727e-04 bc=3.108e-05 data=2.593e-05 best=2.550e-03 lr=4.10e-04
2026-02-14 11:46:12,000 | INFO | [Inverse][gaussian|pts=400|noise=0%] epoch=7099/11999 total=3.321e-03 pde=4.659e-04 bc=3.170e-05 data=2.538e-05 best=2.550e-03 lr=4.10e-04
2026-02-14 11:46:13,438 | INFO | [Inverse][gaussian|pts=400|noise=0%] epoch=7199/11999 total=2.997e-03 pde=4.558e-04 bc=2.966e-05 data=2.245e-05 best=2.550e-03 lr=4.10e-04
2026-02-14 11:46:14,843 | INFO | [Inverse][gaussian|pts=400|noise=0%] epoch=7299/11999 total=2.995e-03 pde=4.531e-04 bc=3.437e-05 data=2.198e-05 best=2.550e-03 lr=4.10e-04
2026-02-14 11:46:16,266 | INFO | [Inverse][gaussian|pts=400|noise=0%] epoch=7399/11999 total=2.544e-03 pde=4.399e-04 bc=3.118e-05 data=1.793e-05 best=2.408e-03 lr=3.28e-04
2026-02-14 11:46:17,711 | INFO | [Inverse][gaussian|pts=400|noise=0%] checkpoint saved at epoch=7499 -> outputs_refactor\full_matrix_rerun_20260214_112937\checkpoints\gaussian\inverse_pts_400_noise_0_last.pth
2026-02-14 11:46:17,711 | INFO | [Inverse][gaussian|pts=400|noise=0%] epoch=7499/11999 total=2.640e-03 pde=4.374e-04 bc=3.297e-05 data=1.873e-05 best=2.370e-03 lr=3.28e-04
2026-02-14 11:46:19,207 | INFO | [Inverse][gaussian|pts=400|noise=0%] epoch=7599/11999 total=2.647e-03 pde=4.320e-04 bc=3.361e-05 data=1.879e-05 best=2.225e-03 lr=3.28e-04
2026-02-14 11:46:20,657 | INFO | [Inverse][gaussian|pts=400|noise=0%] epoch=7699/11999 total=2.160e-03 pde=4.114e-04 bc=2.858e-05 data=1.463e-05 best=2.160e-03 lr=3.28e-04
2026-02-14 11:46:22,092 | INFO | [Inverse][gaussian|pts=400|noise=0%] epoch=7799/11999 total=2.341e-03 pde=4.075e-04 bc=3.277e-05 data=1.606e-05 best=2.009e-03 lr=3.28e-04
2026-02-14 11:46:23,506 | INFO | [Inverse][gaussian|pts=400|noise=0%] epoch=7899/11999 total=2.403e-03 pde=4.016e-04 bc=3.258e-05 data=1.676e-05 best=2.009e-03 lr=3.28e-04
2026-02-14 11:46:24,940 | INFO | [Inverse][gaussian|pts=400|noise=0%] checkpoint saved at epoch=7999 -> outputs_refactor\full_matrix_rerun_20260214_112937\checkpoints\gaussian\inverse_pts_400_noise_0_last.pth
2026-02-14 11:46:24,941 | INFO | [Inverse][gaussian|pts=400|noise=0%] epoch=7999/11999 total=2.282e-03 pde=3.917e-04 bc=3.141e-05 data=1.576e-05 best=2.009e-03 lr=3.28e-04
2026-02-14 11:46:26,374 | INFO | [Inverse][gaussian|pts=400|noise=0%] epoch=8099/11999 total=2.320e-03 pde=3.861e-04 bc=3.255e-05 data=1.608e-05 best=2.009e-03 lr=3.28e-04
2026-02-14 11:46:27,786 | INFO | [Inverse][gaussian|pts=400|noise=0%] epoch=8199/11999 total=2.291e-03 pde=3.811e-04 bc=3.541e-05 data=1.556e-05 best=2.009e-03 lr=3.28e-04
2026-02-14 11:46:29,193 | INFO | [Inverse][gaussian|pts=400|noise=0%] epoch=8299/11999 total=2.022e-03 pde=3.692e-04 bc=3.307e-05 data=1.322e-05 best=2.001e-03 lr=2.62e-04
2026-02-14 11:46:30,610 | INFO | [Inverse][gaussian|pts=400|noise=0%] epoch=8399/11999 total=2.052e-03 pde=3.652e-04 bc=3.469e-05 data=1.340e-05 best=2.001e-03 lr=2.62e-04
2026-02-14 11:46:32,041 | INFO | [Inverse][gaussian|pts=400|noise=0%] checkpoint saved at epoch=8499 -> outputs_refactor\full_matrix_rerun_20260214_112937\checkpoints\gaussian\inverse_pts_400_noise_0_last.pth
2026-02-14 11:46:32,042 | INFO | [Inverse][gaussian|pts=400|noise=0%] epoch=8499/11999 total=1.847e-03 pde=3.524e-04 bc=3.078e-05 data=1.187e-05 best=1.847e-03 lr=2.62e-04
2026-02-14 11:46:33,613 | INFO | [Inverse][gaussian|pts=400|noise=0%] epoch=8599/11999 total=1.666e-03 pde=3.413e-04 bc=2.401e-05 data=1.084e-05 best=1.666e-03 lr=2.62e-04
2026-02-14 11:46:35,402 | INFO | [Inverse][gaussian|pts=400|noise=0%] epoch=8699/11999 total=1.623e-03 pde=3.329e-04 bc=2.362e-05 data=1.054e-05 best=1.623e-03 lr=2.62e-04
2026-02-14 11:46:37,188 | INFO | [Inverse][gaussian|pts=400|noise=0%] epoch=8799/11999 total=1.579e-03 pde=3.242e-04 bc=2.320e-05 data=1.023e-05 best=1.579e-03 lr=2.62e-04
2026-02-14 11:46:39,054 | INFO | [Inverse][gaussian|pts=400|noise=0%] epoch=8899/11999 total=1.535e-03 pde=3.154e-04 bc=2.277e-05 data=9.919e-06 best=1.535e-03 lr=2.62e-04
2026-02-14 11:46:41,006 | INFO | [Inverse][gaussian|pts=400|noise=0%] checkpoint saved at epoch=8999 -> outputs_refactor\full_matrix_rerun_20260214_112937\checkpoints\gaussian\inverse_pts_400_noise_0_last.pth
2026-02-14 11:46:41,007 | INFO | [Inverse][gaussian|pts=400|noise=0%] epoch=8999/11999 total=1.490e-03 pde=3.066e-04 bc=2.232e-05 data=9.607e-06 best=1.490e-03 lr=2.62e-04
2026-02-14 11:46:42,719 | INFO | [Inverse][gaussian|pts=400|noise=0%] epoch=9099/11999 total=1.672e-03 pde=3.026e-04 bc=2.076e-05 data=1.162e-05 best=1.448e-03 lr=2.62e-04
2026-02-14 11:46:44,175 | INFO | [Inverse][gaussian|pts=400|noise=0%] epoch=9199/11999 total=1.747e-03 pde=3.041e-04 bc=2.216e-05 data=1.221e-05 best=1.427e-03 lr=2.62e-04
2026-02-14 11:46:45,643 | INFO | [Inverse][gaussian|pts=400|noise=0%] epoch=9299/11999 total=1.413e-03 pde=2.832e-04 bc=2.319e-05 data=8.980e-06 best=1.369e-03 lr=2.62e-04
2026-02-14 11:46:47,135 | INFO | [Inverse][gaussian|pts=400|noise=0%] epoch=9399/11999 total=1.326e-03 pde=2.738e-04 bc=2.047e-05 data=8.471e-06 best=1.326e-03 lr=2.62e-04
2026-02-14 11:46:48,661 | INFO | [Inverse][gaussian|pts=400|noise=0%] checkpoint saved at epoch=9499 -> outputs_refactor\full_matrix_rerun_20260214_112937\checkpoints\gaussian\inverse_pts_400_noise_0_last.pth
2026-02-14 11:46:48,662 | INFO | [Inverse][gaussian|pts=400|noise=0%] epoch=9499/11999 total=1.304e-03 pde=2.671e-04 bc=2.131e-05 data=8.236e-06 best=1.299e-03 lr=2.62e-04
2026-02-14 11:46:50,148 | INFO | [Inverse][gaussian|pts=400|noise=0%] epoch=9599/11999 total=1.353e-03 pde=2.632e-04 bc=2.268e-05 data=8.626e-06 best=1.254e-03 lr=2.62e-04
2026-02-14 11:46:51,576 | INFO | [Inverse][gaussian|pts=400|noise=0%] epoch=9699/11999 total=1.909e-03 pde=2.735e-04 bc=2.203e-05 data=1.415e-05 best=1.247e-03 lr=2.62e-04
2026-02-14 11:46:52,974 | INFO | [Inverse][gaussian|pts=400|noise=0%] epoch=9799/11999 total=1.561e-03 pde=2.580e-04 bc=2.150e-05 data=1.088e-05 best=1.247e-03 lr=2.62e-04
2026-02-14 11:46:54,382 | INFO | [Inverse][gaussian|pts=400|noise=0%] epoch=9899/11999 total=1.497e-03 pde=2.528e-04 bc=2.083e-05 data=1.036e-05 best=1.247e-03 lr=2.62e-04
2026-02-14 11:46:55,889 | INFO | [Inverse][gaussian|pts=400|noise=0%] checkpoint saved at epoch=9999 -> outputs_refactor\full_matrix_rerun_20260214_112937\checkpoints\gaussian\inverse_pts_400_noise_0_last.pth
2026-02-14 11:46:55,890 | INFO | [Inverse][gaussian|pts=400|noise=0%] epoch=9999/11999 total=1.548e-03 pde=2.516e-04 bc=2.063e-05 data=1.090e-05 best=1.247e-03 lr=2.62e-04
2026-02-14 11:46:57,299 | INFO | [Inverse][gaussian|pts=400|noise=0%] epoch=10099/11999 total=1.512e-03 pde=2.495e-04 bc=1.867e-05 data=1.076e-05 best=1.247e-03 lr=2.62e-04
2026-02-14 11:46:58,739 | INFO | [Inverse][gaussian|pts=400|noise=0%] epoch=10199/11999 total=1.130e-03 pde=2.344e-04 bc=1.903e-05 data=7.054e-06 best=1.127e-03 lr=2.10e-04
2026-02-14 11:47:00,467 | INFO | [Inverse][gaussian|pts=400|noise=0%] epoch=10299/11999 total=1.102e-03 pde=2.307e-04 bc=1.817e-05 data=6.891e-06 best=1.102e-03 lr=2.10e-04
2026-02-14 11:47:02,270 | INFO | [Inverse][gaussian|pts=400|noise=0%] epoch=10399/11999 total=1.076e-03 pde=2.267e-04 bc=1.787e-05 data=6.711e-06 best=1.076e-03 lr=2.10e-04
2026-02-14 11:47:04,048 | INFO | [Inverse][gaussian|pts=400|noise=0%] checkpoint saved at epoch=10499 -> outputs_refactor\full_matrix_rerun_20260214_112937\checkpoints\gaussian\inverse_pts_400_noise_0_last.pth
2026-02-14 11:47:04,048 | INFO | [Inverse][gaussian|pts=400|noise=0%] epoch=10499/11999 total=1.051e-03 pde=2.223e-04 bc=1.757e-05 data=6.530e-06 best=1.051e-03 lr=2.10e-04
2026-02-14 11:47:05,593 | INFO | [Inverse][gaussian|pts=400|noise=0%] epoch=10599/11999 total=1.028e-03 pde=2.177e-04 bc=1.706e-05 data=6.398e-06 best=1.027e-03 lr=2.10e-04
2026-02-14 11:47:07,134 | INFO | [Inverse][gaussian|pts=400|noise=0%] epoch=10699/11999 total=1.003e-03 pde=2.130e-04 bc=1.676e-05 data=6.224e-06 best=1.002e-03 lr=2.10e-04
2026-02-14 11:47:08,805 | INFO | [Inverse][gaussian|pts=400|noise=0%] epoch=10799/11999 total=9.782e-04 pde=2.081e-04 bc=1.645e-05 data=6.056e-06 best=9.782e-04 lr=2.10e-04
2026-02-14 11:47:10,454 | INFO | [Inverse][gaussian|pts=400|noise=0%] epoch=10899/11999 total=9.513e-04 pde=2.030e-04 bc=1.629e-05 data=5.854e-06 best=9.513e-04 lr=2.10e-04
2026-02-14 11:47:12,091 | INFO | [Inverse][gaussian|pts=400|noise=0%] checkpoint saved at epoch=10999 -> outputs_refactor\full_matrix_rerun_20260214_112937\checkpoints\gaussian\inverse_pts_400_noise_0_last.pth
2026-02-14 11:47:12,091 | INFO | [Inverse][gaussian|pts=400|noise=0%] epoch=10999/11999 total=9.303e-04 pde=1.980e-04 bc=1.580e-05 data=5.743e-06 best=9.292e-04 lr=2.10e-04
2026-02-14 11:47:13,662 | INFO | [Inverse][gaussian|pts=400|noise=0%] epoch=11099/11999 total=1.009e-03 pde=1.959e-04 bc=1.910e-05 data=6.223e-06 best=9.142e-04 lr=2.10e-04
2026-02-14 11:47:15,281 | INFO | [Inverse][gaussian|pts=400|noise=0%] epoch=11199/11999 total=8.941e-04 pde=1.879e-04 bc=1.653e-05 data=5.409e-06 best=8.835e-04 lr=2.10e-04
2026-02-14 11:47:16,762 | INFO | [Inverse][gaussian|pts=400|noise=0%] epoch=11299/11999 total=9.002e-04 pde=1.828e-04 bc=1.569e-05 data=5.605e-06 best=8.597e-04 lr=2.10e-04
2026-02-14 11:47:18,273 | INFO | [Inverse][gaussian|pts=400|noise=0%] epoch=11399/11999 total=8.479e-04 pde=1.771e-04 bc=1.420e-05 data=5.288e-06 best=8.429e-04 lr=2.10e-04
2026-02-14 11:47:19,838 | INFO | [Inverse][gaussian|pts=400|noise=0%] checkpoint saved at epoch=11499 -> outputs_refactor\full_matrix_rerun_20260214_112937\checkpoints\gaussian\inverse_pts_400_noise_0_last.pth
2026-02-14 11:47:19,839 | INFO | [Inverse][gaussian|pts=400|noise=0%] epoch=11499/11999 total=9.316e-04 pde=1.760e-04 bc=1.677e-05 data=5.880e-06 best=8.211e-04 lr=2.10e-04
2026-02-14 11:47:21,387 | INFO | [Inverse][gaussian|pts=400|noise=0%] epoch=11599/11999 total=9.475e-04 pde=1.707e-04 bc=1.864e-05 data=5.904e-06 best=8.055e-04 lr=2.10e-04
2026-02-14 11:47:22,922 | INFO | [Inverse][gaussian|pts=400|noise=0%] epoch=11699/11999 total=8.071e-04 pde=1.632e-04 bc=1.236e-05 data=5.204e-06 best=7.919e-04 lr=2.10e-04
2026-02-14 11:47:24,473 | INFO | [Inverse][gaussian|pts=400|noise=0%] epoch=11799/11999 total=8.016e-04 pde=1.583e-04 bc=1.499e-05 data=4.934e-06 best=7.573e-04 lr=2.10e-04
2026-02-14 11:47:26,011 | INFO | [Inverse][gaussian|pts=400|noise=0%] epoch=11899/11999 total=7.476e-04 pde=1.519e-04 bc=1.372e-05 data=4.584e-06 best=7.464e-04 lr=2.10e-04
2026-02-14 11:47:27,600 | INFO | [Inverse][gaussian|pts=400|noise=0%] checkpoint saved at epoch=11999 -> outputs_refactor\full_matrix_rerun_20260214_112937\checkpoints\gaussian\inverse_pts_400_noise_0_last.pth
2026-02-14 11:47:27,600 | INFO | [Inverse][gaussian|pts=400|noise=0%] epoch=11999/11999 total=8.140e-04 pde=1.494e-04 bc=1.402e-05 data=5.244e-06 best=7.236e-04 lr=2.10e-04
2026-02-14 11:47:28,223 | INFO | [Inverse][pts_400_noise_1] start training charge=gaussian points=400 noise=1%
2026-02-14 11:47:28,250 | INFO | [Inverse][gaussian|pts=400|noise=1%] epoch=0/11999 total=5.688e+00 pde=7.398e-03 bc=1.273e-04 data=5.680e-02 best=5.688e+00 lr=1.00e-03
2026-02-14 11:47:30,009 | INFO | [Inverse][gaussian|pts=400|noise=1%] epoch=99/11999 total=4.929e-01 pde=2.231e-01 bc=1.448e-03 data=2.553e-03 best=4.929e-01 lr=1.00e-03
2026-02-14 11:47:31,588 | INFO | [Inverse][gaussian|pts=400|noise=1%] epoch=199/11999 total=2.671e-01 pde=5.228e-02 bc=1.939e-03 data=1.954e-03 best=2.533e-01 lr=1.00e-03
2026-02-14 11:47:33,106 | INFO | [Inverse][gaussian|pts=400|noise=1%] epoch=299/11999 total=1.521e-01 pde=2.138e-02 bc=8.466e-04 data=1.223e-03 best=1.492e-01 lr=1.00e-03
2026-02-14 11:47:34,702 | INFO | [Inverse][gaussian|pts=400|noise=1%] epoch=399/11999 total=1.024e-01 pde=1.682e-02 bc=4.617e-04 data=8.100e-04 best=1.016e-01 lr=1.00e-03
2026-02-14 11:47:36,207 | INFO | [Inverse][gaussian|pts=400|noise=1%] checkpoint saved at epoch=499 -> outputs_refactor\full_matrix_rerun_20260214_112937\checkpoints\gaussian\inverse_pts_400_noise_1_last.pth
2026-02-14 11:47:36,208 | INFO | [Inverse][gaussian|pts=400|noise=1%] epoch=499/11999 total=8.235e-02 pde=1.758e-02 bc=5.153e-04 data=5.962e-04 best=8.183e-02 lr=1.00e-03
2026-02-14 11:47:37,669 | INFO | [Inverse][gaussian|pts=400|noise=1%] epoch=599/11999 total=9.471e-02 pde=1.702e-02 bc=1.872e-04 data=7.582e-04 best=7.580e-02 lr=1.00e-03
2026-02-14 11:47:39,207 | INFO | [Inverse][gaussian|pts=400|noise=1%] epoch=699/11999 total=6.685e-02 pde=1.529e-02 bc=4.049e-04 data=4.751e-04 best=6.504e-02 lr=1.00e-03
2026-02-14 11:47:40,766 | INFO | [Inverse][gaussian|pts=400|noise=1%] epoch=799/11999 total=6.361e-02 pde=1.218e-02 bc=8.743e-05 data=5.056e-04 best=5.231e-02 lr=1.00e-03
2026-02-14 11:47:42,219 | INFO | [Inverse][gaussian|pts=400|noise=1%] epoch=899/11999 total=6.028e-02 pde=1.061e-02 bc=3.749e-04 data=4.592e-04 best=4.244e-02 lr=1.00e-03
2026-02-14 11:47:43,667 | INFO | [Inverse][gaussian|pts=400|noise=1%] checkpoint saved at epoch=999 -> outputs_refactor\full_matrix_rerun_20260214_112937\checkpoints\gaussian\inverse_pts_400_noise_1_last.pth
2026-02-14 11:47:43,667 | INFO | [Inverse][gaussian|pts=400|noise=1%] epoch=999/11999 total=4.332e-02 pde=9.414e-03 bc=2.429e-04 data=3.147e-04 best=3.835e-02 lr=1.00e-03
2026-02-14 11:47:45,129 | INFO | [Inverse][gaussian|pts=400|noise=1%] epoch=1099/11999 total=3.730e-02 pde=8.475e-03 bc=1.938e-04 data=2.689e-04 best=3.537e-02 lr=1.00e-03
2026-02-14 11:47:46,635 | INFO | [Inverse][gaussian|pts=400|noise=1%] epoch=1199/11999 total=2.732e-02 pde=7.373e-03 bc=1.072e-04 data=1.887e-04 best=2.732e-02 lr=1.00e-03
2026-02-14 11:47:48,079 | INFO | [Inverse][gaussian|pts=400|noise=1%] epoch=1299/11999 total=2.557e-02 pde=6.346e-03 bc=1.533e-04 data=1.769e-04 best=2.393e-02 lr=1.00e-03
2026-02-14 11:47:49,508 | INFO | [Inverse][gaussian|pts=400|noise=1%] epoch=1399/11999 total=2.629e-02 pde=5.000e-03 bc=1.874e-04 data=1.942e-04 best=2.121e-02 lr=1.00e-03
2026-02-14 11:47:51,005 | INFO | [Inverse][gaussian|pts=400|noise=1%] checkpoint saved at epoch=1499 -> outputs_refactor\full_matrix_rerun_20260214_112937\checkpoints\gaussian\inverse_pts_400_noise_1_last.pth
2026-02-14 11:47:51,006 | INFO | [Inverse][gaussian|pts=400|noise=1%] epoch=1499/11999 total=2.171e-02 pde=4.177e-03 bc=1.519e-04 data=1.601e-04 best=2.008e-02 lr=1.00e-03
2026-02-14 11:47:52,555 | INFO | [Inverse][gaussian|pts=400|noise=1%] epoch=1599/11999 total=1.745e-02 pde=3.683e-03 bc=1.119e-04 data=1.265e-04 best=1.745e-02 lr=1.00e-03
2026-02-14 11:47:54,052 | INFO | [Inverse][gaussian|pts=400|noise=1%] epoch=1699/11999 total=1.460e-02 pde=3.302e-03 bc=8.824e-05 data=1.042e-04 best=1.460e-02 lr=1.00e-03
2026-02-14 11:47:55,563 | INFO | [Inverse][gaussian|pts=400|noise=1%] epoch=1799/11999 total=1.297e-02 pde=2.966e-03 bc=7.983e-05 data=9.206e-05 best=1.297e-02 lr=1.00e-03
2026-02-14 11:47:56,983 | INFO | [Inverse][gaussian|pts=400|noise=1%] epoch=1899/11999 total=1.489e-02 pde=2.716e-03 bc=1.211e-04 data=1.097e-04 best=1.277e-02 lr=1.00e-03
2026-02-14 11:47:58,494 | INFO | [Inverse][gaussian|pts=400|noise=1%] checkpoint saved at epoch=1999 -> outputs_refactor\full_matrix_rerun_20260214_112937\checkpoints\gaussian\inverse_pts_400_noise_1_last.pth
2026-02-14 11:47:58,495 | INFO | [Inverse][gaussian|pts=400|noise=1%] epoch=1999/11999 total=1.599e-02 pde=2.497e-03 bc=1.471e-04 data=1.202e-04 best=1.099e-02 lr=1.00e-03
2026-02-14 11:47:59,936 | INFO | [Inverse][gaussian|pts=400|noise=1%] epoch=2099/11999 total=2.462e-02 pde=2.487e-03 bc=2.150e-04 data=1.998e-04 best=8.816e-03 lr=1.00e-03
2026-02-14 11:48:01,355 | INFO | [Inverse][gaussian|pts=400|noise=1%] epoch=2199/11999 total=1.703e-02 pde=2.280e-03 bc=1.426e-04 data=1.333e-04 best=8.816e-03 lr=1.00e-03
2026-02-14 11:48:02,800 | INFO | [Inverse][gaussian|pts=400|noise=1%] epoch=2299/11999 total=1.683e-02 pde=2.152e-03 bc=1.447e-04 data=1.323e-04 best=8.816e-03 lr=1.00e-03
2026-02-14 11:48:04,212 | INFO | [Inverse][gaussian|pts=400|noise=1%] epoch=2399/11999 total=1.365e-02 pde=1.980e-03 bc=1.104e-04 data=1.057e-04 best=8.816e-03 lr=1.00e-03
2026-02-14 11:48:05,604 | INFO | [Inverse][gaussian|pts=400|noise=1%] checkpoint saved at epoch=2499 -> outputs_refactor\full_matrix_rerun_20260214_112937\checkpoints\gaussian\inverse_pts_400_noise_1_last.pth
2026-02-14 11:48:05,605 | INFO | [Inverse][gaussian|pts=400|noise=1%] epoch=2499/11999 total=1.249e-02 pde=1.851e-03 bc=1.010e-04 data=9.634e-05 best=8.816e-03 lr=1.00e-03
2026-02-14 11:48:07,033 | INFO | [Inverse][gaussian|pts=400|noise=1%] epoch=2599/11999 total=8.903e-03 pde=1.686e-03 bc=6.225e-05 data=6.594e-05 best=8.519e-03 lr=8.00e-04
2026-02-14 11:48:08,449 | INFO | [Inverse][gaussian|pts=400|noise=1%] epoch=2699/11999 total=9.824e-03 pde=1.620e-03 bc=7.902e-05 data=7.414e-05 best=8.519e-03 lr=8.00e-04
2026-02-14 11:48:09,940 | INFO | [Inverse][gaussian|pts=400|noise=1%] epoch=2799/11999 total=1.054e-02 pde=1.550e-03 bc=8.750e-05 data=8.111e-05 best=7.721e-03 lr=8.00e-04
2026-02-14 11:48:11,432 | INFO | [Inverse][gaussian|pts=400|noise=1%] epoch=2899/11999 total=1.130e-02 pde=1.494e-03 bc=8.335e-05 data=8.971e-05 best=6.895e-03 lr=8.00e-04
2026-02-14 11:48:12,910 | INFO | [Inverse][gaussian|pts=400|noise=1%] checkpoint saved at epoch=2999 -> outputs_refactor\full_matrix_rerun_20260214_112937\checkpoints\gaussian\inverse_pts_400_noise_1_last.pth
2026-02-14 11:48:12,910 | INFO | [Inverse][gaussian|pts=400|noise=1%] epoch=2999/11999 total=7.755e-03 pde=1.299e-03 bc=6.177e-05 data=5.838e-05 best=5.907e-03 lr=8.00e-04
2026-02-14 11:48:14,319 | INFO | [Inverse][gaussian|pts=400|noise=1%] epoch=3099/11999 total=8.783e-03 pde=1.230e-03 bc=8.666e-05 data=6.686e-05 best=5.907e-03 lr=8.00e-04
2026-02-14 11:48:15,755 | INFO | [Inverse][gaussian|pts=400|noise=1%] epoch=3199/11999 total=8.848e-03 pde=1.167e-03 bc=8.967e-05 data=6.784e-05 best=5.907e-03 lr=8.00e-04
2026-02-14 11:48:17,157 | INFO | [Inverse][gaussian|pts=400|noise=1%] epoch=3299/11999 total=8.327e-03 pde=1.103e-03 bc=8.159e-05 data=6.408e-05 best=5.907e-03 lr=8.00e-04
2026-02-14 11:48:18,554 | INFO | [Inverse][gaussian|pts=400|noise=1%] epoch=3399/11999 total=8.091e-03 pde=1.045e-03 bc=7.684e-05 data=6.278e-05 best=5.907e-03 lr=8.00e-04
2026-02-14 11:48:20,005 | INFO | [Inverse][gaussian|pts=400|noise=1%] checkpoint saved at epoch=3499 -> outputs_refactor\full_matrix_rerun_20260214_112937\checkpoints\gaussian\inverse_pts_400_noise_1_last.pth
2026-02-14 11:48:20,006 | INFO | [Inverse][gaussian|pts=400|noise=1%] epoch=3499/11999 total=8.037e-03 pde=9.968e-04 bc=7.382e-05 data=6.302e-05 best=5.611e-03 lr=6.40e-04
2026-02-14 11:48:21,520 | INFO | [Inverse][gaussian|pts=400|noise=1%] epoch=3599/11999 total=7.825e-03 pde=9.499e-04 bc=6.889e-05 data=6.186e-05 best=5.386e-03 lr=6.40e-04
2026-02-14 11:48:23,097 | INFO | [Inverse][gaussian|pts=400|noise=1%] epoch=3699/11999 total=7.382e-03 pde=9.429e-04 bc=6.095e-05 data=5.829e-05 best=5.255e-03 lr=6.40e-04
2026-02-14 11:48:24,508 | INFO | [Inverse][gaussian|pts=400|noise=1%] epoch=3799/11999 total=6.648e-03 pde=8.614e-04 bc=5.208e-05 data=5.265e-05 best=5.255e-03 lr=6.40e-04
2026-02-14 11:48:25,916 | INFO | [Inverse][gaussian|pts=400|noise=1%] epoch=3899/11999 total=6.390e-03 pde=8.302e-04 bc=4.781e-05 data=5.082e-05 best=5.255e-03 lr=6.40e-04
2026-02-14 11:48:27,391 | INFO | [Inverse][gaussian|pts=400|noise=1%] checkpoint saved at epoch=3999 -> outputs_refactor\full_matrix_rerun_20260214_112937\checkpoints\gaussian\inverse_pts_400_noise_1_last.pth
2026-02-14 11:48:27,392 | INFO | [Inverse][gaussian|pts=400|noise=1%] epoch=3999/11999 total=6.099e-03 pde=8.012e-04 bc=4.343e-05 data=4.864e-05 best=5.219e-03 lr=6.40e-04
2026-02-14 11:48:28,903 | INFO | [Inverse][gaussian|pts=400|noise=1%] epoch=4099/11999 total=5.762e-03 pde=7.706e-04 bc=3.901e-05 data=4.601e-05 best=5.183e-03 lr=6.40e-04
2026-02-14 11:48:30,318 | INFO | [Inverse][gaussian|pts=400|noise=1%] epoch=4199/11999 total=5.385e-03 pde=7.465e-04 bc=3.473e-05 data=4.291e-05 best=5.183e-03 lr=6.40e-04
2026-02-14 11:48:31,763 | INFO | [Inverse][gaussian|pts=400|noise=1%] epoch=4299/11999 total=5.097e-03 pde=8.046e-04 bc=3.109e-05 data=3.982e-05 best=5.097e-03 lr=6.40e-04
2026-02-14 11:48:33,259 | INFO | [Inverse][gaussian|pts=400|noise=1%] epoch=4399/11999 total=4.742e-03 pde=7.097e-04 bc=2.920e-05 data=3.740e-05 best=4.742e-03 lr=6.40e-04
2026-02-14 11:48:34,757 | INFO | [Inverse][gaussian|pts=400|noise=1%] checkpoint saved at epoch=4499 -> outputs_refactor\full_matrix_rerun_20260214_112937\checkpoints\gaussian\inverse_pts_400_noise_1_last.pth
2026-02-14 11:48:34,757 | INFO | [Inverse][gaussian|pts=400|noise=1%] epoch=4499/11999 total=4.200e-03 pde=6.668e-04 bc=2.715e-05 data=3.262e-05 best=4.200e-03 lr=6.40e-04
2026-02-14 11:48:36,208 | INFO | [Inverse][gaussian|pts=400|noise=1%] epoch=4599/11999 total=9.475e-03 pde=7.184e-04 bc=5.450e-05 data=8.211e-05 best=3.817e-03 lr=6.40e-04
2026-02-14 11:48:37,619 | INFO | [Inverse][gaussian|pts=400|noise=1%] epoch=4699/11999 total=6.607e-03 pde=6.824e-04 bc=6.463e-05 data=5.278e-05 best=3.817e-03 lr=6.40e-04
2026-02-14 11:48:39,143 | INFO | [Inverse][gaussian|pts=400|noise=1%] epoch=4799/11999 total=6.470e-03 pde=6.683e-04 bc=6.356e-05 data=5.166e-05 best=3.817e-03 lr=6.40e-04
2026-02-14 11:48:40,667 | INFO | [Inverse][gaussian|pts=400|noise=1%] epoch=4899/11999 total=6.321e-03 pde=6.568e-04 bc=6.300e-05 data=5.034e-05 best=3.817e-03 lr=6.40e-04
2026-02-14 11:48:42,147 | INFO | [Inverse][gaussian|pts=400|noise=1%] checkpoint saved at epoch=4999 -> outputs_refactor\full_matrix_rerun_20260214_112937\checkpoints\gaussian\inverse_pts_400_noise_1_last.pth
2026-02-14 11:48:42,147 | INFO | [Inverse][gaussian|pts=400|noise=1%] epoch=4999/11999 total=5.228e-03 pde=6.257e-04 bc=5.351e-05 data=4.067e-05 best=3.817e-03 lr=6.40e-04
2026-02-14 11:48:43,560 | INFO | [Inverse][gaussian|pts=400|noise=1%] epoch=5099/11999 total=4.045e-03 pde=5.896e-04 bc=4.176e-05 data=3.037e-05 best=3.817e-03 lr=5.12e-04
2026-02-14 11:48:44,971 | INFO | [Inverse][gaussian|pts=400|noise=1%] epoch=5199/11999 total=4.008e-03 pde=5.807e-04 bc=4.217e-05 data=3.006e-05 best=3.817e-03 lr=5.12e-04
2026-02-14 11:48:46,372 | INFO | [Inverse][gaussian|pts=400|noise=1%] epoch=5299/11999 total=3.959e-03 pde=5.708e-04 bc=4.221e-05 data=2.967e-05 best=3.817e-03 lr=5.12e-04
2026-02-14 11:48:47,783 | INFO | [Inverse][gaussian|pts=400|noise=1%] epoch=5399/11999 total=3.912e-03 pde=5.606e-04 bc=4.215e-05 data=2.929e-05 best=3.817e-03 lr=5.12e-04
2026-02-14 11:48:49,182 | INFO | [Inverse][gaussian|pts=400|noise=1%] checkpoint saved at epoch=5499 -> outputs_refactor\full_matrix_rerun_20260214_112937\checkpoints\gaussian\inverse_pts_400_noise_1_last.pth
2026-02-14 11:48:49,182 | INFO | [Inverse][gaussian|pts=400|noise=1%] epoch=5499/11999 total=3.870e-03 pde=5.503e-04 bc=4.211e-05 data=2.898e-05 best=3.817e-03 lr=5.12e-04
2026-02-14 11:48:50,634 | INFO | [Inverse][gaussian|pts=400|noise=1%] epoch=5599/11999 total=3.675e-03 pde=5.379e-04 bc=4.212e-05 data=2.716e-05 best=3.187e-03 lr=4.10e-04
2026-02-14 11:48:52,061 | INFO | [Inverse][gaussian|pts=400|noise=1%] epoch=5699/11999 total=3.393e-03 pde=5.219e-04 bc=4.058e-05 data=2.465e-05 best=3.187e-03 lr=4.10e-04
2026-02-14 11:48:53,454 | INFO | [Inverse][gaussian|pts=400|noise=1%] epoch=5799/11999 total=3.336e-03 pde=5.129e-04 bc=4.165e-05 data=2.406e-05 best=3.187e-03 lr=4.10e-04
2026-02-14 11:48:54,858 | INFO | [Inverse][gaussian|pts=400|noise=1%] epoch=5899/11999 total=3.290e-03 pde=5.041e-04 bc=4.263e-05 data=2.360e-05 best=3.187e-03 lr=4.10e-04
2026-02-14 11:48:56,279 | INFO | [Inverse][gaussian|pts=400|noise=1%] checkpoint saved at epoch=5999 -> outputs_refactor\full_matrix_rerun_20260214_112937\checkpoints\gaussian\inverse_pts_400_noise_1_last.pth
2026-02-14 11:48:56,279 | INFO | [Inverse][gaussian|pts=400|noise=1%] epoch=5999/11999 total=3.248e-03 pde=4.953e-04 bc=4.357e-05 data=2.317e-05 best=3.187e-03 lr=4.10e-04
2026-02-14 11:48:57,825 | INFO | [Inverse][gaussian|pts=400|noise=1%] epoch=6099/11999 total=3.205e-03 pde=4.862e-04 bc=4.436e-05 data=2.276e-05 best=3.122e-03 lr=4.10e-04
2026-02-14 11:48:59,342 | INFO | [Inverse][gaussian|pts=400|noise=1%] epoch=6199/11999 total=3.159e-03 pde=4.768e-04 bc=4.492e-05 data=2.233e-05 best=3.054e-03 lr=4.10e-04
2026-02-14 11:49:00,864 | INFO | [Inverse][gaussian|pts=400|noise=1%] epoch=6299/11999 total=3.109e-03 pde=4.668e-04 bc=4.522e-05 data=2.190e-05 best=2.979e-03 lr=4.10e-04
2026-02-14 11:49:02,400 | INFO | [Inverse][gaussian|pts=400|noise=1%] epoch=6399/11999 total=3.064e-03 pde=4.568e-04 bc=4.542e-05 data=2.153e-05 best=2.892e-03 lr=4.10e-04
2026-02-14 11:49:03,899 | INFO | [Inverse][gaussian|pts=400|noise=1%] checkpoint saved at epoch=6499 -> outputs_refactor\full_matrix_rerun_20260214_112937\checkpoints\gaussian\inverse_pts_400_noise_1_last.pth
2026-02-14 11:49:03,899 | INFO | [Inverse][gaussian|pts=400|noise=1%] epoch=6499/11999 total=3.032e-03 pde=4.473e-04 bc=4.570e-05 data=2.128e-05 best=2.791e-03 lr=4.10e-04
2026-02-14 11:49:05,356 | INFO | [Inverse][gaussian|pts=400|noise=1%] epoch=6599/11999 total=2.997e-03 pde=4.190e-04 bc=3.288e-05 data=2.249e-05 best=2.451e-03 lr=4.10e-04
2026-02-14 11:49:06,786 | INFO | [Inverse][gaussian|pts=400|noise=1%] epoch=6699/11999 total=3.420e-03 pde=4.189e-04 bc=4.636e-05 data=2.537e-05 best=2.296e-03 lr=4.10e-04
2026-02-14 11:49:08,175 | INFO | [Inverse][gaussian|pts=400|noise=1%] epoch=6799/11999 total=3.679e-03 pde=4.165e-04 bc=4.980e-05 data=2.764e-05 best=2.296e-03 lr=4.10e-04
2026-02-14 11:49:09,566 | INFO | [Inverse][gaussian|pts=400|noise=1%] epoch=6899/11999 total=3.104e-03 pde=4.014e-04 bc=4.166e-05 data=2.286e-05 best=2.296e-03 lr=4.10e-04
2026-02-14 11:49:10,987 | INFO | [Inverse][gaussian|pts=400|noise=1%] checkpoint saved at epoch=6999 -> outputs_refactor\full_matrix_rerun_20260214_112937\checkpoints\gaussian\inverse_pts_400_noise_1_last.pth
2026-02-14 11:49:10,987 | INFO | [Inverse][gaussian|pts=400|noise=1%] epoch=6999/11999 total=3.195e-03 pde=3.986e-04 bc=4.298e-05 data=2.366e-05 best=2.296e-03 lr=4.10e-04
2026-02-14 11:49:12,402 | INFO | [Inverse][gaussian|pts=400|noise=1%] epoch=7099/11999 total=3.067e-03 pde=3.899e-04 bc=3.979e-05 data=2.279e-05 best=2.296e-03 lr=4.10e-04
2026-02-14 11:49:13,831 | INFO | [Inverse][gaussian|pts=400|noise=1%] epoch=7199/11999 total=2.505e-03 pde=3.755e-04 bc=3.205e-05 data=1.809e-05 best=2.291e-03 lr=3.28e-04
2026-02-14 11:49:15,228 | INFO | [Inverse][gaussian|pts=400|noise=1%] epoch=7299/11999 total=2.562e-03 pde=3.720e-04 bc=3.293e-05 data=1.861e-05 best=2.271e-03 lr=3.28e-04
2026-02-14 11:49:16,645 | INFO | [Inverse][gaussian|pts=400|noise=1%] epoch=7399/11999 total=2.639e-03 pde=3.699e-04 bc=3.484e-05 data=1.920e-05 best=2.240e-03 lr=3.28e-04
2026-02-14 11:49:18,062 | INFO | [Inverse][gaussian|pts=400|noise=1%] checkpoint saved at epoch=7499 -> outputs_refactor\full_matrix_rerun_20260214_112937\checkpoints\gaussian\inverse_pts_400_noise_1_last.pth
2026-02-14 11:49:18,062 | INFO | [Inverse][gaussian|pts=400|noise=1%] epoch=7499/11999 total=2.342e-03 pde=3.590e-04 bc=3.066e-05 data=1.676e-05 best=2.203e-03 lr=3.28e-04
2026-02-14 11:49:19,485 | INFO | [Inverse][gaussian|pts=400|noise=1%] epoch=7599/11999 total=2.484e-03 pde=3.585e-04 bc=3.307e-05 data=1.795e-05 best=2.203e-03 lr=3.28e-04
2026-02-14 11:49:20,895 | INFO | [Inverse][gaussian|pts=400|noise=1%] epoch=7699/11999 total=2.446e-03 pde=3.523e-04 bc=3.031e-05 data=1.790e-05 best=2.203e-03 lr=3.28e-04
2026-02-14 11:49:22,350 | INFO | [Inverse][gaussian|pts=400|noise=1%] epoch=7799/11999 total=2.193e-03 pde=3.439e-04 bc=2.566e-05 data=1.592e-05 best=2.135e-03 lr=3.28e-04
2026-02-14 11:49:23,773 | INFO | [Inverse][gaussian|pts=400|noise=1%] epoch=7899/11999 total=2.199e-03 pde=3.416e-04 bc=2.488e-05 data=1.608e-05 best=2.124e-03 lr=3.28e-04
2026-02-14 11:49:25,180 | INFO | [Inverse][gaussian|pts=400|noise=1%] checkpoint saved at epoch=7999 -> outputs_refactor\full_matrix_rerun_20260214_112937\checkpoints\gaussian\inverse_pts_400_noise_1_last.pth
2026-02-14 11:49:25,180 | INFO | [Inverse][gaussian|pts=400|noise=1%] epoch=7999/11999 total=4.758e-03 pde=3.822e-04 bc=6.299e-05 data=3.746e-05 best=1.901e-03 lr=3.28e-04
2026-02-14 11:49:26,624 | INFO | [Inverse][gaussian|pts=400|noise=1%] epoch=8099/11999 total=2.789e-03 pde=3.415e-04 bc=3.681e-05 data=2.079e-05 best=1.901e-03 lr=3.28e-04
2026-02-14 11:49:28,075 | INFO | [Inverse][gaussian|pts=400|noise=1%] epoch=8199/11999 total=2.381e-03 pde=3.394e-04 bc=3.185e-05 data=1.723e-05 best=1.901e-03 lr=3.28e-04
2026-02-14 11:49:29,497 | INFO | [Inverse][gaussian|pts=400|noise=1%] epoch=8299/11999 total=2.650e-03 pde=3.445e-04 bc=3.568e-05 data=1.949e-05 best=1.901e-03 lr=3.28e-04
2026-02-14 11:49:30,917 | INFO | [Inverse][gaussian|pts=400|noise=1%] epoch=8399/11999 total=2.259e-03 pde=3.333e-04 bc=3.044e-05 data=1.621e-05 best=1.901e-03 lr=3.28e-04
2026-02-14 11:49:32,342 | INFO | [Inverse][gaussian|pts=400|noise=1%] checkpoint saved at epoch=8499 -> outputs_refactor\full_matrix_rerun_20260214_112937\checkpoints\gaussian\inverse_pts_400_noise_1_last.pth
2026-02-14 11:49:32,342 | INFO | [Inverse][gaussian|pts=400|noise=1%] epoch=8499/11999 total=2.123e-03 pde=3.284e-04 bc=2.869e-05 data=1.508e-05 best=1.901e-03 lr=2.62e-04
2026-02-14 11:49:33,762 | INFO | [Inverse][gaussian|pts=400|noise=1%] epoch=8599/11999 total=2.164e-03 pde=3.282e-04 bc=2.946e-05 data=1.541e-05 best=1.901e-03 lr=2.62e-04
2026-02-14 11:49:35,183 | INFO | [Inverse][gaussian|pts=400|noise=1%] epoch=8699/11999 total=2.135e-03 pde=3.275e-04 bc=2.772e-05 data=1.530e-05 best=1.901e-03 lr=2.62e-04
2026-02-14 11:49:36,599 | INFO | [Inverse][gaussian|pts=400|noise=1%] epoch=8799/11999 total=2.005e-03 pde=3.230e-04 bc=2.508e-05 data=1.431e-05 best=1.901e-03 lr=2.62e-04
2026-02-14 11:49:38,021 | INFO | [Inverse][gaussian|pts=400|noise=1%] epoch=8899/11999 total=1.968e-03 pde=3.213e-04 bc=2.371e-05 data=1.409e-05 best=1.901e-03 lr=2.62e-04
2026-02-14 11:49:39,589 | INFO | [Inverse][gaussian|pts=400|noise=1%] checkpoint saved at epoch=8999 -> outputs_refactor\full_matrix_rerun_20260214_112937\checkpoints\gaussian\inverse_pts_400_noise_1_last.pth
2026-02-14 11:49:39,590 | INFO | [Inverse][gaussian|pts=400|noise=1%] epoch=8999/11999 total=1.938e-03 pde=3.194e-04 bc=2.292e-05 data=1.390e-05 best=1.874e-03 lr=2.10e-04
2026-02-14 11:49:41,145 | INFO | [Inverse][gaussian|pts=400|noise=1%] epoch=9099/11999 total=1.950e-03 pde=3.190e-04 bc=2.235e-05 data=1.408e-05 best=1.874e-03 lr=2.10e-04
2026-02-14 11:49:42,723 | INFO | [Inverse][gaussian|pts=400|noise=1%] epoch=9199/11999 total=1.697e-03 pde=3.069e-04 bc=2.315e-05 data=1.158e-05 best=1.697e-03 lr=2.10e-04
2026-02-14 11:49:44,530 | INFO | [Inverse][gaussian|pts=400|noise=1%] epoch=9299/11999 total=1.678e-03 pde=3.042e-04 bc=2.296e-05 data=1.144e-05 best=1.678e-03 lr=2.10e-04
2026-02-14 11:49:46,359 | INFO | [Inverse][gaussian|pts=400|noise=1%] epoch=9399/11999 total=1.658e-03 pde=3.015e-04 bc=2.279e-05 data=1.129e-05 best=1.658e-03 lr=2.10e-04
2026-02-14 11:49:48,201 | INFO | [Inverse][gaussian|pts=400|noise=1%] checkpoint saved at epoch=9499 -> outputs_refactor\full_matrix_rerun_20260214_112937\checkpoints\gaussian\inverse_pts_400_noise_1_last.pth
2026-02-14 11:49:48,202 | INFO | [Inverse][gaussian|pts=400|noise=1%] epoch=9499/11999 total=1.638e-03 pde=2.986e-04 bc=2.260e-05 data=1.114e-05 best=1.638e-03 lr=2.10e-04
2026-02-14 11:49:50,058 | INFO | [Inverse][gaussian|pts=400|noise=1%] epoch=9599/11999 total=1.618e-03 pde=2.956e-04 bc=2.241e-05 data=1.099e-05 best=1.618e-03 lr=2.10e-04
2026-02-14 11:49:51,872 | INFO | [Inverse][gaussian|pts=400|noise=1%] epoch=9699/11999 total=1.598e-03 pde=2.926e-04 bc=2.221e-05 data=1.083e-05 best=1.598e-03 lr=2.10e-04
2026-02-14 11:49:53,652 | INFO | [Inverse][gaussian|pts=400|noise=1%] epoch=9799/11999 total=1.577e-03 pde=2.894e-04 bc=2.199e-05 data=1.068e-05 best=1.577e-03 lr=2.10e-04
2026-02-14 11:49:55,479 | INFO | [Inverse][gaussian|pts=400|noise=1%] epoch=9899/11999 total=1.556e-03 pde=2.862e-04 bc=2.177e-05 data=1.052e-05 best=1.556e-03 lr=2.10e-04
2026-02-14 11:49:57,004 | INFO | [Inverse][gaussian|pts=400|noise=1%] checkpoint saved at epoch=9999 -> outputs_refactor\full_matrix_rerun_20260214_112937\checkpoints\gaussian\inverse_pts_400_noise_1_last.pth
2026-02-14 11:49:57,004 | INFO | [Inverse][gaussian|pts=400|noise=1%] epoch=9999/11999 total=1.544e-03 pde=2.828e-04 bc=2.126e-05 data=1.049e-05 best=1.541e-03 lr=2.10e-04
2026-02-14 11:49:58,444 | INFO | [Inverse][gaussian|pts=400|noise=1%] epoch=10099/11999 total=1.517e-03 pde=2.794e-04 bc=2.152e-05 data=1.022e-05 best=1.517e-03 lr=2.10e-04
2026-02-14 11:49:59,890 | INFO | [Inverse][gaussian|pts=400|noise=1%] epoch=10199/11999 total=1.548e-03 pde=2.769e-04 bc=2.076e-05 data=1.064e-05 best=1.502e-03 lr=2.10e-04
2026-02-14 11:50:01,347 | INFO | [Inverse][gaussian|pts=400|noise=1%] epoch=10299/11999 total=1.539e-03 pde=2.745e-04 bc=2.297e-05 data=1.035e-05 best=1.482e-03 lr=2.10e-04
2026-02-14 11:50:02,849 | INFO | [Inverse][gaussian|pts=400|noise=1%] epoch=10399/11999 total=1.532e-03 pde=2.709e-04 bc=2.201e-05 data=1.041e-05 best=1.459e-03 lr=2.10e-04
2026-02-14 11:50:04,343 | INFO | [Inverse][gaussian|pts=400|noise=1%] checkpoint saved at epoch=10499 -> outputs_refactor\full_matrix_rerun_20260214_112937\checkpoints\gaussian\inverse_pts_400_noise_1_last.pth
2026-02-14 11:50:04,343 | INFO | [Inverse][gaussian|pts=400|noise=1%] epoch=10499/11999 total=1.452e-03 pde=2.666e-04 bc=2.109e-05 data=9.744e-06 best=1.441e-03 lr=2.10e-04
2026-02-14 11:50:05,777 | INFO | [Inverse][gaussian|pts=400|noise=1%] epoch=10599/11999 total=1.453e-03 pde=2.639e-04 bc=2.027e-05 data=9.865e-06 best=1.427e-03 lr=2.10e-04
2026-02-14 11:50:07,247 | INFO | [Inverse][gaussian|pts=400|noise=1%] epoch=10699/11999 total=1.427e-03 pde=2.607e-04 bc=2.055e-05 data=9.612e-06 best=1.413e-03 lr=2.10e-04
2026-02-14 11:50:08,683 | INFO | [Inverse][gaussian|pts=400|noise=1%] epoch=10799/11999 total=1.395e-03 pde=2.571e-04 bc=2.021e-05 data=9.357e-06 best=1.390e-03 lr=2.10e-04
2026-02-14 11:50:10,130 | INFO | [Inverse][gaussian|pts=400|noise=1%] epoch=10899/11999 total=1.374e-03 pde=2.540e-04 bc=1.938e-05 data=9.266e-06 best=1.371e-03 lr=2.10e-04
2026-02-14 11:50:11,606 | INFO | [Inverse][gaussian|pts=400|noise=1%] checkpoint saved at epoch=10999 -> outputs_refactor\full_matrix_rerun_20260214_112937\checkpoints\gaussian\inverse_pts_400_noise_1_last.pth
2026-02-14 11:50:11,606 | INFO | [Inverse][gaussian|pts=400|noise=1%] epoch=10999/11999 total=4.030e-03 pde=3.784e-04 bc=6.007e-05 data=3.050e-05 best=1.354e-03 lr=2.10e-04
2026-02-14 11:50:13,019 | INFO | [Inverse][gaussian|pts=400|noise=1%] epoch=11099/11999 total=2.671e-03 pde=6.442e-04 bc=1.456e-05 data=1.881e-05 best=1.354e-03 lr=2.10e-04
2026-02-14 11:50:14,431 | INFO | [Inverse][gaussian|pts=400|noise=1%] epoch=11199/11999 total=2.021e-03 pde=2.829e-04 bc=3.471e-05 data=1.391e-05 best=1.354e-03 lr=2.10e-04
2026-02-14 11:50:15,846 | INFO | [Inverse][gaussian|pts=400|noise=1%] epoch=11299/11999 total=1.941e-03 pde=2.818e-04 bc=1.500e-05 data=1.509e-05 best=1.354e-03 lr=2.10e-04
2026-02-14 11:50:17,256 | INFO | [Inverse][gaussian|pts=400|noise=1%] epoch=11399/11999 total=1.733e-03 pde=2.594e-04 bc=3.046e-05 data=1.169e-05 best=1.354e-03 lr=2.10e-04
2026-02-14 11:50:18,711 | INFO | [Inverse][gaussian|pts=400|noise=1%] checkpoint saved at epoch=11499 -> outputs_refactor\full_matrix_rerun_20260214_112937\checkpoints\gaussian\inverse_pts_400_noise_1_last.pth
2026-02-14 11:50:18,711 | INFO | [Inverse][gaussian|pts=400|noise=1%] epoch=11499/11999 total=1.826e-03 pde=2.611e-04 bc=3.193e-05 data=1.246e-05 best=1.343e-03 lr=1.68e-04
2026-02-14 11:50:20,284 | INFO | [Inverse][gaussian|pts=400|noise=1%] epoch=11599/11999 total=1.330e-03 pde=2.447e-04 bc=1.996e-05 data=8.856e-06 best=1.330e-03 lr=1.68e-04
2026-02-14 11:50:22,058 | INFO | [Inverse][gaussian|pts=400|noise=1%] epoch=11699/11999 total=1.321e-03 pde=2.425e-04 bc=1.978e-05 data=8.806e-06 best=1.321e-03 lr=1.68e-04
2026-02-14 11:50:23,838 | INFO | [Inverse][gaussian|pts=400|noise=1%] epoch=11799/11999 total=1.312e-03 pde=2.406e-04 bc=1.957e-05 data=8.758e-06 best=1.312e-03 lr=1.68e-04
2026-02-14 11:50:25,630 | INFO | [Inverse][gaussian|pts=400|noise=1%] epoch=11899/11999 total=1.303e-03 pde=2.386e-04 bc=1.938e-05 data=8.707e-06 best=1.303e-03 lr=1.68e-04
2026-02-14 11:50:27,427 | INFO | [Inverse][gaussian|pts=400|noise=1%] checkpoint saved at epoch=11999 -> outputs_refactor\full_matrix_rerun_20260214_112937\checkpoints\gaussian\inverse_pts_400_noise_1_last.pth
2026-02-14 11:50:27,428 | INFO | [Inverse][gaussian|pts=400|noise=1%] epoch=11999/11999 total=1.294e-03 pde=2.366e-04 bc=1.920e-05 data=8.652e-06 best=1.294e-03 lr=1.68e-04
2026-02-14 11:50:28,031 | INFO | [Inverse][pts_400_noise_2] start training charge=gaussian points=400 noise=2%
2026-02-14 11:50:28,063 | INFO | [Inverse][gaussian|pts=400|noise=2%] epoch=0/11999 total=1.154e+01 pde=7.833e-02 bc=8.369e-02 data=1.062e-01 best=1.154e+01 lr=1.00e-03
2026-02-14 11:50:29,761 | INFO | [Inverse][gaussian|pts=400|noise=2%] epoch=99/11999 total=5.746e-01 pde=2.102e-01 bc=1.643e-03 data=3.479e-03 best=5.746e-01 lr=1.00e-03
2026-02-14 11:50:31,395 | INFO | [Inverse][gaussian|pts=400|noise=2%] epoch=199/11999 total=2.908e-01 pde=6.116e-02 bc=1.239e-03 data=2.173e-03 best=2.908e-01 lr=1.00e-03
2026-02-14 11:50:32,980 | INFO | [Inverse][gaussian|pts=400|noise=2%] epoch=299/11999 total=1.966e-01 pde=2.821e-02 bc=1.014e-03 data=1.582e-03 best=1.893e-01 lr=1.00e-03
2026-02-14 11:50:34,566 | INFO | [Inverse][gaussian|pts=400|noise=2%] epoch=399/11999 total=1.319e-01 pde=1.370e-02 bc=9.762e-04 data=1.085e-03 best=1.275e-01 lr=1.00e-03
2026-02-14 11:50:36,109 | INFO | [Inverse][gaussian|pts=400|noise=2%] checkpoint saved at epoch=499 -> outputs_refactor\full_matrix_rerun_20260214_112937\checkpoints\gaussian\inverse_pts_400_noise_2_last.pth
2026-02-14 11:50:36,109 | INFO | [Inverse][gaussian|pts=400|noise=2%] epoch=499/11999 total=9.858e-02 pde=1.450e-02 bc=7.633e-04 data=7.644e-04 best=9.475e-02 lr=1.00e-03
2026-02-14 11:50:37,557 | INFO | [Inverse][gaussian|pts=400|noise=2%] epoch=599/11999 total=1.122e-01 pde=1.663e-02 bc=1.044e-03 data=8.517e-04 best=8.251e-02 lr=1.00e-03
2026-02-14 11:50:39,070 | INFO | [Inverse][gaussian|pts=400|noise=2%] epoch=699/11999 total=9.878e-02 pde=1.537e-02 bc=1.244e-04 data=8.217e-04 best=7.358e-02 lr=1.00e-03
2026-02-14 11:50:40,639 | INFO | [Inverse][gaussian|pts=400|noise=2%] epoch=799/11999 total=8.210e-02 pde=1.355e-02 bc=2.638e-04 data=6.591e-04 best=6.214e-02 lr=1.00e-03
2026-02-14 11:50:42,104 | INFO | [Inverse][gaussian|pts=400|noise=2%] epoch=899/11999 total=8.341e-02 pde=1.227e-02 bc=4.953e-04 data=6.618e-04 best=5.462e-02 lr=1.00e-03
2026-02-14 11:50:43,549 | INFO | [Inverse][gaussian|pts=400|noise=2%] checkpoint saved at epoch=999 -> outputs_refactor\full_matrix_rerun_20260214_112937\checkpoints\gaussian\inverse_pts_400_noise_2_last.pth
2026-02-14 11:50:43,549 | INFO | [Inverse][gaussian|pts=400|noise=2%] epoch=999/11999 total=4.545e-02 pde=1.031e-02 bc=1.830e-04 data=3.331e-04 best=4.545e-02 lr=1.00e-03
2026-02-14 11:50:45,116 | INFO | [Inverse][gaussian|pts=400|noise=2%] epoch=1099/11999 total=5.040e-02 pde=8.893e-03 bc=3.191e-04 data=3.831e-04 best=3.774e-02 lr=1.00e-03
2026-02-14 11:50:46,538 | INFO | [Inverse][gaussian|pts=400|noise=2%] epoch=1199/11999 total=3.444e-02 pde=8.193e-03 bc=1.411e-04 data=2.484e-04 best=3.444e-02 lr=1.00e-03
2026-02-14 11:50:48,037 | INFO | [Inverse][gaussian|pts=400|noise=2%] epoch=1299/11999 total=4.276e-02 pde=7.946e-03 bc=2.853e-04 data=3.196e-04 best=2.769e-02 lr=1.00e-03
2026-02-14 11:50:49,454 | INFO | [Inverse][gaussian|pts=400|noise=2%] epoch=1399/11999 total=4.438e-02 pde=8.082e-03 bc=2.914e-04 data=3.339e-04 best=2.550e-02 lr=1.00e-03
2026-02-14 11:50:50,910 | INFO | [Inverse][gaussian|pts=400|noise=2%] checkpoint saved at epoch=1499 -> outputs_refactor\full_matrix_rerun_20260214_112937\checkpoints\gaussian\inverse_pts_400_noise_2_last.pth
2026-02-14 11:50:50,911 | INFO | [Inverse][gaussian|pts=400|noise=2%] epoch=1499/11999 total=3.439e-02 pde=7.523e-03 bc=2.098e-04 data=2.477e-04 best=2.363e-02 lr=1.00e-03
2026-02-14 11:50:52,319 | INFO | [Inverse][gaussian|pts=400|noise=2%] epoch=1599/11999 total=2.861e-02 pde=6.918e-03 bc=1.302e-04 data=2.039e-04 best=2.219e-02 lr=1.00e-03
2026-02-14 11:50:53,748 | INFO | [Inverse][gaussian|pts=400|noise=2%] epoch=1699/11999 total=2.602e-02 pde=6.175e-03 bc=1.189e-04 data=1.865e-04 best=1.890e-02 lr=1.00e-03
2026-02-14 11:50:55,148 | INFO | [Inverse][gaussian|pts=400|noise=2%] epoch=1799/11999 total=2.527e-02 pde=5.498e-03 bc=1.719e-04 data=1.806e-04 best=1.635e-02 lr=1.00e-03
2026-02-14 11:50:56,578 | INFO | [Inverse][gaussian|pts=400|noise=2%] epoch=1899/11999 total=1.988e-02 pde=4.944e-03 bc=1.225e-04 data=1.371e-04 best=1.533e-02 lr=1.00e-03
2026-02-14 11:50:58,022 | INFO | [Inverse][gaussian|pts=400|noise=2%] checkpoint saved at epoch=1999 -> outputs_refactor\full_matrix_rerun_20260214_112937\checkpoints\gaussian\inverse_pts_400_noise_2_last.pth
2026-02-14 11:50:58,022 | INFO | [Inverse][gaussian|pts=400|noise=2%] epoch=1999/11999 total=1.649e-02 pde=4.154e-03 bc=8.781e-05 data=1.146e-04 best=1.446e-02 lr=1.00e-03
2026-02-14 11:50:59,488 | INFO | [Inverse][gaussian|pts=400|noise=2%] epoch=2099/11999 total=2.330e-02 pde=4.015e-03 bc=7.538e-05 data=1.853e-04 best=1.177e-02 lr=1.00e-03
2026-02-14 11:51:00,900 | INFO | [Inverse][gaussian|pts=400|noise=2%] epoch=2199/11999 total=5.302e-02 pde=7.816e-03 bc=2.849e-04 data=4.236e-04 best=1.144e-02 lr=1.00e-03
2026-02-14 11:51:02,310 | INFO | [Inverse][gaussian|pts=400|noise=2%] epoch=2299/11999 total=1.241e-02 pde=3.145e-03 bc=7.200e-05 data=8.542e-05 best=1.117e-02 lr=1.00e-03
2026-02-14 11:51:03,747 | INFO | [Inverse][gaussian|pts=400|noise=2%] epoch=2399/11999 total=4.929e-02 pde=3.511e-03 bc=5.827e-04 data=3.995e-04 best=1.029e-02 lr=1.00e-03
2026-02-14 11:51:05,155 | INFO | [Inverse][gaussian|pts=400|noise=2%] checkpoint saved at epoch=2499 -> outputs_refactor\full_matrix_rerun_20260214_112937\checkpoints\gaussian\inverse_pts_400_noise_2_last.pth
2026-02-14 11:51:05,155 | INFO | [Inverse][gaussian|pts=400|noise=2%] epoch=2499/11999 total=1.284e-02 pde=2.725e-03 bc=6.714e-05 data=9.445e-05 best=1.011e-02 lr=1.00e-03
2026-02-14 11:51:06,577 | INFO | [Inverse][gaussian|pts=400|noise=2%] epoch=2599/11999 total=1.797e-02 pde=2.576e-03 bc=1.266e-04 data=1.412e-04 best=1.011e-02 lr=1.00e-03
2026-02-14 11:51:07,998 | INFO | [Inverse][gaussian|pts=400|noise=2%] epoch=2699/11999 total=1.433e-02 pde=2.370e-03 bc=9.320e-05 data=1.103e-04 best=1.011e-02 lr=1.00e-03
2026-02-14 11:51:09,431 | INFO | [Inverse][gaussian|pts=400|noise=2%] epoch=2799/11999 total=1.201e-02 pde=2.171e-03 bc=7.424e-05 data=9.101e-05 best=1.011e-02 lr=1.00e-03
2026-02-14 11:51:10,864 | INFO | [Inverse][gaussian|pts=400|noise=2%] epoch=2899/11999 total=1.058e-02 pde=1.994e-03 bc=6.470e-05 data=7.934e-05 best=9.791e-03 lr=1.00e-03
2026-02-14 11:51:12,312 | INFO | [Inverse][gaussian|pts=400|noise=2%] checkpoint saved at epoch=2999 -> outputs_refactor\full_matrix_rerun_20260214_112937\checkpoints\gaussian\inverse_pts_400_noise_2_last.pth
2026-02-14 11:51:12,312 | INFO | [Inverse][gaussian|pts=400|noise=2%] epoch=2999/11999 total=1.019e-02 pde=1.844e-03 bc=6.667e-05 data=7.679e-05 best=9.433e-03 lr=1.00e-03
2026-02-14 11:51:13,824 | INFO | [Inverse][gaussian|pts=400|noise=2%] epoch=3099/11999 total=9.030e-03 pde=1.702e-03 bc=5.956e-05 data=6.733e-05 best=8.392e-03 lr=1.00e-03
2026-02-14 11:51:15,276 | INFO | [Inverse][gaussian|pts=400|noise=2%] epoch=3199/11999 total=9.320e-03 pde=1.593e-03 bc=6.670e-05 data=7.060e-05 best=7.885e-03 lr=1.00e-03
2026-02-14 11:51:16,665 | INFO | [Inverse][gaussian|pts=400|noise=2%] epoch=3299/11999 total=8.461e-03 pde=1.482e-03 bc=6.138e-05 data=6.365e-05 best=7.836e-03 lr=1.00e-03
2026-02-14 11:51:18,105 | INFO | [Inverse][gaussian|pts=400|noise=2%] epoch=3399/11999 total=9.954e-03 pde=1.418e-03 bc=8.086e-05 data=7.728e-05 best=7.435e-03 lr=1.00e-03
2026-02-14 11:51:19,528 | INFO | [Inverse][gaussian|pts=400|noise=2%] checkpoint saved at epoch=3499 -> outputs_refactor\full_matrix_rerun_20260214_112937\checkpoints\gaussian\inverse_pts_400_noise_2_last.pth
2026-02-14 11:51:19,529 | INFO | [Inverse][gaussian|pts=400|noise=2%] epoch=3499/11999 total=8.309e-03 pde=1.309e-03 bc=6.521e-05 data=6.348e-05 best=7.435e-03 lr=1.00e-03
2026-02-14 11:51:20,984 | INFO | [Inverse][gaussian|pts=400|noise=2%] epoch=3599/11999 total=1.062e-02 pde=1.279e-03 bc=9.068e-05 data=8.438e-05 best=6.855e-03 lr=1.00e-03
2026-02-14 11:51:22,417 | INFO | [Inverse][gaussian|pts=400|noise=2%] epoch=3699/11999 total=8.175e-03 pde=1.164e-03 bc=6.772e-05 data=6.334e-05 best=6.855e-03 lr=1.00e-03
2026-02-14 11:51:23,867 | INFO | [Inverse][gaussian|pts=400|noise=2%] epoch=3799/11999 total=3.667e-02 pde=2.217e-03 bc=4.224e-04 data=3.023e-04 best=5.361e-03 lr=1.00e-03
2026-02-14 11:51:25,257 | INFO | [Inverse][gaussian|pts=400|noise=2%] epoch=3899/11999 total=2.498e-02 pde=1.378e-03 bc=2.665e-04 data=2.093e-04 best=5.022e-03 lr=1.00e-03
2026-02-14 11:51:26,652 | INFO | [Inverse][gaussian|pts=400|noise=2%] checkpoint saved at epoch=3999 -> outputs_refactor\full_matrix_rerun_20260214_112937\checkpoints\gaussian\inverse_pts_400_noise_2_last.pth
2026-02-14 11:51:26,653 | INFO | [Inverse][gaussian|pts=400|noise=2%] epoch=3999/11999 total=1.045e-02 pde=1.113e-03 bc=1.014e-04 data=8.319e-05 best=4.820e-03 lr=1.00e-03
2026-02-14 11:51:28,054 | INFO | [Inverse][gaussian|pts=400|noise=2%] epoch=4099/11999 total=8.144e-03 pde=1.032e-03 bc=9.411e-05 data=6.170e-05 best=4.820e-03 lr=1.00e-03
2026-02-14 11:51:29,467 | INFO | [Inverse][gaussian|pts=400|noise=2%] epoch=4199/11999 total=8.947e-03 pde=1.050e-03 bc=7.781e-05 data=7.119e-05 best=4.803e-03 lr=1.00e-03
2026-02-14 11:51:30,905 | INFO | [Inverse][gaussian|pts=400|noise=2%] epoch=4299/11999 total=6.931e-03 pde=9.201e-04 bc=5.930e-05 data=5.418e-05 best=4.803e-03 lr=1.00e-03
2026-02-14 11:51:32,300 | INFO | [Inverse][gaussian|pts=400|noise=2%] epoch=4399/11999 total=3.127e-02 pde=1.322e-03 bc=4.058e-04 data=2.589e-04 best=4.489e-03 lr=1.00e-03
2026-02-14 11:51:33,737 | INFO | [Inverse][gaussian|pts=400|noise=2%] checkpoint saved at epoch=4499 -> outputs_refactor\full_matrix_rerun_20260214_112937\checkpoints\gaussian\inverse_pts_400_noise_2_last.pth
2026-02-14 11:51:33,738 | INFO | [Inverse][gaussian|pts=400|noise=2%] epoch=4499/11999 total=6.895e-03 pde=1.655e-03 bc=2.565e-05 data=4.983e-05 best=4.373e-03 lr=1.00e-03
2026-02-14 11:51:35,141 | INFO | [Inverse][gaussian|pts=400|noise=2%] epoch=4599/11999 total=1.053e-02 pde=8.844e-04 bc=1.041e-04 data=8.605e-05 best=4.373e-03 lr=1.00e-03
2026-02-14 11:51:36,547 | INFO | [Inverse][gaussian|pts=400|noise=2%] epoch=4699/11999 total=8.581e-03 pde=8.331e-04 bc=7.905e-05 data=6.957e-05 best=4.373e-03 lr=1.00e-03
2026-02-14 11:51:38,015 | INFO | [Inverse][gaussian|pts=400|noise=2%] epoch=4799/11999 total=7.628e-03 pde=7.920e-04 bc=6.743e-05 data=6.161e-05 best=4.373e-03 lr=1.00e-03
2026-02-14 11:51:39,582 | INFO | [Inverse][gaussian|pts=400|noise=2%] epoch=4899/11999 total=8.175e-03 pde=7.661e-04 bc=7.241e-05 data=6.685e-05 best=4.373e-03 lr=1.00e-03
2026-02-14 11:51:41,077 | INFO | [Inverse][gaussian|pts=400|noise=2%] checkpoint saved at epoch=4999 -> outputs_refactor\full_matrix_rerun_20260214_112937\checkpoints\gaussian\inverse_pts_400_noise_2_last.pth
2026-02-14 11:51:41,077 | INFO | [Inverse][gaussian|pts=400|noise=2%] epoch=4999/11999 total=6.676e-03 pde=7.167e-04 bc=5.549e-05 data=5.404e-05 best=4.373e-03 lr=8.00e-04
2026-02-14 11:51:42,494 | INFO | [Inverse][gaussian|pts=400|noise=2%] epoch=5099/11999 total=5.840e-03 pde=6.825e-04 bc=5.402e-05 data=4.617e-05 best=4.370e-03 lr=8.00e-04
2026-02-14 11:51:43,896 | INFO | [Inverse][gaussian|pts=400|noise=2%] epoch=5199/11999 total=6.572e-03 pde=6.788e-04 bc=5.236e-05 data=5.369e-05 best=4.370e-03 lr=8.00e-04
2026-02-14 11:51:45,335 | INFO | [Inverse][gaussian|pts=400|noise=2%] epoch=5299/11999 total=5.554e-03 pde=6.538e-04 bc=3.130e-05 data=4.587e-05 best=4.259e-03 lr=8.00e-04
2026-02-14 11:51:46,752 | INFO | [Inverse][gaussian|pts=400|noise=2%] epoch=5399/11999 total=5.523e-03 pde=6.497e-04 bc=2.215e-05 data=4.652e-05 best=4.259e-03 lr=8.00e-04
2026-02-14 11:51:48,162 | INFO | [Inverse][gaussian|pts=400|noise=2%] checkpoint saved at epoch=5499 -> outputs_refactor\full_matrix_rerun_20260214_112937\checkpoints\gaussian\inverse_pts_400_noise_2_last.pth
2026-02-14 11:51:48,162 | INFO | [Inverse][gaussian|pts=400|noise=2%] epoch=5499/11999 total=5.529e-03 pde=6.481e-04 bc=1.640e-05 data=4.717e-05 best=4.259e-03 lr=8.00e-04
2026-02-14 11:51:49,579 | INFO | [Inverse][gaussian|pts=400|noise=2%] epoch=5599/11999 total=5.128e-03 pde=6.283e-04 bc=1.582e-05 data=4.342e-05 best=4.259e-03 lr=8.00e-04
2026-02-14 11:51:51,016 | INFO | [Inverse][gaussian|pts=400|noise=2%] epoch=5699/11999 total=4.702e-03 pde=6.045e-04 bc=1.595e-05 data=3.938e-05 best=4.259e-03 lr=8.00e-04
2026-02-14 11:51:52,416 | INFO | [Inverse][gaussian|pts=400|noise=2%] epoch=5799/11999 total=8.933e-03 pde=7.490e-04 bc=9.055e-05 data=7.278e-05 best=3.792e-03 lr=8.00e-04
2026-02-14 11:51:53,874 | INFO | [Inverse][gaussian|pts=400|noise=2%] epoch=5899/11999 total=5.627e-03 pde=6.190e-04 bc=5.474e-05 data=4.460e-05 best=3.792e-03 lr=8.00e-04
2026-02-14 11:51:55,294 | INFO | [Inverse][gaussian|pts=400|noise=2%] checkpoint saved at epoch=5999 -> outputs_refactor\full_matrix_rerun_20260214_112937\checkpoints\gaussian\inverse_pts_400_noise_2_last.pth
2026-02-14 11:51:55,295 | INFO | [Inverse][gaussian|pts=400|noise=2%] epoch=5999/11999 total=4.141e-03 pde=5.587e-04 bc=3.796e-05 data=3.203e-05 best=3.792e-03 lr=8.00e-04
2026-02-14 11:51:56,716 | INFO | [Inverse][gaussian|pts=400|noise=2%] epoch=6099/11999 total=5.126e-03 pde=5.843e-04 bc=4.943e-05 data=4.048e-05 best=3.792e-03 lr=8.00e-04
2026-02-14 11:51:58,116 | INFO | [Inverse][gaussian|pts=400|noise=2%] epoch=6199/11999 total=4.717e-03 pde=5.614e-04 bc=4.460e-05 data=3.710e-05 best=3.792e-03 lr=8.00e-04
2026-02-14 11:51:59,513 | INFO | [Inverse][gaussian|pts=400|noise=2%] epoch=6299/11999 total=4.423e-03 pde=5.412e-04 bc=4.163e-05 data=3.465e-05 best=3.792e-03 lr=6.40e-04
2026-02-14 11:52:00,910 | INFO | [Inverse][gaussian|pts=400|noise=2%] epoch=6399/11999 total=3.957e-03 pde=5.136e-04 bc=3.708e-05 data=3.073e-05 best=3.792e-03 lr=6.40e-04
2026-02-14 11:52:02,367 | INFO | [Inverse][gaussian|pts=400|noise=2%] checkpoint saved at epoch=6499 -> outputs_refactor\full_matrix_rerun_20260214_112937\checkpoints\gaussian\inverse_pts_400_noise_2_last.pth
2026-02-14 11:52:02,367 | INFO | [Inverse][gaussian|pts=400|noise=2%] epoch=6499/11999 total=5.138e-03 pde=5.350e-04 bc=5.371e-05 data=4.066e-05 best=3.265e-03 lr=6.40e-04
2026-02-14 11:52:03,774 | INFO | [Inverse][gaussian|pts=400|noise=2%] epoch=6599/11999 total=3.360e-03 pde=4.718e-04 bc=3.125e-05 data=2.576e-05 best=3.265e-03 lr=6.40e-04
2026-02-14 11:52:05,190 | INFO | [Inverse][gaussian|pts=400|noise=2%] epoch=6699/11999 total=3.867e-03 pde=4.772e-04 bc=3.824e-05 data=3.007e-05 best=3.236e-03 lr=6.40e-04
2026-02-14 11:52:06,584 | INFO | [Inverse][gaussian|pts=400|noise=2%] epoch=6799/11999 total=4.196e-03 pde=4.775e-04 bc=4.261e-05 data=3.292e-05 best=3.226e-03 lr=6.40e-04
2026-02-14 11:52:07,985 | INFO | [Inverse][gaussian|pts=400|noise=2%] epoch=6899/11999 total=3.235e-03 pde=4.392e-04 bc=2.822e-05 data=2.514e-05 best=3.164e-03 lr=6.40e-04
2026-02-14 11:52:09,424 | INFO | [Inverse][gaussian|pts=400|noise=2%] checkpoint saved at epoch=6999 -> outputs_refactor\full_matrix_rerun_20260214_112937\checkpoints\gaussian\inverse_pts_400_noise_2_last.pth
2026-02-14 11:52:09,424 | INFO | [Inverse][gaussian|pts=400|noise=2%] epoch=6999/11999 total=3.575e-03 pde=4.366e-04 bc=3.647e-05 data=2.774e-05 best=3.164e-03 lr=6.40e-04
2026-02-14 11:52:10,841 | INFO | [Inverse][gaussian|pts=400|noise=2%] epoch=7099/11999 total=3.607e-03 pde=4.323e-04 bc=3.473e-05 data=2.827e-05 best=3.164e-03 lr=6.40e-04
2026-02-14 11:52:12,244 | INFO | [Inverse][gaussian|pts=400|noise=2%] epoch=7199/11999 total=3.611e-03 pde=4.298e-04 bc=3.123e-05 data=2.869e-05 best=3.164e-03 lr=6.40e-04
2026-02-14 11:52:13,671 | INFO | [Inverse][gaussian|pts=400|noise=2%] epoch=7299/11999 total=3.170e-03 pde=4.081e-04 bc=2.483e-05 data=2.514e-05 best=3.141e-03 lr=6.40e-04
2026-02-14 11:52:15,084 | INFO | [Inverse][gaussian|pts=400|noise=2%] epoch=7399/11999 total=5.277e-03 pde=4.417e-04 bc=5.896e-05 data=4.246e-05 best=2.654e-03 lr=6.40e-04
2026-02-14 11:52:16,500 | INFO | [Inverse][gaussian|pts=400|noise=2%] checkpoint saved at epoch=7499 -> outputs_refactor\full_matrix_rerun_20260214_112937\checkpoints\gaussian\inverse_pts_400_noise_2_last.pth
2026-02-14 11:52:16,501 | INFO | [Inverse][gaussian|pts=400|noise=2%] epoch=7499/11999 total=4.791e-03 pde=4.288e-04 bc=5.228e-05 data=3.839e-05 best=2.654e-03 lr=6.40e-04
2026-02-14 11:52:17,901 | INFO | [Inverse][gaussian|pts=400|noise=2%] epoch=7599/11999 total=4.568e-03 pde=4.200e-04 bc=4.925e-05 data=3.655e-05 best=2.654e-03 lr=6.40e-04
2026-02-14 11:52:19,330 | INFO | [Inverse][gaussian|pts=400|noise=2%] epoch=7699/11999 total=4.368e-03 pde=4.110e-04 bc=4.643e-05 data=3.493e-05 best=2.654e-03 lr=6.40e-04
2026-02-14 11:52:20,714 | INFO | [Inverse][gaussian|pts=400|noise=2%] epoch=7799/11999 total=4.186e-03 pde=4.019e-04 bc=4.382e-05 data=3.346e-05 best=2.654e-03 lr=6.40e-04
2026-02-14 11:52:22,108 | INFO | [Inverse][gaussian|pts=400|noise=2%] epoch=7899/11999 total=3.584e-03 pde=3.779e-04 bc=3.695e-05 data=2.836e-05 best=2.654e-03 lr=5.12e-04
2026-02-14 11:52:23,550 | INFO | [Inverse][gaussian|pts=400|noise=2%] checkpoint saved at epoch=7999 -> outputs_refactor\full_matrix_rerun_20260214_112937\checkpoints\gaussian\inverse_pts_400_noise_2_last.pth
2026-02-14 11:52:23,551 | INFO | [Inverse][gaussian|pts=400|noise=2%] epoch=7999/11999 total=3.408e-03 pde=3.677e-04 bc=3.609e-05 data=2.680e-05 best=2.654e-03 lr=5.12e-04
2026-02-14 11:52:24,988 | INFO | [Inverse][gaussian|pts=400|noise=2%] epoch=8099/11999 total=3.297e-03 pde=3.604e-04 bc=3.724e-05 data=2.564e-05 best=2.654e-03 lr=5.12e-04
2026-02-14 11:52:26,390 | INFO | [Inverse][gaussian|pts=400|noise=2%] epoch=8199/11999 total=3.045e-03 pde=3.478e-04 bc=3.484e-05 data=2.349e-05 best=2.654e-03 lr=5.12e-04
2026-02-14 11:52:27,819 | INFO | [Inverse][gaussian|pts=400|noise=2%] epoch=8299/11999 total=2.800e-03 pde=3.361e-04 bc=3.226e-05 data=2.141e-05 best=2.654e-03 lr=5.12e-04
2026-02-14 11:52:29,310 | INFO | [Inverse][gaussian|pts=400|noise=2%] epoch=8399/11999 total=3.034e-03 pde=4.152e-04 bc=3.605e-05 data=2.259e-05 best=2.551e-03 lr=5.12e-04
2026-02-14 11:52:30,752 | INFO | [Inverse][gaussian|pts=400|noise=2%] checkpoint saved at epoch=8499 -> outputs_refactor\full_matrix_rerun_20260214_112937\checkpoints\gaussian\inverse_pts_400_noise_2_last.pth
2026-02-14 11:52:30,752 | INFO | [Inverse][gaussian|pts=400|noise=2%] epoch=8499/11999 total=3.275e-03 pde=3.541e-04 bc=4.178e-05 data=2.503e-05 best=2.551e-03 lr=5.12e-04
2026-02-14 11:52:32,174 | INFO | [Inverse][gaussian|pts=400|noise=2%] epoch=8599/11999 total=3.205e-03 pde=3.466e-04 bc=4.121e-05 data=2.447e-05 best=2.551e-03 lr=5.12e-04
2026-02-14 11:52:33,575 | INFO | [Inverse][gaussian|pts=400|noise=2%] epoch=8699/11999 total=3.137e-03 pde=3.384e-04 bc=4.045e-05 data=2.394e-05 best=2.551e-03 lr=5.12e-04
2026-02-14 11:52:35,053 | INFO | [Inverse][gaussian|pts=400|noise=2%] epoch=8799/11999 total=3.104e-03 pde=3.325e-04 bc=4.010e-05 data=2.371e-05 best=2.551e-03 lr=5.12e-04
2026-02-14 11:52:36,500 | INFO | [Inverse][gaussian|pts=400|noise=2%] epoch=8899/11999 total=2.552e-03 pde=3.008e-04 bc=3.185e-05 data=1.933e-05 best=2.451e-03 lr=4.10e-04
2026-02-14 11:52:37,967 | INFO | [Inverse][gaussian|pts=400|noise=2%] checkpoint saved at epoch=8999 -> outputs_refactor\full_matrix_rerun_20260214_112937\checkpoints\gaussian\inverse_pts_400_noise_2_last.pth
2026-02-14 11:52:37,967 | INFO | [Inverse][gaussian|pts=400|noise=2%] epoch=8999/11999 total=2.136e-03 pde=2.749e-04 bc=2.092e-05 data=1.652e-05 best=2.105e-03 lr=4.10e-04
2026-02-14 11:52:39,481 | INFO | [Inverse][gaussian|pts=400|noise=2%] epoch=9099/11999 total=2.845e-03 pde=2.956e-04 bc=2.720e-05 data=2.277e-05 best=2.105e-03 lr=4.10e-04
2026-02-14 11:52:41,014 | INFO | [Inverse][gaussian|pts=400|noise=2%] epoch=9199/11999 total=2.638e-03 pde=2.849e-04 bc=2.539e-05 data=2.099e-05 best=2.105e-03 lr=4.10e-04
2026-02-14 11:52:42,429 | INFO | [Inverse][gaussian|pts=400|noise=2%] epoch=9299/11999 total=2.442e-03 pde=2.749e-04 bc=2.340e-05 data=1.933e-05 best=2.105e-03 lr=4.10e-04
2026-02-14 11:52:43,874 | INFO | [Inverse][gaussian|pts=400|noise=2%] epoch=9399/11999 total=2.341e-03 pde=2.682e-04 bc=2.247e-05 data=1.848e-05 best=2.105e-03 lr=4.10e-04
2026-02-14 11:52:45,312 | INFO | [Inverse][gaussian|pts=400|noise=2%] checkpoint saved at epoch=9499 -> outputs_refactor\full_matrix_rerun_20260214_112937\checkpoints\gaussian\inverse_pts_400_noise_2_last.pth
2026-02-14 11:52:45,312 | INFO | [Inverse][gaussian|pts=400|noise=2%] epoch=9499/11999 total=2.273e-03 pde=2.635e-04 bc=2.187e-05 data=1.791e-05 best=2.105e-03 lr=3.28e-04
2026-02-14 11:52:46,821 | INFO | [Inverse][gaussian|pts=400|noise=2%] epoch=9599/11999 total=2.253e-03 pde=2.599e-04 bc=2.167e-05 data=1.776e-05 best=2.105e-03 lr=3.28e-04
2026-02-14 11:52:48,237 | INFO | [Inverse][gaussian|pts=400|noise=2%] epoch=9699/11999 total=2.262e-03 pde=2.567e-04 bc=2.193e-05 data=1.786e-05 best=2.105e-03 lr=3.28e-04
2026-02-14 11:52:49,689 | INFO | [Inverse][gaussian|pts=400|noise=2%] epoch=9799/11999 total=2.239e-03 pde=2.528e-04 bc=2.186e-05 data=1.767e-05 best=2.105e-03 lr=3.28e-04
2026-02-14 11:52:51,128 | INFO | [Inverse][gaussian|pts=400|noise=2%] epoch=9899/11999 total=2.259e-03 pde=2.507e-04 bc=2.222e-05 data=1.786e-05 best=2.105e-03 lr=3.28e-04
2026-02-14 11:52:52,554 | INFO | [Inverse][gaussian|pts=400|noise=2%] checkpoint saved at epoch=9999 -> outputs_refactor\full_matrix_rerun_20260214_112937\checkpoints\gaussian\inverse_pts_400_noise_2_last.pth
2026-02-14 11:52:52,554 | INFO | [Inverse][gaussian|pts=400|noise=2%] epoch=9999/11999 total=2.229e-03 pde=2.468e-04 bc=2.141e-05 data=1.768e-05 best=2.105e-03 lr=3.28e-04
2026-02-14 11:52:54,238 | INFO | [Inverse][gaussian|pts=400|noise=2%] epoch=10099/11999 total=1.933e-03 pde=2.356e-04 bc=1.810e-05 data=1.516e-05 best=1.933e-03 lr=2.62e-04
2026-02-14 11:52:56,031 | INFO | [Inverse][gaussian|pts=400|noise=2%] epoch=10199/11999 total=1.917e-03 pde=2.321e-04 bc=1.793e-05 data=1.506e-05 best=1.917e-03 lr=2.62e-04
2026-02-14 11:52:57,816 | INFO | [Inverse][gaussian|pts=400|noise=2%] epoch=10299/11999 total=1.901e-03 pde=2.285e-04 bc=1.776e-05 data=1.495e-05 best=1.901e-03 lr=2.62e-04
2026-02-14 11:52:59,296 | INFO | [Inverse][gaussian|pts=400|noise=2%] epoch=10399/11999 total=1.952e-03 pde=2.305e-04 bc=1.788e-05 data=1.543e-05 best=1.894e-03 lr=2.62e-04
2026-02-14 11:53:00,727 | INFO | [Inverse][gaussian|pts=400|noise=2%] checkpoint saved at epoch=10499 -> outputs_refactor\full_matrix_rerun_20260214_112937\checkpoints\gaussian\inverse_pts_400_noise_2_last.pth
2026-02-14 11:53:00,727 | INFO | [Inverse][gaussian|pts=400|noise=2%] epoch=10499/11999 total=2.472e-03 pde=2.451e-04 bc=2.532e-05 data=1.974e-05 best=1.894e-03 lr=2.62e-04
2026-02-14 11:53:02,148 | INFO | [Inverse][gaussian|pts=400|noise=2%] epoch=10599/11999 total=2.343e-03 pde=2.390e-04 bc=2.368e-05 data=1.867e-05 best=1.894e-03 lr=2.62e-04
2026-02-14 11:53:03,567 | INFO | [Inverse][gaussian|pts=400|noise=2%] epoch=10699/11999 total=2.263e-03 pde=2.345e-04 bc=2.263e-05 data=1.802e-05 best=1.894e-03 lr=2.62e-04
2026-02-14 11:53:04,988 | INFO | [Inverse][gaussian|pts=400|noise=2%] epoch=10799/11999 total=2.208e-03 pde=2.307e-04 bc=2.189e-05 data=1.759e-05 best=1.894e-03 lr=2.62e-04
2026-02-14 11:53:06,448 | INFO | [Inverse][gaussian|pts=400|noise=2%] epoch=10899/11999 total=1.845e-03 pde=2.142e-04 bc=1.716e-05 data=1.460e-05 best=1.845e-03 lr=2.10e-04
2026-02-14 11:53:08,204 | INFO | [Inverse][gaussian|pts=400|noise=2%] checkpoint saved at epoch=10999 -> outputs_refactor\full_matrix_rerun_20260214_112937\checkpoints\gaussian\inverse_pts_400_noise_2_last.pth
2026-02-14 11:53:08,204 | INFO | [Inverse][gaussian|pts=400|noise=2%] epoch=10999/11999 total=1.834e-03 pde=2.119e-04 bc=1.702e-05 data=1.452e-05 best=1.834e-03 lr=2.10e-04
2026-02-14 11:53:10,012 | INFO | [Inverse][gaussian|pts=400|noise=2%] epoch=11099/11999 total=1.824e-03 pde=2.094e-04 bc=1.689e-05 data=1.446e-05 best=1.824e-03 lr=2.10e-04
2026-02-14 11:53:11,820 | INFO | [Inverse][gaussian|pts=400|noise=2%] epoch=11199/11999 total=1.813e-03 pde=2.069e-04 bc=1.677e-05 data=1.439e-05 best=1.813e-03 lr=2.10e-04
2026-02-14 11:53:13,617 | INFO | [Inverse][gaussian|pts=400|noise=2%] epoch=11299/11999 total=1.802e-03 pde=2.042e-04 bc=1.664e-05 data=1.431e-05 best=1.802e-03 lr=2.10e-04
2026-02-14 11:53:15,397 | INFO | [Inverse][gaussian|pts=400|noise=2%] epoch=11399/11999 total=1.791e-03 pde=2.014e-04 bc=1.651e-05 data=1.424e-05 best=1.791e-03 lr=2.10e-04
2026-02-14 11:53:17,209 | INFO | [Inverse][gaussian|pts=400|noise=2%] checkpoint saved at epoch=11499 -> outputs_refactor\full_matrix_rerun_20260214_112937\checkpoints\gaussian\inverse_pts_400_noise_2_last.pth
2026-02-14 11:53:17,209 | INFO | [Inverse][gaussian|pts=400|noise=2%] epoch=11499/11999 total=1.779e-03 pde=1.986e-04 bc=1.638e-05 data=1.417e-05 best=1.779e-03 lr=2.10e-04
2026-02-14 11:53:19,040 | INFO | [Inverse][gaussian|pts=400|noise=2%] epoch=11599/11999 total=1.767e-03 pde=1.957e-04 bc=1.624e-05 data=1.409e-05 best=1.767e-03 lr=2.10e-04
2026-02-14 11:53:20,846 | INFO | [Inverse][gaussian|pts=400|noise=2%] epoch=11699/11999 total=1.755e-03 pde=1.927e-04 bc=1.611e-05 data=1.402e-05 best=1.755e-03 lr=2.10e-04
2026-02-14 11:53:22,643 | INFO | [Inverse][gaussian|pts=400|noise=2%] epoch=11799/11999 total=1.743e-03 pde=1.896e-04 bc=1.597e-05 data=1.394e-05 best=1.743e-03 lr=2.10e-04
2026-02-14 11:53:24,431 | INFO | [Inverse][gaussian|pts=400|noise=2%] epoch=11899/11999 total=1.731e-03 pde=1.865e-04 bc=1.582e-05 data=1.386e-05 best=1.731e-03 lr=2.10e-04
2026-02-14 11:53:26,236 | INFO | [Inverse][gaussian|pts=400|noise=2%] checkpoint saved at epoch=11999 -> outputs_refactor\full_matrix_rerun_20260214_112937\checkpoints\gaussian\inverse_pts_400_noise_2_last.pth
2026-02-14 11:53:26,237 | INFO | [Inverse][gaussian|pts=400|noise=2%] epoch=11999/11999 total=1.718e-03 pde=1.833e-04 bc=1.568e-05 data=1.378e-05 best=1.718e-03 lr=2.10e-04
2026-02-14 11:53:27,020 | INFO | [Inverse][pts_400_noise_5] start training charge=gaussian points=400 noise=5%
2026-02-14 11:53:27,043 | INFO | [Inverse][gaussian|pts=400|noise=5%] epoch=0/11999 total=6.429e+00 pde=1.244e-01 bc=1.208e-02 data=6.183e-02 best=6.429e+00 lr=1.00e-03
2026-02-14 11:53:28,717 | INFO | [Inverse][gaussian|pts=400|noise=5%] epoch=99/11999 total=5.607e-01 pde=2.627e-01 bc=1.603e-03 data=2.819e-03 best=5.607e-01 lr=1.00e-03
2026-02-14 11:53:30,253 | INFO | [Inverse][gaussian|pts=400|noise=5%] epoch=199/11999 total=4.286e-01 pde=1.589e-01 bc=1.885e-03 data=2.509e-03 best=4.165e-01 lr=1.00e-03
2026-02-14 11:53:31,838 | INFO | [Inverse][gaussian|pts=400|noise=5%] epoch=299/11999 total=2.990e-01 pde=7.723e-02 bc=1.324e-03 data=2.086e-03 best=2.990e-01 lr=1.00e-03
2026-02-14 11:53:33,435 | INFO | [Inverse][gaussian|pts=400|noise=5%] epoch=399/11999 total=2.172e-01 pde=3.345e-02 bc=1.001e-03 data=1.737e-03 best=2.172e-01 lr=1.00e-03
2026-02-14 11:53:35,049 | INFO | [Inverse][gaussian|pts=400|noise=5%] checkpoint saved at epoch=499 -> outputs_refactor\full_matrix_rerun_20260214_112937\checkpoints\gaussian\inverse_pts_400_noise_5_last.pth
2026-02-14 11:53:35,049 | INFO | [Inverse][gaussian|pts=400|noise=5%] epoch=499/11999 total=1.607e-01 pde=1.903e-02 bc=5.723e-04 data=1.359e-03 best=1.601e-01 lr=1.00e-03
2026-02-14 11:53:36,647 | INFO | [Inverse][gaussian|pts=400|noise=5%] epoch=599/11999 total=1.172e-01 pde=1.518e-02 bc=3.700e-04 data=9.836e-04 best=1.172e-01 lr=1.00e-03
2026-02-14 11:53:38,139 | INFO | [Inverse][gaussian|pts=400|noise=5%] epoch=699/11999 total=9.797e-02 pde=1.537e-02 bc=3.165e-04 data=7.944e-04 best=9.077e-02 lr=1.00e-03
2026-02-14 11:53:39,741 | INFO | [Inverse][gaussian|pts=400|noise=5%] epoch=799/11999 total=8.667e-02 pde=1.580e-02 bc=1.477e-04 data=6.939e-04 best=8.096e-02 lr=1.00e-03
2026-02-14 11:53:41,253 | INFO | [Inverse][gaussian|pts=400|noise=5%] epoch=899/11999 total=8.329e-02 pde=1.525e-02 bc=5.367e-04 data=6.267e-04 best=7.586e-02 lr=1.00e-03
2026-02-14 11:53:42,766 | INFO | [Inverse][gaussian|pts=400|noise=5%] checkpoint saved at epoch=999 -> outputs_refactor\full_matrix_rerun_20260214_112937\checkpoints\gaussian\inverse_pts_400_noise_5_last.pth
2026-02-14 11:53:42,766 | INFO | [Inverse][gaussian|pts=400|noise=5%] epoch=999/11999 total=7.231e-02 pde=1.415e-02 bc=3.926e-04 data=5.423e-04 best=7.101e-02 lr=1.00e-03
2026-02-14 11:53:44,286 | INFO | [Inverse][gaussian|pts=400|noise=5%] epoch=1099/11999 total=7.621e-02 pde=1.320e-02 bc=4.207e-04 data=5.880e-04 best=6.006e-02 lr=1.00e-03
2026-02-14 11:53:45,720 | INFO | [Inverse][gaussian|pts=400|noise=5%] epoch=1199/11999 total=6.099e-02 pde=1.245e-02 bc=2.932e-04 data=4.560e-04 best=5.606e-02 lr=1.00e-03
2026-02-14 11:53:47,148 | INFO | [Inverse][gaussian|pts=400|noise=5%] epoch=1299/11999 total=6.844e-02 pde=1.162e-02 bc=2.019e-04 data=5.480e-04 best=5.317e-02 lr=1.00e-03
2026-02-14 11:53:48,572 | INFO | [Inverse][gaussian|pts=400|noise=5%] epoch=1399/11999 total=1.109e-01 pde=1.128e-02 bc=6.262e-04 data=9.335e-04 best=4.893e-02 lr=1.00e-03
2026-02-14 11:53:50,020 | INFO | [Inverse][gaussian|pts=400|noise=5%] checkpoint saved at epoch=1499 -> outputs_refactor\full_matrix_rerun_20260214_112937\checkpoints\gaussian\inverse_pts_400_noise_5_last.pth
2026-02-14 11:53:50,021 | INFO | [Inverse][gaussian|pts=400|noise=5%] epoch=1499/11999 total=1.196e-01 pde=1.213e-02 bc=1.049e-03 data=9.695e-04 best=4.733e-02 lr=1.00e-03
2026-02-14 11:53:51,437 | INFO | [Inverse][gaussian|pts=400|noise=5%] epoch=1599/11999 total=4.847e-02 pde=1.021e-02 bc=2.167e-04 data=3.609e-04 best=4.450e-02 lr=1.00e-03
2026-02-14 11:53:52,852 | INFO | [Inverse][gaussian|pts=400|noise=5%] epoch=1699/11999 total=4.570e-02 pde=9.261e-03 bc=1.717e-04 data=3.472e-04 best=4.229e-02 lr=1.00e-03
2026-02-14 11:53:54,282 | INFO | [Inverse][gaussian|pts=400|noise=5%] epoch=1799/11999 total=4.219e-02 pde=8.320e-03 bc=1.432e-04 data=3.243e-04 best=4.101e-02 lr=1.00e-03
2026-02-14 11:53:55,808 | INFO | [Inverse][gaussian|pts=400|noise=5%] epoch=1899/11999 total=4.127e-02 pde=7.302e-03 bc=1.606e-04 data=3.237e-04 best=3.476e-02 lr=1.00e-03
2026-02-14 11:53:57,256 | INFO | [Inverse][gaussian|pts=400|noise=5%] checkpoint saved at epoch=1999 -> outputs_refactor\full_matrix_rerun_20260214_112937\checkpoints\gaussian\inverse_pts_400_noise_5_last.pth
2026-02-14 11:53:57,256 | INFO | [Inverse][gaussian|pts=400|noise=5%] epoch=1999/11999 total=3.540e-02 pde=6.269e-03 bc=1.218e-04 data=2.791e-04 best=3.247e-02 lr=1.00e-03
2026-02-14 11:53:58,754 | INFO | [Inverse][gaussian|pts=400|noise=5%] epoch=2099/11999 total=4.514e-02 pde=5.667e-03 bc=2.342e-04 data=3.713e-04 best=2.789e-02 lr=1.00e-03
2026-02-14 11:54:00,170 | INFO | [Inverse][gaussian|pts=400|noise=5%] epoch=2199/11999 total=1.051e-01 pde=5.854e-03 bc=7.939e-04 data=9.127e-04 best=2.551e-02 lr=1.00e-03
2026-02-14 11:54:01,613 | INFO | [Inverse][gaussian|pts=400|noise=5%] epoch=2299/11999 total=3.057e-02 pde=4.091e-03 bc=1.208e-04 data=2.527e-04 best=2.461e-02 lr=1.00e-03
2026-02-14 11:54:03,025 | INFO | [Inverse][gaussian|pts=400|noise=5%] epoch=2399/11999 total=2.701e-02 pde=3.451e-03 bc=9.597e-05 data=2.260e-04 best=2.321e-02 lr=1.00e-03
2026-02-14 11:54:04,462 | INFO | [Inverse][gaussian|pts=400|noise=5%] checkpoint saved at epoch=2499 -> outputs_refactor\full_matrix_rerun_20260214_112937\checkpoints\gaussian\inverse_pts_400_noise_5_last.pth
2026-02-14 11:54:04,463 | INFO | [Inverse][gaussian|pts=400|noise=5%] epoch=2499/11999 total=2.883e-02 pde=3.106e-03 bc=1.289e-04 data=2.444e-04 best=2.147e-02 lr=1.00e-03
2026-02-14 11:54:05,896 | INFO | [Inverse][gaussian|pts=400|noise=5%] epoch=2599/11999 total=2.563e-02 pde=2.806e-03 bc=1.027e-04 data=2.180e-04 best=2.107e-02 lr=1.00e-03
2026-02-14 11:54:07,298 | INFO | [Inverse][gaussian|pts=400|noise=5%] epoch=2699/11999 total=2.330e-02 pde=2.582e-03 bc=9.082e-05 data=1.981e-04 best=2.107e-02 lr=1.00e-03
2026-02-14 11:54:08,739 | INFO | [Inverse][gaussian|pts=400|noise=5%] epoch=2799/11999 total=2.449e-02 pde=2.431e-03 bc=1.273e-04 data=2.079e-04 best=1.950e-02 lr=1.00e-03
2026-02-14 11:54:10,153 | INFO | [Inverse][gaussian|pts=400|noise=5%] epoch=2899/11999 total=2.143e-02 pde=2.234e-03 bc=9.866e-05 data=1.821e-04 best=1.950e-02 lr=1.00e-03
2026-02-14 11:54:11,651 | INFO | [Inverse][gaussian|pts=400|noise=5%] checkpoint saved at epoch=2999 -> outputs_refactor\full_matrix_rerun_20260214_112937\checkpoints\gaussian\inverse_pts_400_noise_5_last.pth
2026-02-14 11:54:11,652 | INFO | [Inverse][gaussian|pts=400|noise=5%] epoch=2999/11999 total=2.493e-02 pde=2.190e-03 bc=1.184e-04 data=2.155e-04 best=1.637e-02 lr=1.00e-03
2026-02-14 11:54:13,106 | INFO | [Inverse][gaussian|pts=400|noise=5%] epoch=3099/11999 total=1.089e-01 pde=4.057e-02 bc=7.883e-04 data=6.044e-04 best=1.497e-02 lr=1.00e-03
2026-02-14 11:54:14,519 | INFO | [Inverse][gaussian|pts=400|noise=5%] epoch=3199/11999 total=8.378e-02 pde=2.989e-03 bc=7.084e-04 data=7.371e-04 best=1.497e-02 lr=1.00e-03
2026-02-14 11:54:15,950 | INFO | [Inverse][gaussian|pts=400|noise=5%] epoch=3299/11999 total=6.568e-02 pde=2.546e-03 bc=7.322e-04 data=5.581e-04 best=1.497e-02 lr=1.00e-03
2026-02-14 11:54:17,383 | INFO | [Inverse][gaussian|pts=400|noise=5%] epoch=3399/11999 total=7.913e-02 pde=4.266e-03 bc=5.484e-04 data=6.938e-04 best=1.497e-02 lr=1.00e-03
2026-02-14 11:54:18,809 | INFO | [Inverse][gaussian|pts=400|noise=5%] checkpoint saved at epoch=3499 -> outputs_refactor\full_matrix_rerun_20260214_112937\checkpoints\gaussian\inverse_pts_400_noise_5_last.pth
2026-02-14 11:54:18,810 | INFO | [Inverse][gaussian|pts=400|noise=5%] epoch=3499/11999 total=2.508e-02 pde=6.546e-03 bc=5.471e-05 data=1.799e-04 best=1.434e-02 lr=1.00e-03
2026-02-14 11:54:20,266 | INFO | [Inverse][gaussian|pts=400|noise=5%] epoch=3599/11999 total=2.449e-02 pde=1.674e-03 bc=1.764e-04 data=2.105e-04 best=1.434e-02 lr=1.00e-03
2026-02-14 11:54:21,707 | INFO | [Inverse][gaussian|pts=400|noise=5%] epoch=3699/11999 total=1.965e-02 pde=1.450e-03 bc=1.350e-04 data=1.685e-04 best=1.434e-02 lr=1.00e-03
2026-02-14 11:54:23,118 | INFO | [Inverse][gaussian|pts=400|noise=5%] epoch=3799/11999 total=1.818e-02 pde=1.381e-03 bc=1.211e-04 data=1.559e-04 best=1.434e-02 lr=1.00e-03
2026-02-14 11:54:24,517 | INFO | [Inverse][gaussian|pts=400|noise=5%] epoch=3899/11999 total=1.773e-02 pde=1.313e-03 bc=1.179e-04 data=1.524e-04 best=1.434e-02 lr=1.00e-03
2026-02-14 11:54:25,940 | INFO | [Inverse][gaussian|pts=400|noise=5%] checkpoint saved at epoch=3999 -> outputs_refactor\full_matrix_rerun_20260214_112937\checkpoints\gaussian\inverse_pts_400_noise_5_last.pth
2026-02-14 11:54:25,941 | INFO | [Inverse][gaussian|pts=400|noise=5%] epoch=3999/11999 total=1.518e-02 pde=1.218e-03 bc=8.987e-05 data=1.306e-04 best=1.406e-02 lr=8.00e-04
2026-02-14 11:54:27,401 | INFO | [Inverse][gaussian|pts=400|noise=5%] epoch=4099/11999 total=1.487e-02 pde=1.163e-03 bc=9.543e-05 data=1.276e-04 best=1.406e-02 lr=8.00e-04
2026-02-14 11:54:28,850 | INFO | [Inverse][gaussian|pts=400|noise=5%] epoch=4199/11999 total=1.458e-02 pde=1.103e-03 bc=9.588e-05 data=1.252e-04 best=1.383e-02 lr=8.00e-04
2026-02-14 11:54:30,373 | INFO | [Inverse][gaussian|pts=400|noise=5%] epoch=4299/11999 total=1.447e-02 pde=1.050e-03 bc=9.811e-05 data=1.244e-04 best=1.328e-02 lr=8.00e-04
2026-02-14 11:54:31,872 | INFO | [Inverse][gaussian|pts=400|noise=5%] epoch=4399/11999 total=1.461e-02 pde=1.009e-03 bc=1.032e-04 data=1.257e-04 best=1.267e-02 lr=8.00e-04
2026-02-14 11:54:33,398 | INFO | [Inverse][gaussian|pts=400|noise=5%] checkpoint saved at epoch=4499 -> outputs_refactor\full_matrix_rerun_20260214_112937\checkpoints\gaussian\inverse_pts_400_noise_5_last.pth
2026-02-14 11:54:33,398 | INFO | [Inverse][gaussian|pts=400|noise=5%] epoch=4499/11999 total=1.516e-02 pde=9.857e-04 bc=1.129e-04 data=1.304e-04 best=1.195e-02 lr=8.00e-04
2026-02-14 11:54:34,826 | INFO | [Inverse][gaussian|pts=400|noise=5%] epoch=4599/11999 total=2.102e-02 pde=9.934e-04 bc=2.052e-04 data=1.797e-04 best=1.195e-02 lr=8.00e-04
2026-02-14 11:54:36,255 | INFO | [Inverse][gaussian|pts=400|noise=5%] epoch=4699/11999 total=2.015e-02 pde=9.545e-04 bc=1.949e-04 data=1.725e-04 best=1.164e-02 lr=8.00e-04
2026-02-14 11:54:37,690 | INFO | [Inverse][gaussian|pts=400|noise=5%] epoch=4799/11999 total=1.424e-02 pde=8.543e-04 bc=1.104e-04 data=1.228e-04 best=1.164e-02 lr=8.00e-04
2026-02-14 11:54:39,088 | INFO | [Inverse][gaussian|pts=400|noise=5%] epoch=4899/11999 total=1.511e-02 pde=8.489e-04 bc=1.254e-04 data=1.301e-04 best=1.164e-02 lr=8.00e-04
2026-02-14 11:54:40,494 | INFO | [Inverse][gaussian|pts=400|noise=5%] checkpoint saved at epoch=4999 -> outputs_refactor\full_matrix_rerun_20260214_112937\checkpoints\gaussian\inverse_pts_400_noise_5_last.pth
2026-02-14 11:54:40,494 | INFO | [Inverse][gaussian|pts=400|noise=5%] epoch=4999/11999 total=1.466e-02 pde=8.279e-04 bc=1.200e-04 data=1.264e-04 best=1.164e-02 lr=8.00e-04
2026-02-14 11:54:41,910 | INFO | [Inverse][gaussian|pts=400|noise=5%] epoch=5099/11999 total=1.409e-02 pde=8.036e-04 bc=1.124e-04 data=1.217e-04 best=1.164e-02 lr=8.00e-04
2026-02-14 11:54:43,330 | INFO | [Inverse][gaussian|pts=400|noise=5%] epoch=5199/11999 total=1.413e-02 pde=7.770e-04 bc=1.127e-04 data=1.223e-04 best=1.164e-02 lr=6.40e-04
2026-02-14 11:54:44,823 | INFO | [Inverse][gaussian|pts=400|noise=5%] epoch=5299/11999 total=1.271e-02 pde=7.435e-04 bc=8.970e-05 data=1.107e-04 best=1.107e-02 lr=6.40e-04
2026-02-14 11:54:46,258 | INFO | [Inverse][gaussian|pts=400|noise=5%] epoch=5399/11999 total=1.204e-02 pde=7.192e-04 bc=8.062e-05 data=1.051e-04 best=1.106e-02 lr=6.40e-04
2026-02-14 11:54:47,704 | INFO | [Inverse][gaussian|pts=400|noise=5%] checkpoint saved at epoch=5499 -> outputs_refactor\full_matrix_rerun_20260214_112937\checkpoints\gaussian\inverse_pts_400_noise_5_last.pth
2026-02-14 11:54:47,705 | INFO | [Inverse][gaussian|pts=400|noise=5%] epoch=5499/11999 total=1.420e-02 pde=7.428e-04 bc=1.193e-04 data=1.227e-04 best=1.071e-02 lr=6.40e-04
2026-02-14 11:54:49,115 | INFO | [Inverse][gaussian|pts=400|noise=5%] epoch=5599/11999 total=1.202e-02 pde=6.946e-04 bc=8.614e-05 data=1.047e-04 best=1.070e-02 lr=6.40e-04
2026-02-14 11:54:50,546 | INFO | [Inverse][gaussian|pts=400|noise=5%] epoch=5699/11999 total=1.216e-02 pde=7.131e-04 bc=8.934e-05 data=1.055e-04 best=1.070e-02 lr=6.40e-04
2026-02-14 11:54:51,962 | INFO | [Inverse][gaussian|pts=400|noise=5%] epoch=5799/11999 total=2.635e-02 pde=9.777e-04 bc=2.567e-04 data=2.281e-04 best=1.021e-02 lr=6.40e-04
2026-02-14 11:54:53,405 | INFO | [Inverse][gaussian|pts=400|noise=5%] epoch=5899/11999 total=1.213e-02 pde=6.798e-04 bc=5.268e-05 data=1.093e-04 best=1.021e-02 lr=6.40e-04
2026-02-14 11:54:54,840 | INFO | [Inverse][gaussian|pts=400|noise=5%] checkpoint saved at epoch=5999 -> outputs_refactor\full_matrix_rerun_20260214_112937\checkpoints\gaussian\inverse_pts_400_noise_5_last.pth
2026-02-14 11:54:54,840 | INFO | [Inverse][gaussian|pts=400|noise=5%] epoch=5999/11999 total=1.188e-02 pde=6.513e-04 bc=4.917e-05 data=1.074e-04 best=1.021e-02 lr=6.40e-04
2026-02-14 11:54:56,267 | INFO | [Inverse][gaussian|pts=400|noise=5%] epoch=6099/11999 total=1.147e-02 pde=6.238e-04 bc=4.578e-05 data=1.039e-04 best=1.021e-02 lr=6.40e-04
2026-02-14 11:54:57,698 | INFO | [Inverse][gaussian|pts=400|noise=5%] epoch=6199/11999 total=1.135e-02 pde=6.140e-04 bc=4.471e-05 data=1.029e-04 best=1.021e-02 lr=6.40e-04
2026-02-14 11:54:59,106 | INFO | [Inverse][gaussian|pts=400|noise=5%] epoch=6299/11999 total=1.130e-02 pde=6.193e-04 bc=4.860e-05 data=1.020e-04 best=1.021e-02 lr=5.12e-04
2026-02-14 11:55:00,538 | INFO | [Inverse][gaussian|pts=400|noise=5%] epoch=6399/11999 total=1.060e-02 pde=5.962e-04 bc=4.038e-05 data=9.601e-05 best=1.021e-02 lr=5.12e-04
2026-02-14 11:55:01,950 | INFO | [Inverse][gaussian|pts=400|noise=5%] checkpoint saved at epoch=6499 -> outputs_refactor\full_matrix_rerun_20260214_112937\checkpoints\gaussian\inverse_pts_400_noise_5_last.pth
2026-02-14 11:55:01,951 | INFO | [Inverse][gaussian|pts=400|noise=5%] epoch=6499/11999 total=1.069e-02 pde=6.000e-04 bc=3.908e-05 data=9.702e-05 best=1.021e-02 lr=5.12e-04
2026-02-14 11:55:03,450 | INFO | [Inverse][gaussian|pts=400|noise=5%] epoch=6599/11999 total=1.108e-02 pde=6.155e-04 bc=4.071e-05 data=1.006e-04 best=9.807e-03 lr=5.12e-04
2026-02-14 11:55:04,922 | INFO | [Inverse][gaussian|pts=400|noise=5%] epoch=6699/11999 total=1.626e-02 pde=6.831e-03 bc=5.696e-05 data=8.864e-05 best=9.505e-03 lr=5.12e-04
2026-02-14 11:55:06,350 | INFO | [Inverse][gaussian|pts=400|noise=5%] epoch=6799/11999 total=1.093e-02 pde=5.483e-04 bc=6.613e-05 data=9.721e-05 best=9.505e-03 lr=5.12e-04
2026-02-14 11:55:07,781 | INFO | [Inverse][gaussian|pts=400|noise=5%] epoch=6899/11999 total=1.041e-02 pde=5.284e-04 bc=5.968e-05 data=9.282e-05 best=9.505e-03 lr=5.12e-04
2026-02-14 11:55:09,202 | INFO | [Inverse][gaussian|pts=400|noise=5%] checkpoint saved at epoch=6999 -> outputs_refactor\full_matrix_rerun_20260214_112937\checkpoints\gaussian\inverse_pts_400_noise_5_last.pth
2026-02-14 11:55:09,203 | INFO | [Inverse][gaussian|pts=400|noise=5%] epoch=6999/11999 total=1.027e-02 pde=5.188e-04 bc=5.825e-05 data=9.169e-05 best=9.505e-03 lr=5.12e-04
2026-02-14 11:55:10,664 | INFO | [Inverse][gaussian|pts=400|noise=5%] epoch=7099/11999 total=1.036e-02 pde=5.205e-04 bc=6.250e-05 data=9.212e-05 best=9.505e-03 lr=5.12e-04
2026-02-14 11:55:12,105 | INFO | [Inverse][gaussian|pts=400|noise=5%] epoch=7199/11999 total=1.000e-02 pde=5.099e-04 bc=4.721e-05 data=9.018e-05 best=9.201e-03 lr=4.10e-04
2026-02-14 11:55:13,508 | INFO | [Inverse][gaussian|pts=400|noise=5%] epoch=7299/11999 total=1.151e-02 pde=5.866e-04 bc=6.237e-05 data=1.030e-04 best=9.190e-03 lr=4.10e-04
2026-02-14 11:55:14,927 | INFO | [Inverse][gaussian|pts=400|noise=5%] epoch=7399/11999 total=1.064e-02 pde=5.219e-04 bc=4.496e-05 data=9.665e-05 best=9.140e-03 lr=4.10e-04
2026-02-14 11:55:16,346 | INFO | [Inverse][gaussian|pts=400|noise=5%] checkpoint saved at epoch=7499 -> outputs_refactor\full_matrix_rerun_20260214_112937\checkpoints\gaussian\inverse_pts_400_noise_5_last.pth
2026-02-14 11:55:16,346 | INFO | [Inverse][gaussian|pts=400|noise=5%] epoch=7499/11999 total=9.661e-03 pde=4.797e-04 bc=5.354e-05 data=8.646e-05 best=9.140e-03 lr=4.10e-04
2026-02-14 11:55:17,804 | INFO | [Inverse][gaussian|pts=400|noise=5%] epoch=7599/11999 total=1.013e-02 pde=4.795e-04 bc=6.452e-05 data=9.008e-05 best=9.140e-03 lr=4.10e-04
2026-02-14 11:55:19,215 | INFO | [Inverse][gaussian|pts=400|noise=5%] epoch=7699/11999 total=9.833e-03 pde=4.686e-04 bc=5.986e-05 data=8.766e-05 best=9.140e-03 lr=4.10e-04
2026-02-14 11:55:20,611 | INFO | [Inverse][gaussian|pts=400|noise=5%] epoch=7799/11999 total=9.729e-03 pde=4.606e-04 bc=5.848e-05 data=8.684e-05 best=9.140e-03 lr=4.10e-04
2026-02-14 11:55:22,024 | INFO | [Inverse][gaussian|pts=400|noise=5%] epoch=7899/11999 total=9.172e-03 pde=4.440e-04 bc=4.738e-05 data=8.254e-05 best=9.140e-03 lr=3.28e-04
2026-02-14 11:55:23,445 | INFO | [Inverse][gaussian|pts=400|noise=5%] checkpoint saved at epoch=7999 -> outputs_refactor\full_matrix_rerun_20260214_112937\checkpoints\gaussian\inverse_pts_400_noise_5_last.pth
2026-02-14 11:55:23,445 | INFO | [Inverse][gaussian|pts=400|noise=5%] epoch=7999/11999 total=9.320e-03 pde=4.412e-04 bc=5.069e-05 data=8.371e-05 best=9.140e-03 lr=3.28e-04
2026-02-14 11:55:24,891 | INFO | [Inverse][gaussian|pts=400|noise=5%] epoch=8099/11999 total=9.508e-03 pde=4.397e-04 bc=5.439e-05 data=8.524e-05 best=9.056e-03 lr=3.28e-04
2026-02-14 11:55:26,342 | INFO | [Inverse][gaussian|pts=400|noise=5%] epoch=8199/11999 total=9.305e-03 pde=4.300e-04 bc=5.092e-05 data=8.366e-05 best=9.009e-03 lr=3.28e-04
2026-02-14 11:55:27,754 | INFO | [Inverse][gaussian|pts=400|noise=5%] epoch=8299/11999 total=9.154e-03 pde=4.216e-04 bc=4.746e-05 data=8.258e-05 best=9.009e-03 lr=3.28e-04
2026-02-14 11:55:29,174 | INFO | [Inverse][gaussian|pts=400|noise=5%] epoch=8399/11999 total=9.110e-03 pde=4.168e-04 bc=4.524e-05 data=8.240e-05 best=9.009e-03 lr=3.28e-04
2026-02-14 11:55:30,653 | INFO | [Inverse][gaussian|pts=400|noise=5%] checkpoint saved at epoch=8499 -> outputs_refactor\full_matrix_rerun_20260214_112937\checkpoints\gaussian\inverse_pts_400_noise_5_last.pth
2026-02-14 11:55:30,653 | INFO | [Inverse][gaussian|pts=400|noise=5%] epoch=8499/11999 total=9.137e-03 pde=4.131e-04 bc=4.551e-05 data=8.269e-05 best=8.944e-03 lr=3.28e-04
2026-02-14 11:55:32,184 | INFO | [Inverse][gaussian|pts=400|noise=5%] epoch=8599/11999 total=9.142e-03 pde=4.087e-04 bc=4.556e-05 data=8.278e-05 best=8.850e-03 lr=3.28e-04
2026-02-14 11:55:33,709 | INFO | [Inverse][gaussian|pts=400|noise=5%] epoch=8699/11999 total=9.103e-03 pde=4.028e-04 bc=4.499e-05 data=8.251e-05 best=8.791e-03 lr=3.28e-04
2026-02-14 11:55:35,227 | INFO | [Inverse][gaussian|pts=400|noise=5%] epoch=8799/11999 total=9.024e-03 pde=3.955e-04 bc=4.383e-05 data=8.190e-05 best=8.762e-03 lr=3.28e-04
2026-02-14 11:55:36,715 | INFO | [Inverse][gaussian|pts=400|noise=5%] epoch=8899/11999 total=8.915e-03 pde=3.872e-04 bc=4.224e-05 data=8.105e-05 best=8.759e-03 lr=3.28e-04
2026-02-14 11:55:38,140 | INFO | [Inverse][gaussian|pts=400|noise=5%] checkpoint saved at epoch=8999 -> outputs_refactor\full_matrix_rerun_20260214_112937\checkpoints\gaussian\inverse_pts_400_noise_5_last.pth
2026-02-14 11:55:38,141 | INFO | [Inverse][gaussian|pts=400|noise=5%] epoch=8999/11999 total=8.789e-03 pde=3.782e-04 bc=4.039e-05 data=8.007e-05 best=8.759e-03 lr=3.28e-04
2026-02-14 11:55:39,816 | INFO | [Inverse][gaussian|pts=400|noise=5%] epoch=9099/11999 total=8.657e-03 pde=3.689e-04 bc=3.846e-05 data=7.904e-05 best=8.657e-03 lr=3.28e-04
2026-02-14 11:55:41,355 | INFO | [Inverse][gaussian|pts=400|noise=5%] epoch=9199/11999 total=1.094e-02 pde=5.010e-04 bc=6.727e-05 data=9.765e-05 best=8.455e-03 lr=3.28e-04
2026-02-14 11:55:42,788 | INFO | [Inverse][gaussian|pts=400|noise=5%] epoch=9299/11999 total=8.930e-03 pde=3.670e-04 bc=3.023e-05 data=8.261e-05 best=8.368e-03 lr=3.28e-04
2026-02-14 11:55:44,223 | INFO | [Inverse][gaussian|pts=400|noise=5%] epoch=9399/11999 total=8.391e-03 pde=3.536e-04 bc=3.331e-05 data=7.705e-05 best=8.342e-03 lr=3.28e-04
2026-02-14 11:55:45,650 | INFO | [Inverse][gaussian|pts=400|noise=5%] checkpoint saved at epoch=9499 -> outputs_refactor\full_matrix_rerun_20260214_112937\checkpoints\gaussian\inverse_pts_400_noise_5_last.pth
2026-02-14 11:55:45,651 | INFO | [Inverse][gaussian|pts=400|noise=5%] epoch=9499/11999 total=8.746e-03 pde=3.574e-04 bc=4.183e-05 data=7.971e-05 best=8.342e-03 lr=3.28e-04
2026-02-14 11:55:47,040 | INFO | [Inverse][gaussian|pts=400|noise=5%] epoch=9599/11999 total=8.914e-03 pde=3.538e-04 bc=4.540e-05 data=8.106e-05 best=8.342e-03 lr=3.28e-04
2026-02-14 11:55:48,467 | INFO | [Inverse][gaussian|pts=400|noise=5%] epoch=9699/11999 total=8.760e-03 pde=3.471e-04 bc=4.443e-05 data=7.968e-05 best=8.342e-03 lr=3.28e-04
2026-02-14 11:55:49,894 | INFO | [Inverse][gaussian|pts=400|noise=5%] epoch=9799/11999 total=8.718e-03 pde=3.442e-04 bc=4.173e-05 data=7.957e-05 best=8.342e-03 lr=3.28e-04
2026-02-14 11:55:51,311 | INFO | [Inverse][gaussian|pts=400|noise=5%] epoch=9899/11999 total=8.618e-03 pde=3.402e-04 bc=3.771e-05 data=7.901e-05 best=8.342e-03 lr=2.62e-04
2026-02-14 11:55:52,771 | INFO | [Inverse][gaussian|pts=400|noise=5%] checkpoint saved at epoch=9999 -> outputs_refactor\full_matrix_rerun_20260214_112937\checkpoints\gaussian\inverse_pts_400_noise_5_last.pth
2026-02-14 11:55:52,771 | INFO | [Inverse][gaussian|pts=400|noise=5%] epoch=9999/11999 total=8.207e-03 pde=3.271e-04 bc=3.153e-05 data=7.564e-05 best=8.206e-03 lr=2.62e-04
2026-02-14 11:55:54,552 | INFO | [Inverse][gaussian|pts=400|noise=5%] epoch=10099/11999 total=8.181e-03 pde=3.249e-04 bc=3.127e-05 data=7.543e-05 best=8.181e-03 lr=2.62e-04
2026-02-14 11:55:56,367 | INFO | [Inverse][gaussian|pts=400|noise=5%] epoch=10199/11999 total=8.156e-03 pde=3.221e-04 bc=3.097e-05 data=7.524e-05 best=8.156e-03 lr=2.62e-04
2026-02-14 11:55:58,159 | INFO | [Inverse][gaussian|pts=400|noise=5%] epoch=10299/11999 total=8.130e-03 pde=3.191e-04 bc=3.067e-05 data=7.504e-05 best=8.130e-03 lr=2.62e-04
2026-02-14 11:55:59,934 | INFO | [Inverse][gaussian|pts=400|noise=5%] epoch=10399/11999 total=8.104e-03 pde=3.159e-04 bc=3.037e-05 data=7.485e-05 best=8.104e-03 lr=2.62e-04
2026-02-14 11:56:01,728 | INFO | [Inverse][gaussian|pts=400|noise=5%] checkpoint saved at epoch=10499 -> outputs_refactor\full_matrix_rerun_20260214_112937\checkpoints\gaussian\inverse_pts_400_noise_5_last.pth
2026-02-14 11:56:01,728 | INFO | [Inverse][gaussian|pts=400|noise=5%] epoch=10499/11999 total=8.078e-03 pde=3.126e-04 bc=3.006e-05 data=7.464e-05 best=8.078e-03 lr=2.62e-04
2026-02-14 11:56:03,539 | INFO | [Inverse][gaussian|pts=400|noise=5%] epoch=10599/11999 total=8.051e-03 pde=3.092e-04 bc=2.975e-05 data=7.444e-05 best=8.051e-03 lr=2.62e-04
2026-02-14 11:56:05,055 | INFO | [Inverse][gaussian|pts=400|noise=5%] epoch=10699/11999 total=8.028e-03 pde=3.057e-04 bc=3.050e-05 data=7.418e-05 best=8.025e-03 lr=2.62e-04
2026-02-14 11:56:06,513 | INFO | [Inverse][gaussian|pts=400|noise=5%] epoch=10799/11999 total=8.168e-03 pde=3.048e-04 bc=2.491e-05 data=7.614e-05 best=8.003e-03 lr=2.62e-04
2026-02-14 11:56:08,008 | INFO | [Inverse][gaussian|pts=400|noise=5%] epoch=10899/11999 total=8.064e-03 pde=3.006e-04 bc=3.396e-05 data=7.424e-05 best=7.975e-03 lr=2.62e-04
2026-02-14 11:56:09,483 | INFO | [Inverse][gaussian|pts=400|noise=5%] checkpoint saved at epoch=10999 -> outputs_refactor\full_matrix_rerun_20260214_112937\checkpoints\gaussian\inverse_pts_400_noise_5_last.pth
2026-02-14 11:56:09,483 | INFO | [Inverse][gaussian|pts=400|noise=5%] epoch=10999/11999 total=8.025e-03 pde=2.956e-04 bc=2.597e-05 data=7.470e-05 best=7.951e-03 lr=2.62e-04
2026-02-14 11:56:10,981 | INFO | [Inverse][gaussian|pts=400|noise=5%] epoch=11099/11999 total=7.930e-03 pde=2.910e-04 bc=2.876e-05 data=7.351e-05 best=7.930e-03 lr=2.62e-04
2026-02-14 11:56:12,458 | INFO | [Inverse][gaussian|pts=400|noise=5%] epoch=11199/11999 total=8.030e-03 pde=2.910e-04 bc=3.311e-05 data=7.408e-05 best=7.907e-03 lr=2.62e-04
2026-02-14 11:56:13,920 | INFO | [Inverse][gaussian|pts=400|noise=5%] epoch=11299/11999 total=7.966e-03 pde=2.851e-04 bc=2.526e-05 data=7.428e-05 best=7.890e-03 lr=2.62e-04
2026-02-14 11:56:15,403 | INFO | [Inverse][gaussian|pts=400|noise=5%] epoch=11399/11999 total=7.985e-03 pde=2.828e-04 bc=2.406e-05 data=7.462e-05 best=7.854e-03 lr=2.62e-04
2026-02-14 11:56:16,866 | INFO | [Inverse][gaussian|pts=400|noise=5%] checkpoint saved at epoch=11499 -> outputs_refactor\full_matrix_rerun_20260214_112937\checkpoints\gaussian\inverse_pts_400_noise_5_last.pth
2026-02-14 11:56:16,867 | INFO | [Inverse][gaussian|pts=400|noise=5%] epoch=11499/11999 total=7.965e-03 pde=2.796e-04 bc=2.374e-05 data=7.448e-05 best=7.842e-03 lr=2.62e-04
2026-02-14 11:56:18,337 | INFO | [Inverse][gaussian|pts=400|noise=5%] epoch=11599/11999 total=7.889e-03 pde=2.752e-04 bc=2.453e-05 data=7.368e-05 best=7.808e-03 lr=2.62e-04
2026-02-14 11:56:19,814 | INFO | [Inverse][gaussian|pts=400|noise=5%] epoch=11699/11999 total=7.924e-03 pde=2.756e-04 bc=3.044e-05 data=7.344e-05 best=7.780e-03 lr=2.62e-04
2026-02-14 11:56:21,265 | INFO | [Inverse][gaussian|pts=400|noise=5%] epoch=11799/11999 total=7.927e-03 pde=2.758e-04 bc=2.705e-05 data=7.380e-05 best=7.747e-03 lr=2.62e-04
2026-02-14 11:56:22,718 | INFO | [Inverse][gaussian|pts=400|noise=5%] epoch=11899/11999 total=7.719e-03 pde=2.654e-04 bc=2.591e-05 data=7.194e-05 best=7.719e-03 lr=2.62e-04
2026-02-14 11:56:24,180 | INFO | [Inverse][gaussian|pts=400|noise=5%] checkpoint saved at epoch=11999 -> outputs_refactor\full_matrix_rerun_20260214_112937\checkpoints\gaussian\inverse_pts_400_noise_5_last.pth
2026-02-14 11:56:24,181 | INFO | [Inverse][gaussian|pts=400|noise=5%] epoch=11999/11999 total=7.735e-03 pde=2.644e-04 bc=2.646e-05 data=7.206e-05 best=7.707e-03 lr=2.62e-04
2026-02-14 11:56:24,753 | INFO | [Inverse][pts_800_noise_0] start training charge=gaussian points=800 noise=0%
2026-02-14 11:56:24,778 | INFO | [Inverse][gaussian|pts=800|noise=0%] epoch=0/11999 total=1.682e+01 pde=6.258e-03 bc=1.737e-01 data=1.508e-01 best=1.682e+01 lr=1.00e-03
2026-02-14 11:56:26,493 | INFO | [Inverse][gaussian|pts=800|noise=0%] epoch=99/11999 total=5.659e-01 pde=2.473e-01 bc=1.784e-03 data=3.007e-03 best=5.659e-01 lr=1.00e-03
2026-02-14 11:56:28,134 | INFO | [Inverse][gaussian|pts=800|noise=0%] epoch=199/11999 total=3.749e-01 pde=1.269e-01 bc=1.653e-03 data=2.315e-03 best=3.678e-01 lr=1.00e-03
2026-02-14 11:56:29,873 | INFO | [Inverse][gaussian|pts=800|noise=0%] epoch=299/11999 total=2.696e-01 pde=5.788e-02 bc=1.668e-03 data=1.950e-03 best=2.606e-01 lr=1.00e-03
2026-02-14 11:56:31,445 | INFO | [Inverse][gaussian|pts=800|noise=0%] epoch=399/11999 total=1.989e-01 pde=3.449e-02 bc=1.642e-03 data=1.480e-03 best=1.957e-01 lr=1.00e-03
2026-02-14 11:56:32,977 | INFO | [Inverse][gaussian|pts=800|noise=0%] checkpoint saved at epoch=499 -> outputs_refactor\full_matrix_rerun_20260214_112937\checkpoints\gaussian\inverse_pts_800_noise_0_last.pth
2026-02-14 11:56:32,977 | INFO | [Inverse][gaussian|pts=800|noise=0%] epoch=499/11999 total=1.511e-01 pde=2.590e-02 bc=1.051e-03 data=1.147e-03 best=1.458e-01 lr=1.00e-03
2026-02-14 11:56:34,479 | INFO | [Inverse][gaussian|pts=800|noise=0%] epoch=599/11999 total=1.555e-01 pde=1.892e-02 bc=1.187e-03 data=1.247e-03 best=1.045e-01 lr=1.00e-03
2026-02-14 11:56:35,962 | INFO | [Inverse][gaussian|pts=800|noise=0%] epoch=699/11999 total=8.478e-02 pde=1.779e-02 bc=3.881e-04 data=6.311e-04 best=8.361e-02 lr=1.00e-03
2026-02-14 11:56:37,412 | INFO | [Inverse][gaussian|pts=800|noise=0%] epoch=799/11999 total=1.419e-01 pde=1.679e-02 bc=8.948e-04 data=1.162e-03 best=7.625e-02 lr=1.00e-03
2026-02-14 11:56:38,933 | INFO | [Inverse][gaussian|pts=800|noise=0%] epoch=899/11999 total=8.999e-02 pde=1.588e-02 bc=6.463e-04 data=6.765e-04 best=6.819e-02 lr=1.00e-03
2026-02-14 11:56:40,477 | INFO | [Inverse][gaussian|pts=800|noise=0%] checkpoint saved at epoch=999 -> outputs_refactor\full_matrix_rerun_20260214_112937\checkpoints\gaussian\inverse_pts_800_noise_0_last.pth
2026-02-14 11:56:40,477 | INFO | [Inverse][gaussian|pts=800|noise=0%] epoch=999/11999 total=7.084e-02 pde=1.449e-02 bc=3.207e-04 data=5.314e-04 best=6.391e-02 lr=1.00e-03
2026-02-14 11:56:42,006 | INFO | [Inverse][gaussian|pts=800|noise=0%] epoch=1099/11999 total=6.157e-02 pde=1.243e-02 bc=3.689e-04 data=4.545e-04 best=5.621e-02 lr=1.00e-03
2026-02-14 11:56:43,516 | INFO | [Inverse][gaussian|pts=800|noise=0%] epoch=1199/11999 total=4.758e-02 pde=1.091e-02 bc=1.940e-04 data=3.473e-04 best=4.742e-02 lr=1.00e-03
2026-02-14 11:56:44,995 | INFO | [Inverse][gaussian|pts=800|noise=0%] epoch=1299/11999 total=4.690e-02 pde=9.707e-03 bc=2.608e-04 data=3.458e-04 best=4.110e-02 lr=1.00e-03
2026-02-14 11:56:46,509 | INFO | [Inverse][gaussian|pts=800|noise=0%] epoch=1399/11999 total=3.921e-02 pde=8.493e-03 bc=1.895e-04 data=2.882e-04 best=3.828e-02 lr=1.00e-03
2026-02-14 11:56:48,032 | INFO | [Inverse][gaussian|pts=800|noise=0%] checkpoint saved at epoch=1499 -> outputs_refactor\full_matrix_rerun_20260214_112937\checkpoints\gaussian\inverse_pts_800_noise_0_last.pth
2026-02-14 11:56:48,033 | INFO | [Inverse][gaussian|pts=800|noise=0%] epoch=1499/11999 total=3.788e-02 pde=7.570e-03 bc=2.122e-04 data=2.819e-04 best=3.503e-02 lr=1.00e-03
2026-02-14 11:56:49,554 | INFO | [Inverse][gaussian|pts=800|noise=0%] epoch=1599/11999 total=3.417e-02 pde=6.741e-03 bc=1.964e-04 data=2.546e-04 best=2.892e-02 lr=1.00e-03
2026-02-14 11:56:51,053 | INFO | [Inverse][gaussian|pts=800|noise=0%] epoch=1699/11999 total=4.405e-02 pde=6.120e-03 bc=2.697e-04 data=3.524e-04 best=2.379e-02 lr=1.00e-03
2026-02-14 11:56:52,492 | INFO | [Inverse][gaussian|pts=800|noise=0%] epoch=1799/11999 total=3.093e-02 pde=5.483e-03 bc=2.068e-04 data=2.338e-04 best=2.356e-02 lr=1.00e-03
2026-02-14 11:56:53,932 | INFO | [Inverse][gaussian|pts=800|noise=0%] epoch=1899/11999 total=2.949e-02 pde=5.020e-03 bc=2.042e-04 data=2.243e-04 best=2.184e-02 lr=1.00e-03
2026-02-14 11:56:55,408 | INFO | [Inverse][gaussian|pts=800|noise=0%] checkpoint saved at epoch=1999 -> outputs_refactor\full_matrix_rerun_20260214_112937\checkpoints\gaussian\inverse_pts_800_noise_0_last.pth
2026-02-14 11:56:55,409 | INFO | [Inverse][gaussian|pts=800|noise=0%] epoch=1999/11999 total=2.589e-02 pde=4.561e-03 bc=1.716e-04 data=1.961e-04 best=2.087e-02 lr=1.00e-03
2026-02-14 11:56:56,859 | INFO | [Inverse][gaussian|pts=800|noise=0%] epoch=2099/11999 total=2.264e-02 pde=4.127e-03 bc=1.422e-04 data=1.709e-04 best=2.071e-02 lr=1.00e-03
2026-02-14 11:56:58,417 | INFO | [Inverse][gaussian|pts=800|noise=0%] epoch=2199/11999 total=2.185e-02 pde=3.735e-03 bc=1.460e-04 data=1.665e-04 best=1.825e-02 lr=1.00e-03
2026-02-14 11:56:59,869 | INFO | [Inverse][gaussian|pts=800|noise=0%] epoch=2299/11999 total=1.858e-02 pde=3.330e-03 bc=1.177e-04 data=1.407e-04 best=1.787e-02 lr=1.00e-03
2026-02-14 11:57:01,368 | INFO | [Inverse][gaussian|pts=800|noise=0%] epoch=2399/11999 total=1.409e-02 pde=2.931e-03 bc=7.341e-05 data=1.042e-04 best=1.409e-02 lr=1.00e-03
2026-02-14 11:57:02,872 | INFO | [Inverse][gaussian|pts=800|noise=0%] checkpoint saved at epoch=2499 -> outputs_refactor\full_matrix_rerun_20260214_112937\checkpoints\gaussian\inverse_pts_800_noise_0_last.pth
2026-02-14 11:57:02,873 | INFO | [Inverse][gaussian|pts=800|noise=0%] epoch=2499/11999 total=5.971e-02 pde=3.215e-03 bc=6.130e-04 data=5.037e-04 best=1.220e-02 lr=1.00e-03
2026-02-14 11:57:04,313 | INFO | [Inverse][gaussian|pts=800|noise=0%] epoch=2599/11999 total=1.724e-02 pde=2.588e-03 bc=1.421e-04 data=1.323e-04 best=1.220e-02 lr=1.00e-03
2026-02-14 11:57:05,720 | INFO | [Inverse][gaussian|pts=800|noise=0%] epoch=2699/11999 total=2.107e-02 pde=2.344e-03 bc=1.998e-04 data=1.673e-04 best=1.220e-02 lr=1.00e-03
2026-02-14 11:57:07,134 | INFO | [Inverse][gaussian|pts=800|noise=0%] epoch=2799/11999 total=3.960e-02 pde=2.515e-03 bc=2.780e-04 data=3.430e-04 best=1.220e-02 lr=1.00e-03
2026-02-14 11:57:08,551 | INFO | [Inverse][gaussian|pts=800|noise=0%] epoch=2899/11999 total=1.425e-02 pde=2.063e-03 bc=1.314e-04 data=1.087e-04 best=1.220e-02 lr=1.00e-03
2026-02-14 11:57:09,978 | INFO | [Inverse][gaussian|pts=800|noise=0%] checkpoint saved at epoch=2999 -> outputs_refactor\full_matrix_rerun_20260214_112937\checkpoints\gaussian\inverse_pts_800_noise_0_last.pth
2026-02-14 11:57:09,978 | INFO | [Inverse][gaussian|pts=800|noise=0%] epoch=2999/11999 total=1.560e-02 pde=1.930e-03 bc=1.558e-04 data=1.211e-04 best=1.166e-02 lr=8.00e-04
2026-02-14 11:57:11,442 | INFO | [Inverse][gaussian|pts=800|noise=0%] epoch=3099/11999 total=1.875e-02 pde=1.934e-03 bc=8.480e-05 data=1.596e-04 best=1.050e-02 lr=8.00e-04
2026-02-14 11:57:12,917 | INFO | [Inverse][gaussian|pts=800|noise=0%] epoch=3199/11999 total=1.106e-02 pde=1.808e-03 bc=1.120e-04 data=8.128e-05 best=9.627e-03 lr=8.00e-04
2026-02-14 11:57:14,360 | INFO | [Inverse][gaussian|pts=800|noise=0%] epoch=3299/11999 total=1.505e-02 pde=1.577e-03 bc=1.681e-04 data=1.179e-04 best=9.627e-03 lr=8.00e-04
2026-02-14 11:57:15,803 | INFO | [Inverse][gaussian|pts=800|noise=0%] epoch=3399/11999 total=1.128e-02 pde=2.119e-03 bc=1.140e-04 data=8.018e-05 best=8.309e-03 lr=8.00e-04
2026-02-14 11:57:17,259 | INFO | [Inverse][gaussian|pts=800|noise=0%] checkpoint saved at epoch=3499 -> outputs_refactor\full_matrix_rerun_20260214_112937\checkpoints\gaussian\inverse_pts_800_noise_0_last.pth
2026-02-14 11:57:17,260 | INFO | [Inverse][gaussian|pts=800|noise=0%] epoch=3499/11999 total=2.489e-02 pde=1.721e-03 bc=3.159e-04 data=2.001e-04 best=7.629e-03 lr=8.00e-04
2026-02-14 11:57:18,722 | INFO | [Inverse][gaussian|pts=800|noise=0%] epoch=3599/11999 total=1.221e-02 pde=1.315e-03 bc=1.355e-04 data=9.538e-05 best=7.629e-03 lr=8.00e-04
2026-02-14 11:57:20,162 | INFO | [Inverse][gaussian|pts=800|noise=0%] epoch=3699/11999 total=1.438e-02 pde=1.280e-03 bc=1.663e-04 data=1.144e-04 best=7.629e-03 lr=8.00e-04
2026-02-14 11:57:21,607 | INFO | [Inverse][gaussian|pts=800|noise=0%] epoch=3799/11999 total=1.087e-02 pde=1.160e-03 bc=1.228e-04 data=8.479e-05 best=7.629e-03 lr=8.00e-04
2026-02-14 11:57:23,040 | INFO | [Inverse][gaussian|pts=800|noise=0%] epoch=3899/11999 total=1.149e-02 pde=1.129e-03 bc=1.274e-04 data=9.090e-05 best=7.503e-03 lr=8.00e-04
2026-02-14 11:57:24,450 | INFO | [Inverse][gaussian|pts=800|noise=0%] checkpoint saved at epoch=3999 -> outputs_refactor\full_matrix_rerun_20260214_112937\checkpoints\gaussian\inverse_pts_800_noise_0_last.pth
2026-02-14 11:57:24,451 | INFO | [Inverse][gaussian|pts=800|noise=0%] epoch=3999/11999 total=9.413e-03 pde=1.033e-03 bc=1.090e-04 data=7.290e-05 best=7.503e-03 lr=8.00e-04
2026-02-14 11:57:25,865 | INFO | [Inverse][gaussian|pts=800|noise=0%] epoch=4099/11999 total=9.148e-03 pde=9.898e-04 bc=1.057e-04 data=7.100e-05 best=7.503e-03 lr=8.00e-04
2026-02-14 11:57:27,284 | INFO | [Inverse][gaussian|pts=800|noise=0%] epoch=4199/11999 total=1.046e-02 pde=9.874e-04 bc=1.220e-04 data=8.253e-05 best=7.328e-03 lr=8.00e-04
2026-02-14 11:57:28,758 | INFO | [Inverse][gaussian|pts=800|noise=0%] epoch=4299/11999 total=8.694e-03 pde=9.147e-04 bc=9.950e-05 data=6.784e-05 best=6.493e-03 lr=8.00e-04
2026-02-14 11:57:30,192 | INFO | [Inverse][gaussian|pts=800|noise=0%] epoch=4399/11999 total=7.425e-03 pde=8.545e-04 bc=8.482e-05 data=5.722e-05 best=6.440e-03 lr=8.00e-04
2026-02-14 11:57:31,619 | INFO | [Inverse][gaussian|pts=800|noise=0%] checkpoint saved at epoch=4499 -> outputs_refactor\full_matrix_rerun_20260214_112937\checkpoints\gaussian\inverse_pts_800_noise_0_last.pth
2026-02-14 11:57:31,620 | INFO | [Inverse][gaussian|pts=800|noise=0%] epoch=4499/11999 total=9.611e-03 pde=8.895e-04 bc=1.151e-04 data=7.570e-05 best=6.440e-03 lr=8.00e-04
2026-02-14 11:57:33,079 | INFO | [Inverse][gaussian|pts=800|noise=0%] epoch=4599/11999 total=8.642e-03 pde=8.414e-04 bc=1.059e-04 data=6.742e-05 best=6.259e-03 lr=8.00e-04
2026-02-14 11:57:34,526 | INFO | [Inverse][gaussian|pts=800|noise=0%] epoch=4699/11999 total=7.703e-03 pde=8.119e-04 bc=8.570e-05 data=6.034e-05 best=6.153e-03 lr=8.00e-04
2026-02-14 11:57:35,975 | INFO | [Inverse][gaussian|pts=800|noise=0%] epoch=4799/11999 total=7.420e-03 pde=7.927e-04 bc=7.950e-05 data=5.832e-05 best=6.153e-03 lr=8.00e-04
2026-02-14 11:57:37,452 | INFO | [Inverse][gaussian|pts=800|noise=0%] epoch=4899/11999 total=7.832e-03 pde=7.981e-04 bc=6.836e-05 data=6.350e-05 best=6.153e-03 lr=8.00e-04
2026-02-14 11:57:38,994 | INFO | [Inverse][gaussian|pts=800|noise=0%] checkpoint saved at epoch=4999 -> outputs_refactor\full_matrix_rerun_20260214_112937\checkpoints\gaussian\inverse_pts_800_noise_0_last.pth
2026-02-14 11:57:38,995 | INFO | [Inverse][gaussian|pts=800|noise=0%] epoch=4999/11999 total=8.651e-03 pde=8.216e-04 bc=5.498e-05 data=7.280e-05 best=4.811e-03 lr=8.00e-04
2026-02-14 11:57:40,519 | INFO | [Inverse][gaussian|pts=800|noise=0%] epoch=5099/11999 total=1.260e-02 pde=8.852e-04 bc=1.178e-04 data=1.054e-04 best=4.811e-03 lr=8.00e-04
2026-02-14 11:57:41,980 | INFO | [Inverse][gaussian|pts=800|noise=0%] epoch=5199/11999 total=1.104e-02 pde=8.244e-04 bc=1.047e-04 data=9.166e-05 best=4.811e-03 lr=8.00e-04
2026-02-14 11:57:43,398 | INFO | [Inverse][gaussian|pts=800|noise=0%] epoch=5299/11999 total=9.607e-03 pde=7.698e-04 bc=9.317e-05 data=7.905e-05 best=4.811e-03 lr=8.00e-04
2026-02-14 11:57:44,806 | INFO | [Inverse][gaussian|pts=800|noise=0%] epoch=5399/11999 total=8.274e-03 pde=7.195e-04 bc=8.177e-05 data=6.737e-05 best=4.811e-03 lr=8.00e-04
2026-02-14 11:57:46,221 | INFO | [Inverse][gaussian|pts=800|noise=0%] checkpoint saved at epoch=5499 -> outputs_refactor\full_matrix_rerun_20260214_112937\checkpoints\gaussian\inverse_pts_800_noise_0_last.pth
2026-02-14 11:57:46,222 | INFO | [Inverse][gaussian|pts=800|noise=0%] epoch=5499/11999 total=5.410e-03 pde=6.277e-04 bc=5.603e-05 data=4.222e-05 best=4.811e-03 lr=6.40e-04
2026-02-14 11:57:47,663 | INFO | [Inverse][gaussian|pts=800|noise=0%] epoch=5599/11999 total=6.358e-03 pde=6.477e-04 bc=6.195e-05 data=5.090e-05 best=4.811e-03 lr=6.40e-04
2026-02-14 11:57:49,064 | INFO | [Inverse][gaussian|pts=800|noise=0%] epoch=5699/11999 total=6.443e-03 pde=6.568e-04 bc=5.103e-05 data=5.276e-05 best=4.811e-03 lr=6.40e-04
2026-02-14 11:57:50,506 | INFO | [Inverse][gaussian|pts=800|noise=0%] epoch=5799/11999 total=6.737e-03 pde=6.674e-04 bc=4.322e-05 data=5.638e-05 best=4.811e-03 lr=6.40e-04
2026-02-14 11:57:51,932 | INFO | [Inverse][gaussian|pts=800|noise=0%] epoch=5899/11999 total=7.057e-03 pde=6.759e-04 bc=3.824e-05 data=5.999e-05 best=4.811e-03 lr=6.40e-04
2026-02-14 11:57:53,410 | INFO | [Inverse][gaussian|pts=800|noise=0%] checkpoint saved at epoch=5999 -> outputs_refactor\full_matrix_rerun_20260214_112937\checkpoints\gaussian\inverse_pts_800_noise_0_last.pth
2026-02-14 11:57:53,411 | INFO | [Inverse][gaussian|pts=800|noise=0%] epoch=5999/11999 total=7.088e-03 pde=6.713e-04 bc=3.497e-05 data=6.067e-05 best=4.652e-03 lr=6.40e-04
2026-02-14 11:57:54,904 | INFO | [Inverse][gaussian|pts=800|noise=0%] epoch=6099/11999 total=1.315e-02 pde=9.617e-04 bc=1.456e-04 data=1.073e-04 best=4.074e-03 lr=6.40e-04
2026-02-14 11:57:56,328 | INFO | [Inverse][gaussian|pts=800|noise=0%] epoch=6199/11999 total=6.143e-03 pde=5.488e-04 bc=8.007e-05 data=4.793e-05 best=4.074e-03 lr=6.40e-04
2026-02-14 11:57:57,742 | INFO | [Inverse][gaussian|pts=800|noise=0%] epoch=6299/11999 total=5.896e-03 pde=5.507e-04 bc=7.652e-05 data=4.580e-05 best=4.074e-03 lr=6.40e-04
2026-02-14 11:57:59,137 | INFO | [Inverse][gaussian|pts=800|noise=0%] epoch=6399/11999 total=5.724e-03 pde=5.480e-04 bc=7.295e-05 data=4.446e-05 best=4.074e-03 lr=6.40e-04
2026-02-14 11:58:00,564 | INFO | [Inverse][gaussian|pts=800|noise=0%] checkpoint saved at epoch=6499 -> outputs_refactor\full_matrix_rerun_20260214_112937\checkpoints\gaussian\inverse_pts_800_noise_0_last.pth
2026-02-14 11:58:00,564 | INFO | [Inverse][gaussian|pts=800|noise=0%] epoch=6499/11999 total=5.660e-03 pde=5.460e-04 bc=7.049e-05 data=4.409e-05 best=4.074e-03 lr=6.40e-04
2026-02-14 11:58:01,992 | INFO | [Inverse][gaussian|pts=800|noise=0%] epoch=6599/11999 total=4.264e-03 pde=5.036e-04 bc=5.345e-05 data=3.226e-05 best=4.074e-03 lr=5.12e-04
2026-02-14 11:58:03,430 | INFO | [Inverse][gaussian|pts=800|noise=0%] epoch=6699/11999 total=4.631e-03 pde=5.087e-04 bc=5.657e-05 data=3.556e-05 best=4.059e-03 lr=5.12e-04
2026-02-14 11:58:04,874 | INFO | [Inverse][gaussian|pts=800|noise=0%] epoch=6799/11999 total=4.410e-03 pde=4.922e-04 bc=5.548e-05 data=3.363e-05 best=4.040e-03 lr=5.12e-04
2026-02-14 11:58:06,354 | INFO | [Inverse][gaussian|pts=800|noise=0%] epoch=6899/11999 total=4.327e-03 pde=4.725e-04 bc=6.019e-05 data=3.253e-05 best=3.962e-03 lr=5.12e-04
2026-02-14 11:58:07,887 | INFO | [Inverse][gaussian|pts=800|noise=0%] checkpoint saved at epoch=6999 -> outputs_refactor\full_matrix_rerun_20260214_112937\checkpoints\gaussian\inverse_pts_800_noise_0_last.pth
2026-02-14 11:58:07,887 | INFO | [Inverse][gaussian|pts=800|noise=0%] epoch=6999/11999 total=4.551e-03 pde=4.574e-04 bc=6.909e-05 data=3.403e-05 best=3.683e-03 lr=5.12e-04
2026-02-14 11:58:09,372 | INFO | [Inverse][gaussian|pts=800|noise=0%] epoch=7099/11999 total=4.441e-03 pde=4.738e-04 bc=6.191e-05 data=3.348e-05 best=3.335e-03 lr=5.12e-04
2026-02-14 11:58:10,849 | INFO | [Inverse][gaussian|pts=800|noise=0%] epoch=7199/11999 total=4.372e-03 pde=4.637e-04 bc=6.313e-05 data=3.277e-05 best=3.335e-03 lr=5.12e-04
2026-02-14 11:58:12,259 | INFO | [Inverse][gaussian|pts=800|noise=0%] epoch=7299/11999 total=4.490e-03 pde=4.614e-04 bc=6.531e-05 data=3.375e-05 best=3.335e-03 lr=5.12e-04
2026-02-14 11:58:13,672 | INFO | [Inverse][gaussian|pts=800|noise=0%] epoch=7399/11999 total=4.726e-03 pde=4.649e-04 bc=6.867e-05 data=3.575e-05 best=3.335e-03 lr=5.12e-04
2026-02-14 11:58:15,099 | INFO | [Inverse][gaussian|pts=800|noise=0%] checkpoint saved at epoch=7499 -> outputs_refactor\full_matrix_rerun_20260214_112937\checkpoints\gaussian\inverse_pts_800_noise_0_last.pth
2026-02-14 11:58:15,100 | INFO | [Inverse][gaussian|pts=800|noise=0%] epoch=7499/11999 total=4.001e-03 pde=4.317e-04 bc=6.006e-05 data=2.969e-05 best=3.335e-03 lr=5.12e-04
2026-02-14 11:58:16,522 | INFO | [Inverse][gaussian|pts=800|noise=0%] epoch=7599/11999 total=3.466e-03 pde=4.171e-04 bc=4.839e-05 data=2.565e-05 best=3.017e-03 lr=4.10e-04
2026-02-14 11:58:17,925 | INFO | [Inverse][gaussian|pts=800|noise=0%] epoch=7699/11999 total=3.561e-03 pde=4.231e-04 bc=4.663e-05 data=2.671e-05 best=3.017e-03 lr=4.10e-04
2026-02-14 11:58:19,332 | INFO | [Inverse][gaussian|pts=800|noise=0%] epoch=7799/11999 total=3.699e-03 pde=4.258e-04 bc=4.244e-05 data=2.848e-05 best=3.017e-03 lr=4.10e-04
2026-02-14 11:58:20,816 | INFO | [Inverse][gaussian|pts=800|noise=0%] epoch=7899/11999 total=4.014e-03 pde=4.356e-04 bc=3.995e-05 data=3.179e-05 best=2.764e-03 lr=4.10e-04
2026-02-14 11:58:22,266 | INFO | [Inverse][gaussian|pts=800|noise=0%] checkpoint saved at epoch=7999 -> outputs_refactor\full_matrix_rerun_20260214_112937\checkpoints\gaussian\inverse_pts_800_noise_0_last.pth
2026-02-14 11:58:22,267 | INFO | [Inverse][gaussian|pts=800|noise=0%] epoch=7999/11999 total=3.621e-03 pde=4.098e-04 bc=3.452e-05 data=2.866e-05 best=2.737e-03 lr=4.10e-04
2026-02-14 11:58:23,690 | INFO | [Inverse][gaussian|pts=800|noise=0%] epoch=8099/11999 total=2.909e-03 pde=3.723e-04 bc=3.120e-05 data=2.225e-05 best=2.675e-03 lr=4.10e-04
2026-02-14 11:58:25,090 | INFO | [Inverse][gaussian|pts=800|noise=0%] epoch=8199/11999 total=3.209e-03 pde=3.813e-04 bc=2.934e-05 data=2.534e-05 best=2.675e-03 lr=4.10e-04
2026-02-14 11:58:26,477 | INFO | [Inverse][gaussian|pts=800|noise=0%] epoch=8299/11999 total=3.151e-03 pde=3.753e-04 bc=2.799e-05 data=2.496e-05 best=2.675e-03 lr=4.10e-04
2026-02-14 11:58:27,901 | INFO | [Inverse][gaussian|pts=800|noise=0%] epoch=8399/11999 total=2.626e-03 pde=3.510e-04 bc=3.476e-05 data=1.927e-05 best=2.444e-03 lr=4.10e-04
2026-02-14 11:58:29,320 | INFO | [Inverse][gaussian|pts=800|noise=0%] checkpoint saved at epoch=8499 -> outputs_refactor\full_matrix_rerun_20260214_112937\checkpoints\gaussian\inverse_pts_800_noise_0_last.pth
2026-02-14 11:58:29,320 | INFO | [Inverse][gaussian|pts=800|noise=0%] epoch=8499/11999 total=2.921e-03 pde=3.713e-04 bc=4.105e-05 data=2.139e-05 best=2.327e-03 lr=4.10e-04
2026-02-14 11:58:30,759 | INFO | [Inverse][gaussian|pts=800|noise=0%] epoch=8599/11999 total=2.642e-03 pde=3.417e-04 bc=3.467e-05 data=1.954e-05 best=2.327e-03 lr=4.10e-04
2026-02-14 11:58:32,210 | INFO | [Inverse][gaussian|pts=800|noise=0%] epoch=8699/11999 total=2.756e-03 pde=3.458e-04 bc=3.565e-05 data=2.054e-05 best=2.310e-03 lr=4.10e-04
2026-02-14 11:58:33,645 | INFO | [Inverse][gaussian|pts=800|noise=0%] epoch=8799/11999 total=2.781e-03 pde=3.473e-04 bc=3.626e-05 data=2.071e-05 best=2.264e-03 lr=4.10e-04
2026-02-14 11:58:35,085 | INFO | [Inverse][gaussian|pts=800|noise=0%] epoch=8899/11999 total=2.731e-03 pde=3.449e-04 bc=3.589e-05 data=2.027e-05 best=2.229e-03 lr=4.10e-04
2026-02-14 11:58:36,514 | INFO | [Inverse][gaussian|pts=800|noise=0%] checkpoint saved at epoch=8999 -> outputs_refactor\full_matrix_rerun_20260214_112937\checkpoints\gaussian\inverse_pts_800_noise_0_last.pth
2026-02-14 11:58:36,514 | INFO | [Inverse][gaussian|pts=800|noise=0%] epoch=8999/11999 total=2.483e-03 pde=3.290e-04 bc=4.112e-05 data=1.743e-05 best=2.160e-03 lr=4.10e-04
2026-02-14 11:58:37,941 | INFO | [Inverse][gaussian|pts=800|noise=0%] epoch=9099/11999 total=7.318e-03 pde=4.149e-04 bc=9.684e-05 data=5.935e-05 best=2.075e-03 lr=4.10e-04
2026-02-14 11:58:39,475 | INFO | [Inverse][gaussian|pts=800|noise=0%] epoch=9199/11999 total=2.815e-03 pde=3.344e-04 bc=3.635e-05 data=2.118e-05 best=2.075e-03 lr=4.10e-04
2026-02-14 11:58:40,996 | INFO | [Inverse][gaussian|pts=800|noise=0%] epoch=9299/11999 total=2.602e-03 pde=3.243e-04 bc=3.444e-05 data=1.933e-05 best=2.075e-03 lr=4.10e-04
2026-02-14 11:58:42,417 | INFO | [Inverse][gaussian|pts=800|noise=0%] epoch=9399/11999 total=2.378e-03 pde=3.167e-04 bc=3.254e-05 data=1.736e-05 best=2.075e-03 lr=4.10e-04
2026-02-14 11:58:43,840 | INFO | [Inverse][gaussian|pts=800|noise=0%] checkpoint saved at epoch=9499 -> outputs_refactor\full_matrix_rerun_20260214_112937\checkpoints\gaussian\inverse_pts_800_noise_0_last.pth
2026-02-14 11:58:43,841 | INFO | [Inverse][gaussian|pts=800|noise=0%] epoch=9499/11999 total=2.395e-03 pde=3.147e-04 bc=3.267e-05 data=1.754e-05 best=2.075e-03 lr=4.10e-04
2026-02-14 11:58:45,269 | INFO | [Inverse][gaussian|pts=800|noise=0%] epoch=9599/11999 total=2.271e-03 pde=3.102e-04 bc=3.173e-05 data=1.644e-05 best=2.075e-03 lr=3.28e-04
2026-02-14 11:58:46,714 | INFO | [Inverse][gaussian|pts=800|noise=0%] epoch=9699/11999 total=2.028e-03 pde=3.033e-04 bc=2.877e-05 data=1.437e-05 best=2.023e-03 lr=3.28e-04
2026-02-14 11:58:48,148 | INFO | [Inverse][gaussian|pts=800|noise=0%] epoch=9799/11999 total=2.169e-03 pde=3.063e-04 bc=2.981e-05 data=1.565e-05 best=2.023e-03 lr=3.28e-04
2026-02-14 11:58:49,560 | INFO | [Inverse][gaussian|pts=800|noise=0%] epoch=9899/11999 total=2.146e-03 pde=3.048e-04 bc=2.791e-05 data=1.563e-05 best=2.023e-03 lr=3.28e-04
2026-02-14 11:58:51,003 | INFO | [Inverse][gaussian|pts=800|noise=0%] checkpoint saved at epoch=9999 -> outputs_refactor\full_matrix_rerun_20260214_112937\checkpoints\gaussian\inverse_pts_800_noise_0_last.pth
2026-02-14 11:58:51,003 | INFO | [Inverse][gaussian|pts=800|noise=0%] epoch=9999/11999 total=1.950e-03 pde=2.985e-04 bc=2.594e-05 data=1.393e-05 best=1.950e-03 lr=3.28e-04
2026-02-14 11:58:52,469 | INFO | [Inverse][gaussian|pts=800|noise=0%] epoch=10099/11999 total=2.055e-03 pde=3.004e-04 bc=2.541e-05 data=1.500e-05 best=1.886e-03 lr=3.28e-04
2026-02-14 11:58:53,900 | INFO | [Inverse][gaussian|pts=800|noise=0%] epoch=10199/11999 total=1.862e-03 pde=2.938e-04 bc=2.460e-05 data=1.322e-05 best=1.862e-03 lr=3.28e-04
2026-02-14 11:58:55,305 | INFO | [Inverse][gaussian|pts=800|noise=0%] epoch=10299/11999 total=1.841e-03 pde=2.920e-04 bc=2.402e-05 data=1.308e-05 best=1.841e-03 lr=3.28e-04
2026-02-14 11:58:56,755 | INFO | [Inverse][gaussian|pts=800|noise=0%] epoch=10399/11999 total=1.984e-03 pde=2.951e-04 bc=2.339e-05 data=1.455e-05 best=1.808e-03 lr=3.28e-04
2026-02-14 11:58:58,184 | INFO | [Inverse][gaussian|pts=800|noise=0%] checkpoint saved at epoch=10499 -> outputs_refactor\full_matrix_rerun_20260214_112937\checkpoints\gaussian\inverse_pts_800_noise_0_last.pth
2026-02-14 11:58:58,185 | INFO | [Inverse][gaussian|pts=800|noise=0%] epoch=10499/11999 total=2.137e-03 pde=3.140e-04 bc=3.840e-05 data=1.439e-05 best=1.610e-03 lr=3.28e-04
2026-02-14 11:58:59,603 | INFO | [Inverse][gaussian|pts=800|noise=0%] epoch=10599/11999 total=2.368e-03 pde=2.940e-04 bc=4.419e-05 data=1.632e-05 best=1.558e-03 lr=3.28e-04
2026-02-14 11:59:01,016 | INFO | [Inverse][gaussian|pts=800|noise=0%] epoch=10699/11999 total=2.466e-03 pde=3.288e-04 bc=3.751e-05 data=1.762e-05 best=1.558e-03 lr=3.28e-04
2026-02-14 11:59:02,398 | INFO | [Inverse][gaussian|pts=800|noise=0%] epoch=10799/11999 total=2.068e-03 pde=3.075e-04 bc=3.174e-05 data=1.443e-05 best=1.558e-03 lr=3.28e-04
2026-02-14 11:59:03,842 | INFO | [Inverse][gaussian|pts=800|noise=0%] epoch=10899/11999 total=2.062e-03 pde=3.060e-04 bc=3.045e-05 data=1.451e-05 best=1.558e-03 lr=3.28e-04
2026-02-14 11:59:05,288 | INFO | [Inverse][gaussian|pts=800|noise=0%] checkpoint saved at epoch=10999 -> outputs_refactor\full_matrix_rerun_20260214_112937\checkpoints\gaussian\inverse_pts_800_noise_0_last.pth
2026-02-14 11:59:05,288 | INFO | [Inverse][gaussian|pts=800|noise=0%] epoch=10999/11999 total=2.007e-03 pde=3.018e-04 bc=2.983e-05 data=1.406e-05 best=1.558e-03 lr=3.28e-04
2026-02-14 11:59:06,711 | INFO | [Inverse][gaussian|pts=800|noise=0%] epoch=11099/11999 total=1.860e-03 pde=2.948e-04 bc=2.496e-05 data=1.315e-05 best=1.498e-03 lr=2.62e-04
2026-02-14 11:59:08,338 | INFO | [Inverse][gaussian|pts=800|noise=0%] epoch=11199/11999 total=1.413e-03 pde=2.669e-04 bc=2.430e-05 data=9.031e-06 best=1.413e-03 lr=2.62e-04
2026-02-14 11:59:10,129 | INFO | [Inverse][gaussian|pts=800|noise=0%] epoch=11299/11999 total=1.384e-03 pde=2.645e-04 bc=2.391e-05 data=8.801e-06 best=1.384e-03 lr=2.62e-04
2026-02-14 11:59:11,929 | INFO | [Inverse][gaussian|pts=800|noise=0%] epoch=11399/11999 total=1.354e-03 pde=2.617e-04 bc=2.355e-05 data=8.571e-06 best=1.354e-03 lr=2.62e-04
2026-02-14 11:59:13,742 | INFO | [Inverse][gaussian|pts=800|noise=0%] checkpoint saved at epoch=11499 -> outputs_refactor\full_matrix_rerun_20260214_112937\checkpoints\gaussian\inverse_pts_800_noise_0_last.pth
2026-02-14 11:59:13,743 | INFO | [Inverse][gaussian|pts=800|noise=0%] epoch=11499/11999 total=1.325e-03 pde=2.588e-04 bc=2.319e-05 data=8.342e-06 best=1.325e-03 lr=2.62e-04
2026-02-14 11:59:15,501 | INFO | [Inverse][gaussian|pts=800|noise=0%] epoch=11599/11999 total=1.350e-03 pde=2.570e-04 bc=2.455e-05 data=8.478e-06 best=1.299e-03 lr=2.62e-04
2026-02-14 11:59:16,952 | INFO | [Inverse][gaussian|pts=800|noise=0%] epoch=11699/11999 total=1.292e-03 pde=2.532e-04 bc=2.336e-05 data=8.053e-06 best=1.271e-03 lr=2.62e-04
2026-02-14 11:59:18,405 | INFO | [Inverse][gaussian|pts=800|noise=0%] epoch=11799/11999 total=1.316e-03 pde=2.518e-04 bc=2.376e-05 data=8.269e-06 best=1.240e-03 lr=2.62e-04
2026-02-14 11:59:19,831 | INFO | [Inverse][gaussian|pts=800|noise=0%] epoch=11899/11999 total=1.212e-03 pde=2.460e-04 bc=2.177e-05 data=7.488e-06 best=1.212e-03 lr=2.62e-04
2026-02-14 11:59:21,292 | INFO | [Inverse][gaussian|pts=800|noise=0%] checkpoint saved at epoch=11999 -> outputs_refactor\full_matrix_rerun_20260214_112937\checkpoints\gaussian\inverse_pts_800_noise_0_last.pth
2026-02-14 11:59:21,293 | INFO | [Inverse][gaussian|pts=800|noise=0%] epoch=11999/11999 total=1.254e-03 pde=2.455e-04 bc=2.198e-05 data=7.885e-06 best=1.188e-03 lr=2.62e-04
2026-02-14 11:59:21,862 | INFO | [Inverse][pts_800_noise_1] start training charge=gaussian points=800 noise=1%
2026-02-14 11:59:21,885 | INFO | [Inverse][gaussian|pts=800|noise=1%] epoch=0/11999 total=7.858e+00 pde=1.600e-01 bc=3.382e-02 data=7.360e-02 best=7.858e+00 lr=1.00e-03
2026-02-14 11:59:23,612 | INFO | [Inverse][gaussian|pts=800|noise=1%] epoch=99/11999 total=5.445e-01 pde=2.363e-01 bc=1.040e-03 data=2.978e-03 best=5.445e-01 lr=1.00e-03
2026-02-14 11:59:25,131 | INFO | [Inverse][gaussian|pts=800|noise=1%] epoch=199/11999 total=4.255e-01 pde=1.341e-01 bc=2.430e-03 data=2.671e-03 best=3.865e-01 lr=1.00e-03
2026-02-14 11:59:26,706 | INFO | [Inverse][gaussian|pts=800|noise=1%] epoch=299/11999 total=3.087e-01 pde=8.159e-02 bc=9.993e-04 data=2.171e-03 best=3.087e-01 lr=1.00e-03
2026-02-14 11:59:28,318 | INFO | [Inverse][gaussian|pts=800|noise=1%] epoch=399/11999 total=2.410e-01 pde=4.785e-02 bc=7.893e-04 data=1.853e-03 best=2.410e-01 lr=1.00e-03
2026-02-14 11:59:29,897 | INFO | [Inverse][gaussian|pts=800|noise=1%] checkpoint saved at epoch=499 -> outputs_refactor\full_matrix_rerun_20260214_112937\checkpoints\gaussian\inverse_pts_800_noise_1_last.pth
2026-02-14 11:59:29,897 | INFO | [Inverse][gaussian|pts=800|noise=1%] epoch=499/11999 total=1.955e-01 pde=3.801e-02 bc=5.345e-04 data=1.521e-03 best=1.955e-01 lr=1.00e-03
2026-02-14 11:59:31,449 | INFO | [Inverse][gaussian|pts=800|noise=1%] epoch=599/11999 total=1.618e-01 pde=3.365e-02 bc=4.605e-04 data=1.236e-03 best=1.618e-01 lr=1.00e-03
2026-02-14 11:59:32,953 | INFO | [Inverse][gaussian|pts=800|noise=1%] epoch=699/11999 total=1.540e-01 pde=2.987e-02 bc=6.194e-04 data=1.179e-03 best=1.357e-01 lr=1.00e-03
2026-02-14 11:59:34,452 | INFO | [Inverse][gaussian|pts=800|noise=1%] epoch=799/11999 total=1.204e-01 pde=2.646e-02 bc=5.274e-04 data=8.870e-04 best=1.142e-01 lr=1.00e-03
2026-02-14 11:59:35,922 | INFO | [Inverse][gaussian|pts=800|noise=1%] epoch=899/11999 total=1.109e-01 pde=2.312e-02 bc=8.377e-04 data=7.938e-04 best=9.672e-02 lr=1.00e-03
2026-02-14 11:59:37,373 | INFO | [Inverse][gaussian|pts=800|noise=1%] checkpoint saved at epoch=999 -> outputs_refactor\full_matrix_rerun_20260214_112937\checkpoints\gaussian\inverse_pts_800_noise_1_last.pth
2026-02-14 11:59:37,373 | INFO | [Inverse][gaussian|pts=800|noise=1%] epoch=999/11999 total=8.646e-02 pde=1.969e-02 bc=4.548e-04 data=6.222e-04 best=8.518e-02 lr=1.00e-03
2026-02-14 11:59:38,948 | INFO | [Inverse][gaussian|pts=800|noise=1%] epoch=1099/11999 total=1.303e-01 pde=1.798e-02 bc=1.313e-03 data=9.917e-04 best=7.669e-02 lr=1.00e-03
2026-02-14 11:59:40,574 | INFO | [Inverse][gaussian|pts=800|noise=1%] epoch=1199/11999 total=9.480e-02 pde=1.513e-02 bc=8.043e-04 data=7.163e-04 best=6.877e-02 lr=1.00e-03
2026-02-14 11:59:42,118 | INFO | [Inverse][gaussian|pts=800|noise=1%] epoch=1299/11999 total=6.499e-02 pde=1.359e-02 bc=3.911e-04 data=4.749e-04 best=5.959e-02 lr=1.00e-03
2026-02-14 11:59:43,641 | INFO | [Inverse][gaussian|pts=800|noise=1%] epoch=1399/11999 total=5.487e-02 pde=1.194e-02 bc=2.831e-04 data=4.010e-04 best=4.982e-02 lr=1.00e-03
2026-02-14 11:59:45,186 | INFO | [Inverse][gaussian|pts=800|noise=1%] checkpoint saved at epoch=1499 -> outputs_refactor\full_matrix_rerun_20260214_112937\checkpoints\gaussian\inverse_pts_800_noise_1_last.pth
2026-02-14 11:59:45,187 | INFO | [Inverse][gaussian|pts=800|noise=1%] epoch=1499/11999 total=4.729e-02 pde=1.084e-02 bc=2.069e-04 data=3.438e-04 best=4.399e-02 lr=1.00e-03
2026-02-14 11:59:46,704 | INFO | [Inverse][gaussian|pts=800|noise=1%] epoch=1599/11999 total=4.076e-02 pde=9.893e-03 bc=1.432e-04 data=2.944e-04 best=4.003e-02 lr=1.00e-03
2026-02-14 11:59:48,198 | INFO | [Inverse][gaussian|pts=800|noise=1%] epoch=1699/11999 total=3.626e-02 pde=8.669e-03 bc=1.227e-04 data=2.637e-04 best=3.295e-02 lr=1.00e-03
2026-02-14 11:59:49,661 | INFO | [Inverse][gaussian|pts=800|noise=1%] epoch=1799/11999 total=4.387e-02 pde=7.540e-03 bc=2.623e-04 data=3.371e-04 best=3.181e-02 lr=1.00e-03
2026-02-14 11:59:51,134 | INFO | [Inverse][gaussian|pts=800|noise=1%] epoch=1899/11999 total=1.047e-01 pde=6.700e-03 bc=1.102e-03 data=8.697e-04 best=2.550e-02 lr=1.00e-03
2026-02-14 11:59:52,559 | INFO | [Inverse][gaussian|pts=800|noise=1%] checkpoint saved at epoch=1999 -> outputs_refactor\full_matrix_rerun_20260214_112937\checkpoints\gaussian\inverse_pts_800_noise_1_last.pth
2026-02-14 11:59:52,559 | INFO | [Inverse][gaussian|pts=800|noise=1%] epoch=1999/11999 total=4.353e-02 pde=5.275e-03 bc=2.239e-04 data=3.601e-04 best=2.259e-02 lr=1.00e-03
2026-02-14 11:59:53,990 | INFO | [Inverse][gaussian|pts=800|noise=1%] epoch=2099/11999 total=3.741e-02 pde=5.289e-03 bc=1.274e-04 data=3.085e-04 best=2.051e-02 lr=1.00e-03
2026-02-14 11:59:55,438 | INFO | [Inverse][gaussian|pts=800|noise=1%] epoch=2199/11999 total=1.930e-02 pde=4.472e-03 bc=5.489e-05 data=1.428e-04 best=1.889e-02 lr=1.00e-03
2026-02-14 11:59:56,964 | INFO | [Inverse][gaussian|pts=800|noise=1%] epoch=2299/11999 total=2.250e-02 pde=4.056e-03 bc=1.245e-04 data=1.720e-04 best=1.856e-02 lr=1.00e-03
2026-02-14 11:59:58,374 | INFO | [Inverse][gaussian|pts=800|noise=1%] epoch=2399/11999 total=1.865e-02 pde=3.610e-03 bc=9.207e-05 data=1.411e-04 best=1.855e-02 lr=1.00e-03
2026-02-14 11:59:59,847 | INFO | [Inverse][gaussian|pts=800|noise=1%] checkpoint saved at epoch=2499 -> outputs_refactor\full_matrix_rerun_20260214_112937\checkpoints\gaussian\inverse_pts_800_noise_1_last.pth
2026-02-14 11:59:59,847 | INFO | [Inverse][gaussian|pts=800|noise=1%] epoch=2499/11999 total=1.612e-02 pde=3.194e-03 bc=7.777e-05 data=1.215e-04 best=1.612e-02 lr=1.00e-03
2026-02-14 12:00:01,286 | INFO | [Inverse][gaussian|pts=800|noise=1%] epoch=2599/11999 total=1.799e-02 pde=2.884e-03 bc=1.248e-04 data=1.385e-04 best=1.490e-02 lr=1.00e-03
2026-02-14 12:00:02,718 | INFO | [Inverse][gaussian|pts=800|noise=1%] epoch=2699/11999 total=1.629e-02 pde=2.622e-03 bc=1.235e-04 data=1.243e-04 best=1.490e-02 lr=1.00e-03
2026-02-14 12:00:04,182 | INFO | [Inverse][gaussian|pts=800|noise=1%] epoch=2799/11999 total=1.659e-02 pde=2.588e-03 bc=1.363e-04 data=1.263e-04 best=1.163e-02 lr=1.00e-03
2026-02-14 12:00:05,607 | INFO | [Inverse][gaussian|pts=800|noise=1%] epoch=2899/11999 total=2.564e-02 pde=2.305e-03 bc=2.770e-04 data=2.057e-04 best=1.163e-02 lr=1.00e-03
2026-02-14 12:00:07,061 | INFO | [Inverse][gaussian|pts=800|noise=1%] checkpoint saved at epoch=2999 -> outputs_refactor\full_matrix_rerun_20260214_112937\checkpoints\gaussian\inverse_pts_800_noise_1_last.pth
2026-02-14 12:00:07,061 | INFO | [Inverse][gaussian|pts=800|noise=1%] epoch=2999/11999 total=1.443e-02 pde=2.207e-03 bc=2.657e-05 data=1.196e-04 best=1.070e-02 lr=1.00e-03
2026-02-14 12:00:08,484 | INFO | [Inverse][gaussian|pts=800|noise=1%] epoch=3099/11999 total=1.385e-02 pde=2.095e-03 bc=2.589e-05 data=1.149e-04 best=1.070e-02 lr=1.00e-03
2026-02-14 12:00:09,918 | INFO | [Inverse][gaussian|pts=800|noise=1%] epoch=3199/11999 total=1.314e-02 pde=1.976e-03 bc=2.235e-05 data=1.094e-04 best=1.070e-02 lr=1.00e-03
2026-02-14 12:00:11,369 | INFO | [Inverse][gaussian|pts=800|noise=1%] epoch=3299/11999 total=1.597e-02 pde=1.879e-03 bc=2.646e-05 data=1.382e-04 best=9.777e-03 lr=1.00e-03
2026-02-14 12:00:12,804 | INFO | [Inverse][gaussian|pts=800|noise=1%] epoch=3399/11999 total=1.888e-02 pde=1.808e-03 bc=1.845e-04 data=1.523e-04 best=9.082e-03 lr=1.00e-03
2026-02-14 12:00:14,227 | INFO | [Inverse][gaussian|pts=800|noise=1%] checkpoint saved at epoch=3499 -> outputs_refactor\full_matrix_rerun_20260214_112937\checkpoints\gaussian\inverse_pts_800_noise_1_last.pth
2026-02-14 12:00:14,228 | INFO | [Inverse][gaussian|pts=800|noise=1%] epoch=3499/11999 total=1.646e-02 pde=1.693e-03 bc=1.520e-04 data=1.325e-04 best=9.082e-03 lr=1.00e-03
2026-02-14 12:00:15,683 | INFO | [Inverse][gaussian|pts=800|noise=1%] epoch=3599/11999 total=1.328e-02 pde=1.574e-03 bc=1.181e-04 data=1.053e-04 best=9.082e-03 lr=1.00e-03
2026-02-14 12:00:17,107 | INFO | [Inverse][gaussian|pts=800|noise=1%] epoch=3699/11999 total=1.549e-02 pde=1.542e-03 bc=1.552e-04 data=1.240e-04 best=9.082e-03 lr=1.00e-03
2026-02-14 12:00:18,557 | INFO | [Inverse][gaussian|pts=800|noise=1%] epoch=3799/11999 total=1.199e-02 pde=1.413e-03 bc=1.241e-04 data=9.334e-05 best=9.082e-03 lr=1.00e-03
2026-02-14 12:00:20,001 | INFO | [Inverse][gaussian|pts=800|noise=1%] epoch=3899/11999 total=1.008e-02 pde=1.336e-03 bc=1.054e-04 data=7.693e-05 best=9.048e-03 lr=8.00e-04
2026-02-14 12:00:21,511 | INFO | [Inverse][gaussian|pts=800|noise=1%] checkpoint saved at epoch=3999 -> outputs_refactor\full_matrix_rerun_20260214_112937\checkpoints\gaussian\inverse_pts_800_noise_1_last.pth
2026-02-14 12:00:21,511 | INFO | [Inverse][gaussian|pts=800|noise=1%] epoch=3999/11999 total=1.060e-02 pde=1.299e-03 bc=1.185e-04 data=8.112e-05 best=8.120e-03 lr=8.00e-04
2026-02-14 12:00:23,008 | INFO | [Inverse][gaussian|pts=800|noise=1%] epoch=4099/11999 total=2.077e-02 pde=1.423e-03 bc=2.499e-04 data=1.684e-04 best=7.308e-03 lr=8.00e-04
2026-02-14 12:00:24,437 | INFO | [Inverse][gaussian|pts=800|noise=1%] epoch=4199/11999 total=1.361e-02 pde=1.277e-03 bc=1.673e-04 data=1.066e-04 best=6.452e-03 lr=8.00e-04
2026-02-14 12:00:25,891 | INFO | [Inverse][gaussian|pts=800|noise=1%] epoch=4299/11999 total=2.156e-02 pde=1.515e-03 bc=1.218e-04 data=1.883e-04 best=6.452e-03 lr=8.00e-04
2026-02-14 12:00:27,317 | INFO | [Inverse][gaussian|pts=800|noise=1%] epoch=4399/11999 total=8.662e-03 pde=1.166e-03 bc=9.995e-05 data=6.496e-05 best=6.452e-03 lr=8.00e-04
2026-02-14 12:00:28,747 | INFO | [Inverse][gaussian|pts=800|noise=1%] checkpoint saved at epoch=4499 -> outputs_refactor\full_matrix_rerun_20260214_112937\checkpoints\gaussian\inverse_pts_800_noise_1_last.pth
2026-02-14 12:00:28,747 | INFO | [Inverse][gaussian|pts=800|noise=1%] epoch=4499/11999 total=1.016e-02 pde=1.188e-03 bc=1.242e-04 data=7.729e-05 best=6.452e-03 lr=8.00e-04
2026-02-14 12:00:30,164 | INFO | [Inverse][gaussian|pts=800|noise=1%] epoch=4599/11999 total=1.216e-02 pde=1.330e-03 bc=5.435e-05 data=1.028e-04 best=6.100e-03 lr=8.00e-04
2026-02-14 12:00:31,586 | INFO | [Inverse][gaussian|pts=800|noise=1%] epoch=4699/11999 total=8.862e-03 pde=1.148e-03 bc=5.527e-05 data=7.161e-05 best=6.100e-03 lr=8.00e-04
2026-02-14 12:00:33,019 | INFO | [Inverse][gaussian|pts=800|noise=1%] epoch=4799/11999 total=1.179e-02 pde=1.190e-03 bc=7.807e-05 data=9.815e-05 best=6.100e-03 lr=8.00e-04
2026-02-14 12:00:34,459 | INFO | [Inverse][gaussian|pts=800|noise=1%] epoch=4899/11999 total=8.799e-03 pde=1.124e-03 bc=5.795e-05 data=7.095e-05 best=6.100e-03 lr=8.00e-04
2026-02-14 12:00:35,885 | INFO | [Inverse][gaussian|pts=800|noise=1%] checkpoint saved at epoch=4999 -> outputs_refactor\full_matrix_rerun_20260214_112937\checkpoints\gaussian\inverse_pts_800_noise_1_last.pth
2026-02-14 12:00:35,885 | INFO | [Inverse][gaussian|pts=800|noise=1%] epoch=4999/11999 total=1.561e-02 pde=1.175e-03 bc=1.331e-04 data=1.310e-04 best=5.275e-03 lr=8.00e-04
2026-02-14 12:00:37,312 | INFO | [Inverse][gaussian|pts=800|noise=1%] epoch=5099/11999 total=1.135e-02 pde=1.103e-03 bc=9.320e-05 data=9.319e-05 best=5.275e-03 lr=8.00e-04
2026-02-14 12:00:38,788 | INFO | [Inverse][gaussian|pts=800|noise=1%] epoch=5199/11999 total=1.119e-02 pde=1.088e-03 bc=9.186e-05 data=9.182e-05 best=5.275e-03 lr=8.00e-04
2026-02-14 12:00:40,349 | INFO | [Inverse][gaussian|pts=800|noise=1%] epoch=5299/11999 total=1.096e-02 pde=1.076e-03 bc=8.992e-05 data=8.982e-05 best=5.275e-03 lr=8.00e-04
2026-02-14 12:00:41,856 | INFO | [Inverse][gaussian|pts=800|noise=1%] epoch=5399/11999 total=9.640e-03 pde=1.046e-03 bc=7.680e-05 data=7.827e-05 best=5.275e-03 lr=8.00e-04
2026-02-14 12:00:43,302 | INFO | [Inverse][gaussian|pts=800|noise=1%] checkpoint saved at epoch=5499 -> outputs_refactor\full_matrix_rerun_20260214_112937\checkpoints\gaussian\inverse_pts_800_noise_1_last.pth
2026-02-14 12:00:43,302 | INFO | [Inverse][gaussian|pts=800|noise=1%] epoch=5499/11999 total=8.453e-03 pde=1.007e-03 bc=6.609e-05 data=6.785e-05 best=5.275e-03 lr=6.40e-04
2026-02-14 12:00:44,745 | INFO | [Inverse][gaussian|pts=800|noise=1%] epoch=5599/11999 total=6.657e-03 pde=9.685e-04 bc=4.858e-05 data=5.203e-05 best=5.275e-03 lr=6.40e-04
2026-02-14 12:00:46,175 | INFO | [Inverse][gaussian|pts=800|noise=1%] epoch=5699/11999 total=6.513e-03 pde=9.507e-04 bc=4.868e-05 data=5.075e-05 best=5.275e-03 lr=6.40e-04
2026-02-14 12:00:47,590 | INFO | [Inverse][gaussian|pts=800|noise=1%] epoch=5799/11999 total=6.347e-03 pde=9.122e-04 bc=5.155e-05 data=4.919e-05 best=5.275e-03 lr=6.40e-04
2026-02-14 12:00:49,031 | INFO | [Inverse][gaussian|pts=800|noise=1%] epoch=5899/11999 total=6.025e-03 pde=8.872e-04 bc=4.920e-05 data=4.646e-05 best=5.275e-03 lr=6.40e-04
2026-02-14 12:00:50,476 | INFO | [Inverse][gaussian|pts=800|noise=1%] checkpoint saved at epoch=5999 -> outputs_refactor\full_matrix_rerun_20260214_112937\checkpoints\gaussian\inverse_pts_800_noise_1_last.pth
2026-02-14 12:00:50,476 | INFO | [Inverse][gaussian|pts=800|noise=1%] epoch=5999/11999 total=4.548e-03 pde=8.491e-04 bc=3.454e-05 data=3.353e-05 best=4.425e-03 lr=5.12e-04
2026-02-14 12:00:51,909 | INFO | [Inverse][gaussian|pts=800|noise=1%] epoch=6099/11999 total=4.959e-03 pde=8.410e-04 bc=3.873e-05 data=3.731e-05 best=4.413e-03 lr=5.12e-04
2026-02-14 12:00:53,324 | INFO | [Inverse][gaussian|pts=800|noise=1%] epoch=6199/11999 total=4.549e-03 pde=8.199e-04 bc=3.568e-05 data=3.372e-05 best=4.400e-03 lr=5.12e-04
2026-02-14 12:00:54,799 | INFO | [Inverse][gaussian|pts=800|noise=1%] epoch=6299/11999 total=8.286e-03 pde=8.447e-04 bc=1.096e-04 data=6.346e-05 best=3.979e-03 lr=5.12e-04
2026-02-14 12:00:56,207 | INFO | [Inverse][gaussian|pts=800|noise=1%] epoch=6399/11999 total=5.077e-03 pde=8.457e-04 bc=4.192e-05 data=3.812e-05 best=3.979e-03 lr=5.12e-04
2026-02-14 12:00:57,649 | INFO | [Inverse][gaussian|pts=800|noise=1%] checkpoint saved at epoch=6499 -> outputs_refactor\full_matrix_rerun_20260214_112937\checkpoints\gaussian\inverse_pts_800_noise_1_last.pth
2026-02-14 12:00:57,649 | INFO | [Inverse][gaussian|pts=800|noise=1%] epoch=6499/11999 total=4.373e-03 pde=8.062e-04 bc=3.862e-05 data=3.181e-05 best=3.979e-03 lr=5.12e-04
2026-02-14 12:00:59,071 | INFO | [Inverse][gaussian|pts=800|noise=1%] epoch=6599/11999 total=4.678e-03 pde=8.093e-04 bc=4.496e-05 data=3.419e-05 best=3.979e-03 lr=5.12e-04
2026-02-14 12:01:00,474 | INFO | [Inverse][gaussian|pts=800|noise=1%] epoch=6699/11999 total=4.303e-03 pde=7.901e-04 bc=4.271e-05 data=3.086e-05 best=3.979e-03 lr=5.12e-04
2026-02-14 12:01:01,889 | INFO | [Inverse][gaussian|pts=800|noise=1%] epoch=6799/11999 total=4.183e-03 pde=7.795e-04 bc=4.279e-05 data=2.976e-05 best=3.903e-03 lr=4.10e-04
2026-02-14 12:01:03,315 | INFO | [Inverse][gaussian|pts=800|noise=1%] epoch=6899/11999 total=4.063e-03 pde=7.688e-04 bc=4.294e-05 data=2.865e-05 best=3.903e-03 lr=4.10e-04
2026-02-14 12:01:04,791 | INFO | [Inverse][gaussian|pts=800|noise=1%] checkpoint saved at epoch=6999 -> outputs_refactor\full_matrix_rerun_20260214_112937\checkpoints\gaussian\inverse_pts_800_noise_1_last.pth
2026-02-14 12:01:04,791 | INFO | [Inverse][gaussian|pts=800|noise=1%] epoch=6999/11999 total=3.724e-03 pde=7.506e-04 bc=3.831e-05 data=2.590e-05 best=3.637e-03 lr=4.10e-04
2026-02-14 12:01:06,222 | INFO | [Inverse][gaussian|pts=800|noise=1%] epoch=7099/11999 total=3.719e-03 pde=7.423e-04 bc=3.932e-05 data=2.584e-05 best=3.593e-03 lr=4.10e-04
2026-02-14 12:01:07,655 | INFO | [Inverse][gaussian|pts=800|noise=1%] epoch=7199/11999 total=3.807e-03 pde=7.387e-04 bc=4.074e-05 data=2.661e-05 best=3.508e-03 lr=4.10e-04
2026-02-14 12:01:09,100 | INFO | [Inverse][gaussian|pts=800|noise=1%] epoch=7299/11999 total=3.582e-03 pde=7.210e-04 bc=3.873e-05 data=2.474e-05 best=3.508e-03 lr=4.10e-04
2026-02-14 12:01:10,589 | INFO | [Inverse][gaussian|pts=800|noise=1%] epoch=7399/11999 total=3.251e-02 pde=1.743e-03 bc=2.198e-04 data=2.857e-04 best=3.202e-03 lr=4.10e-04
2026-02-14 12:01:12,030 | INFO | [Inverse][gaussian|pts=800|noise=1%] checkpoint saved at epoch=7499 -> outputs_refactor\full_matrix_rerun_20260214_112937\checkpoints\gaussian\inverse_pts_800_noise_1_last.pth
2026-02-14 12:01:12,031 | INFO | [Inverse][gaussian|pts=800|noise=1%] epoch=7499/11999 total=4.318e-03 pde=7.199e-04 bc=3.555e-05 data=3.243e-05 best=3.202e-03 lr=4.10e-04
2026-02-14 12:01:13,492 | INFO | [Inverse][gaussian|pts=800|noise=1%] epoch=7599/11999 total=3.954e-03 pde=7.048e-04 bc=3.226e-05 data=2.927e-05 best=3.202e-03 lr=4.10e-04
2026-02-14 12:01:14,908 | INFO | [Inverse][gaussian|pts=800|noise=1%] epoch=7699/11999 total=3.819e-03 pde=6.957e-04 bc=3.126e-05 data=2.810e-05 best=3.202e-03 lr=4.10e-04
2026-02-14 12:01:16,328 | INFO | [Inverse][gaussian|pts=800|noise=1%] epoch=7799/11999 total=3.714e-03 pde=6.874e-04 bc=3.063e-05 data=2.721e-05 best=3.202e-03 lr=4.10e-04
2026-02-14 12:01:17,787 | INFO | [Inverse][gaussian|pts=800|noise=1%] epoch=7899/11999 total=3.590e-03 pde=6.785e-04 bc=2.900e-05 data=2.621e-05 best=3.180e-03 lr=3.28e-04
2026-02-14 12:01:19,307 | INFO | [Inverse][gaussian|pts=800|noise=1%] checkpoint saved at epoch=7999 -> outputs_refactor\full_matrix_rerun_20260214_112937\checkpoints\gaussian\inverse_pts_800_noise_1_last.pth
2026-02-14 12:01:19,307 | INFO | [Inverse][gaussian|pts=800|noise=1%] epoch=7999/11999 total=3.496e-03 pde=6.708e-04 bc=2.799e-05 data=2.546e-05 best=3.125e-03 lr=3.28e-04
2026-02-14 12:01:20,788 | INFO | [Inverse][gaussian|pts=800|noise=1%] epoch=8099/11999 total=3.351e-03 pde=6.627e-04 bc=2.632e-05 data=2.425e-05 best=3.098e-03 lr=3.28e-04
2026-02-14 12:01:22,261 | INFO | [Inverse][gaussian|pts=800|noise=1%] epoch=8199/11999 total=2.840e-03 pde=6.397e-04 bc=2.398e-05 data=1.961e-05 best=2.754e-03 lr=3.28e-04
2026-02-14 12:01:23,683 | INFO | [Inverse][gaussian|pts=800|noise=1%] epoch=8299/11999 total=4.747e-03 pde=7.291e-04 bc=3.761e-05 data=3.642e-05 best=2.754e-03 lr=3.28e-04
2026-02-14 12:01:25,081 | INFO | [Inverse][gaussian|pts=800|noise=1%] epoch=8399/11999 total=3.366e-03 pde=6.454e-04 bc=4.043e-05 data=2.316e-05 best=2.754e-03 lr=3.28e-04
2026-02-14 12:01:26,494 | INFO | [Inverse][gaussian|pts=800|noise=1%] checkpoint saved at epoch=8499 -> outputs_refactor\full_matrix_rerun_20260214_112937\checkpoints\gaussian\inverse_pts_800_noise_1_last.pth
2026-02-14 12:01:26,494 | INFO | [Inverse][gaussian|pts=800|noise=1%] epoch=8499/11999 total=3.562e-03 pde=6.486e-04 bc=4.373e-05 data=2.476e-05 best=2.754e-03 lr=3.28e-04
2026-02-14 12:01:27,907 | INFO | [Inverse][gaussian|pts=800|noise=1%] epoch=8599/11999 total=3.105e-03 pde=6.257e-04 bc=3.621e-05 data=2.117e-05 best=2.754e-03 lr=3.28e-04
2026-02-14 12:01:29,337 | INFO | [Inverse][gaussian|pts=800|noise=1%] epoch=8699/11999 total=2.628e-03 pde=6.035e-04 bc=2.695e-05 data=1.755e-05 best=2.628e-03 lr=2.62e-04
2026-02-14 12:01:31,007 | INFO | [Inverse][gaussian|pts=800|noise=1%] epoch=8799/11999 total=2.560e-03 pde=5.962e-04 bc=2.526e-05 data=1.711e-05 best=2.560e-03 lr=2.62e-04
2026-02-14 12:01:32,831 | INFO | [Inverse][gaussian|pts=800|noise=1%] epoch=8899/11999 total=2.514e-03 pde=5.887e-04 bc=2.499e-05 data=1.676e-05 best=2.514e-03 lr=2.62e-04
2026-02-14 12:01:34,640 | INFO | [Inverse][gaussian|pts=800|noise=1%] checkpoint saved at epoch=8999 -> outputs_refactor\full_matrix_rerun_20260214_112937\checkpoints\gaussian\inverse_pts_800_noise_1_last.pth
2026-02-14 12:01:34,640 | INFO | [Inverse][gaussian|pts=800|noise=1%] epoch=8999/11999 total=2.469e-03 pde=5.806e-04 bc=2.473e-05 data=1.641e-05 best=2.469e-03 lr=2.62e-04
2026-02-14 12:01:36,449 | INFO | [Inverse][gaussian|pts=800|noise=1%] epoch=9099/11999 total=2.422e-03 pde=5.721e-04 bc=2.446e-05 data=1.606e-05 best=2.422e-03 lr=2.62e-04
2026-02-14 12:01:38,279 | INFO | [Inverse][gaussian|pts=800|noise=1%] epoch=9199/11999 total=2.376e-03 pde=5.633e-04 bc=2.418e-05 data=1.571e-05 best=2.376e-03 lr=2.62e-04
2026-02-14 12:01:40,250 | INFO | [Inverse][gaussian|pts=800|noise=1%] epoch=9299/11999 total=2.329e-03 pde=5.541e-04 bc=2.390e-05 data=1.536e-05 best=2.329e-03 lr=2.62e-04
2026-02-14 12:01:41,983 | INFO | [Inverse][gaussian|pts=800|noise=1%] epoch=9399/11999 total=2.283e-03 pde=5.449e-04 bc=2.338e-05 data=1.505e-05 best=2.283e-03 lr=2.62e-04
2026-02-14 12:01:43,439 | INFO | [Inverse][gaussian|pts=800|noise=1%] checkpoint saved at epoch=9499 -> outputs_refactor\full_matrix_rerun_20260214_112937\checkpoints\gaussian\inverse_pts_800_noise_1_last.pth
2026-02-14 12:01:43,439 | INFO | [Inverse][gaussian|pts=800|noise=1%] epoch=9499/11999 total=2.897e-03 pde=5.678e-04 bc=3.222e-05 data=2.007e-05 best=2.273e-03 lr=2.62e-04
2026-02-14 12:01:44,898 | INFO | [Inverse][gaussian|pts=800|noise=1%] epoch=9599/11999 total=2.988e-03 pde=5.670e-04 bc=2.711e-05 data=2.150e-05 best=2.273e-03 lr=2.62e-04
2026-02-14 12:01:46,309 | INFO | [Inverse][gaussian|pts=800|noise=1%] epoch=9699/11999 total=2.826e-03 pde=5.536e-04 bc=2.201e-05 data=2.052e-05 best=2.273e-03 lr=2.62e-04
2026-02-14 12:01:47,743 | INFO | [Inverse][gaussian|pts=800|noise=1%] epoch=9799/11999 total=2.813e-03 pde=5.470e-04 bc=2.067e-05 data=2.059e-05 best=2.273e-03 lr=2.62e-04
2026-02-14 12:01:49,261 | INFO | [Inverse][gaussian|pts=800|noise=1%] epoch=9899/11999 total=2.638e-03 pde=5.351e-04 bc=1.985e-05 data=1.904e-05 best=2.273e-03 lr=2.62e-04
2026-02-14 12:01:50,849 | INFO | [Inverse][gaussian|pts=800|noise=1%] checkpoint saved at epoch=9999 -> outputs_refactor\full_matrix_rerun_20260214_112937\checkpoints\gaussian\inverse_pts_800_noise_1_last.pth
2026-02-14 12:01:50,850 | INFO | [Inverse][gaussian|pts=800|noise=1%] epoch=9999/11999 total=2.123e-03 pde=5.110e-04 bc=2.271e-05 data=1.385e-05 best=2.123e-03 lr=2.10e-04
2026-02-14 12:01:52,651 | INFO | [Inverse][gaussian|pts=800|noise=1%] epoch=10099/11999 total=2.092e-03 pde=5.048e-04 bc=2.238e-05 data=1.364e-05 best=2.092e-03 lr=2.10e-04
2026-02-14 12:01:54,461 | INFO | [Inverse][gaussian|pts=800|noise=1%] epoch=10199/11999 total=2.061e-03 pde=4.984e-04 bc=2.213e-05 data=1.342e-05 best=2.061e-03 lr=2.10e-04
2026-02-14 12:01:56,279 | INFO | [Inverse][gaussian|pts=800|noise=1%] epoch=10299/11999 total=2.030e-03 pde=4.917e-04 bc=2.187e-05 data=1.319e-05 best=2.030e-03 lr=2.10e-04
2026-02-14 12:01:58,104 | INFO | [Inverse][gaussian|pts=800|noise=1%] epoch=10399/11999 total=1.997e-03 pde=4.848e-04 bc=2.161e-05 data=1.296e-05 best=1.997e-03 lr=2.10e-04
2026-02-14 12:01:59,650 | INFO | [Inverse][gaussian|pts=800|noise=1%] checkpoint saved at epoch=10499 -> outputs_refactor\full_matrix_rerun_20260214_112937\checkpoints\gaussian\inverse_pts_800_noise_1_last.pth
2026-02-14 12:01:59,650 | INFO | [Inverse][gaussian|pts=800|noise=1%] epoch=10499/11999 total=1.967e-03 pde=4.777e-04 bc=2.159e-05 data=1.273e-05 best=1.967e-03 lr=2.10e-04
2026-02-14 12:02:01,147 | INFO | [Inverse][gaussian|pts=800|noise=1%] epoch=10599/11999 total=1.937e-03 pde=4.714e-04 bc=2.072e-05 data=1.258e-05 best=1.937e-03 lr=2.10e-04
2026-02-14 12:02:02,714 | INFO | [Inverse][gaussian|pts=800|noise=1%] epoch=10699/11999 total=1.908e-03 pde=4.640e-04 bc=2.134e-05 data=1.231e-05 best=1.908e-03 lr=2.10e-04
2026-02-14 12:02:04,223 | INFO | [Inverse][gaussian|pts=800|noise=1%] epoch=10799/11999 total=2.005e-03 pde=4.657e-04 bc=1.968e-05 data=1.342e-05 best=1.880e-03 lr=2.10e-04
2026-02-14 12:02:05,753 | INFO | [Inverse][gaussian|pts=800|noise=1%] epoch=10899/11999 total=1.871e-03 pde=4.511e-04 bc=2.171e-05 data=1.203e-05 best=1.844e-03 lr=2.10e-04
2026-02-14 12:02:07,282 | INFO | [Inverse][gaussian|pts=800|noise=1%] checkpoint saved at epoch=10999 -> outputs_refactor\full_matrix_rerun_20260214_112937\checkpoints\gaussian\inverse_pts_800_noise_1_last.pth
2026-02-14 12:02:07,283 | INFO | [Inverse][gaussian|pts=800|noise=1%] epoch=10999/11999 total=1.889e-03 pde=4.505e-04 bc=1.871e-05 data=1.252e-05 best=1.816e-03 lr=2.10e-04
2026-02-14 12:02:08,755 | INFO | [Inverse][gaussian|pts=800|noise=1%] epoch=11099/11999 total=1.784e-03 pde=4.370e-04 bc=2.010e-05 data=1.146e-05 best=1.784e-03 lr=2.10e-04
2026-02-14 12:02:10,228 | INFO | [Inverse][gaussian|pts=800|noise=1%] epoch=11199/11999 total=1.758e-03 pde=4.310e-04 bc=1.927e-05 data=1.134e-05 best=1.757e-03 lr=2.10e-04
2026-02-14 12:02:11,690 | INFO | [Inverse][gaussian|pts=800|noise=1%] epoch=11299/11999 total=1.813e-03 pde=4.273e-04 bc=2.195e-05 data=1.166e-05 best=1.738e-03 lr=2.10e-04
2026-02-14 12:02:13,119 | INFO | [Inverse][gaussian|pts=800|noise=1%] epoch=11399/11999 total=1.701e-03 pde=4.181e-04 bc=1.914e-05 data=1.092e-05 best=1.701e-03 lr=2.10e-04
2026-02-14 12:02:14,576 | INFO | [Inverse][gaussian|pts=800|noise=1%] checkpoint saved at epoch=11499 -> outputs_refactor\full_matrix_rerun_20260214_112937\checkpoints\gaussian\inverse_pts_800_noise_1_last.pth
2026-02-14 12:02:14,576 | INFO | [Inverse][gaussian|pts=800|noise=1%] epoch=11499/11999 total=1.823e-03 pde=4.215e-04 bc=1.837e-05 data=1.217e-05 best=1.680e-03 lr=2.10e-04
2026-02-14 12:02:16,053 | INFO | [Inverse][gaussian|pts=800|noise=1%] epoch=11599/11999 total=1.745e-03 pde=4.126e-04 bc=1.791e-05 data=1.154e-05 best=1.653e-03 lr=2.10e-04
2026-02-14 12:02:17,521 | INFO | [Inverse][gaussian|pts=800|noise=1%] epoch=11699/11999 total=1.624e-03 pde=3.996e-04 bc=1.827e-05 data=1.041e-05 best=1.624e-03 lr=2.10e-04
2026-02-14 12:02:18,959 | INFO | [Inverse][gaussian|pts=800|noise=1%] epoch=11799/11999 total=1.629e-03 pde=3.937e-04 bc=1.910e-05 data=1.044e-05 best=1.609e-03 lr=2.10e-04
2026-02-14 12:02:20,470 | INFO | [Inverse][gaussian|pts=800|noise=1%] epoch=11899/11999 total=1.769e-03 pde=3.923e-04 bc=2.019e-05 data=1.174e-05 best=1.584e-03 lr=2.10e-04
2026-02-14 12:02:21,937 | INFO | [Inverse][gaussian|pts=800|noise=1%] checkpoint saved at epoch=11999 -> outputs_refactor\full_matrix_rerun_20260214_112937\checkpoints\gaussian\inverse_pts_800_noise_1_last.pth
2026-02-14 12:02:21,938 | INFO | [Inverse][gaussian|pts=800|noise=1%] epoch=11999/11999 total=1.665e-03 pde=3.859e-04 bc=2.088e-05 data=1.071e-05 best=1.559e-03 lr=2.10e-04
2026-02-14 12:02:22,517 | INFO | [Inverse][pts_800_noise_2] start training charge=gaussian points=800 noise=2%
2026-02-14 12:02:22,538 | INFO | [Inverse][gaussian|pts=800|noise=2%] epoch=0/11999 total=9.477e+00 pde=1.496e-02 bc=6.083e-02 data=8.853e-02 best=9.477e+00 lr=1.00e-03
2026-02-14 12:02:24,277 | INFO | [Inverse][gaussian|pts=800|noise=2%] epoch=99/11999 total=4.842e-01 pde=2.168e-01 bc=1.409e-03 data=2.532e-03 best=4.798e-01 lr=1.00e-03
2026-02-14 12:02:25,877 | INFO | [Inverse][gaussian|pts=800|noise=2%] epoch=199/11999 total=2.626e-01 pde=5.279e-02 bc=1.542e-03 data=1.944e-03 best=2.467e-01 lr=1.00e-03
2026-02-14 12:02:27,465 | INFO | [Inverse][gaussian|pts=800|noise=2%] epoch=299/11999 total=1.773e-01 pde=2.781e-02 bc=1.427e-03 data=1.352e-03 best=1.728e-01 lr=1.00e-03
2026-02-14 12:02:28,982 | INFO | [Inverse][gaussian|pts=800|noise=2%] epoch=399/11999 total=1.900e-01 pde=1.992e-02 bc=2.063e-03 data=1.494e-03 best=1.175e-01 lr=1.00e-03
2026-02-14 12:02:30,502 | INFO | [Inverse][gaussian|pts=800|noise=2%] checkpoint saved at epoch=499 -> outputs_refactor\full_matrix_rerun_20260214_112937\checkpoints\gaussian\inverse_pts_800_noise_2_last.pth
2026-02-14 12:02:30,503 | INFO | [Inverse][gaussian|pts=800|noise=2%] epoch=499/11999 total=1.083e-01 pde=1.705e-02 bc=9.084e-04 data=8.215e-04 best=8.349e-02 lr=1.00e-03
2026-02-14 12:02:31,998 | INFO | [Inverse][gaussian|pts=800|noise=2%] epoch=599/11999 total=7.095e-02 pde=1.543e-02 bc=3.753e-04 data=5.177e-04 best=6.867e-02 lr=1.00e-03
2026-02-14 12:02:33,519 | INFO | [Inverse][gaussian|pts=800|noise=2%] epoch=699/11999 total=5.337e-02 pde=1.182e-02 bc=2.661e-04 data=3.889e-04 best=5.337e-02 lr=1.00e-03
2026-02-14 12:02:34,982 | INFO | [Inverse][gaussian|pts=800|noise=2%] epoch=799/11999 total=4.636e-02 pde=9.924e-03 bc=2.491e-04 data=3.394e-04 best=4.315e-02 lr=1.00e-03
2026-02-14 12:02:36,490 | INFO | [Inverse][gaussian|pts=800|noise=2%] epoch=899/11999 total=3.627e-02 pde=7.737e-03 bc=1.092e-04 data=2.744e-04 best=3.586e-02 lr=1.00e-03
2026-02-14 12:02:37,983 | INFO | [Inverse][gaussian|pts=800|noise=2%] checkpoint saved at epoch=999 -> outputs_refactor\full_matrix_rerun_20260214_112937\checkpoints\gaussian\inverse_pts_800_noise_2_last.pth
2026-02-14 12:02:37,984 | INFO | [Inverse][gaussian|pts=800|noise=2%] epoch=999/11999 total=2.738e-02 pde=6.593e-03 bc=5.811e-05 data=2.021e-04 best=2.699e-02 lr=1.00e-03
2026-02-14 12:02:39,600 | INFO | [Inverse][gaussian|pts=800|noise=2%] epoch=1099/11999 total=2.598e-02 pde=5.816e-03 bc=7.753e-05 data=1.939e-04 best=2.456e-02 lr=1.00e-03
2026-02-14 12:02:41,227 | INFO | [Inverse][gaussian|pts=800|noise=2%] epoch=1199/11999 total=2.239e-02 pde=5.245e-03 bc=1.113e-04 data=1.603e-04 best=1.971e-02 lr=1.00e-03
2026-02-14 12:02:42,683 | INFO | [Inverse][gaussian|pts=800|noise=2%] epoch=1299/11999 total=2.477e-02 pde=4.855e-03 bc=9.117e-05 data=1.900e-04 best=1.776e-02 lr=1.00e-03
2026-02-14 12:02:44,120 | INFO | [Inverse][gaussian|pts=800|noise=2%] epoch=1399/11999 total=2.981e-02 pde=4.557e-03 bc=2.121e-04 data=2.313e-04 best=1.641e-02 lr=1.00e-03
2026-02-14 12:02:45,534 | INFO | [Inverse][gaussian|pts=800|noise=2%] checkpoint saved at epoch=1499 -> outputs_refactor\full_matrix_rerun_20260214_112937\checkpoints\gaussian\inverse_pts_800_noise_2_last.pth
2026-02-14 12:02:45,535 | INFO | [Inverse][gaussian|pts=800|noise=2%] epoch=1499/11999 total=1.782e-02 pde=4.090e-03 bc=9.332e-05 data=1.280e-04 best=1.540e-02 lr=1.00e-03
2026-02-14 12:02:46,978 | INFO | [Inverse][gaussian|pts=800|noise=2%] epoch=1599/11999 total=2.146e-02 pde=3.837e-03 bc=8.149e-05 data=1.680e-04 best=1.363e-02 lr=1.00e-03
2026-02-14 12:02:48,397 | INFO | [Inverse][gaussian|pts=800|noise=2%] epoch=1699/11999 total=2.079e-02 pde=3.426e-03 bc=7.229e-05 data=1.664e-04 best=1.251e-02 lr=1.00e-03
2026-02-14 12:02:49,838 | INFO | [Inverse][gaussian|pts=800|noise=2%] epoch=1799/11999 total=1.432e-02 pde=2.988e-03 bc=6.336e-05 data=1.070e-04 best=1.152e-02 lr=1.00e-03
2026-02-14 12:02:51,280 | INFO | [Inverse][gaussian|pts=800|noise=2%] epoch=1899/11999 total=1.306e-02 pde=2.650e-03 bc=6.375e-05 data=9.776e-05 best=1.152e-02 lr=1.00e-03
2026-02-14 12:02:52,721 | INFO | [Inverse][gaussian|pts=800|noise=2%] checkpoint saved at epoch=1999 -> outputs_refactor\full_matrix_rerun_20260214_112937\checkpoints\gaussian\inverse_pts_800_noise_2_last.pth
2026-02-14 12:02:52,721 | INFO | [Inverse][gaussian|pts=800|noise=2%] epoch=1999/11999 total=1.127e-02 pde=2.337e-03 bc=5.695e-05 data=8.367e-05 best=1.127e-02 lr=1.00e-03
2026-02-14 12:02:54,142 | INFO | [Inverse][gaussian|pts=800|noise=2%] epoch=2099/11999 total=1.237e-02 pde=2.051e-03 bc=7.922e-05 data=9.526e-05 best=1.095e-02 lr=1.00e-03
2026-02-14 12:02:55,546 | INFO | [Inverse][gaussian|pts=800|noise=2%] epoch=2199/11999 total=1.069e-02 pde=1.774e-03 bc=7.342e-05 data=8.178e-05 best=1.069e-02 lr=1.00e-03
2026-02-14 12:02:57,055 | INFO | [Inverse][gaussian|pts=800|noise=2%] epoch=2299/11999 total=1.169e-02 pde=1.536e-03 bc=9.484e-05 data=9.209e-05 best=8.744e-03 lr=1.00e-03
2026-02-14 12:02:58,519 | INFO | [Inverse][gaussian|pts=800|noise=2%] epoch=2399/11999 total=8.198e-03 pde=1.318e-03 bc=6.490e-05 data=6.232e-05 best=8.198e-03 lr=1.00e-03
2026-02-14 12:02:59,954 | INFO | [Inverse][gaussian|pts=800|noise=2%] checkpoint saved at epoch=2499 -> outputs_refactor\full_matrix_rerun_20260214_112937\checkpoints\gaussian\inverse_pts_800_noise_2_last.pth
2026-02-14 12:02:59,954 | INFO | [Inverse][gaussian|pts=800|noise=2%] epoch=2499/11999 total=8.565e-03 pde=1.185e-03 bc=7.576e-05 data=6.622e-05 best=8.099e-03 lr=1.00e-03
2026-02-14 12:03:01,357 | INFO | [Inverse][gaussian|pts=800|noise=2%] epoch=2599/11999 total=8.733e-03 pde=1.089e-03 bc=8.763e-05 data=6.768e-05 best=8.099e-03 lr=1.00e-03
2026-02-14 12:03:02,856 | INFO | [Inverse][gaussian|pts=800|noise=2%] epoch=2699/11999 total=8.107e-03 pde=1.011e-03 bc=8.901e-05 data=6.206e-05 best=8.099e-03 lr=1.00e-03
2026-02-14 12:03:04,466 | INFO | [Inverse][gaussian|pts=800|noise=2%] epoch=2799/11999 total=9.474e-03 pde=9.962e-04 bc=5.556e-05 data=7.922e-05 best=5.706e-03 lr=1.00e-03
2026-02-14 12:03:05,962 | INFO | [Inverse][gaussian|pts=800|noise=2%] epoch=2899/11999 total=2.463e-02 pde=1.441e-02 bc=1.331e-04 data=8.898e-05 best=5.706e-03 lr=1.00e-03
2026-02-14 12:03:07,478 | INFO | [Inverse][gaussian|pts=800|noise=2%] checkpoint saved at epoch=2999 -> outputs_refactor\full_matrix_rerun_20260214_112937\checkpoints\gaussian\inverse_pts_800_noise_2_last.pth
2026-02-14 12:03:07,478 | INFO | [Inverse][gaussian|pts=800|noise=2%] epoch=2999/11999 total=9.667e-03 pde=9.499e-04 bc=9.503e-05 data=7.767e-05 best=5.706e-03 lr=1.00e-03
2026-02-14 12:03:08,992 | INFO | [Inverse][gaussian|pts=800|noise=2%] epoch=3099/11999 total=1.180e-02 pde=9.353e-04 bc=1.214e-04 data=9.653e-05 best=5.706e-03 lr=1.00e-03
2026-02-14 12:03:10,501 | INFO | [Inverse][gaussian|pts=800|noise=2%] epoch=3199/11999 total=9.702e-03 pde=8.767e-04 bc=9.842e-05 data=7.841e-05 best=5.706e-03 lr=1.00e-03
2026-02-14 12:03:12,002 | INFO | [Inverse][gaussian|pts=800|noise=2%] epoch=3299/11999 total=6.908e-03 pde=8.110e-04 bc=6.990e-05 data=5.398e-05 best=5.706e-03 lr=8.00e-04
2026-02-14 12:03:13,513 | INFO | [Inverse][gaussian|pts=800|noise=2%] epoch=3399/11999 total=8.038e-03 pde=8.167e-04 bc=8.731e-05 data=6.348e-05 best=5.706e-03 lr=8.00e-04
2026-02-14 12:03:15,064 | INFO | [Inverse][gaussian|pts=800|noise=2%] checkpoint saved at epoch=3499 -> outputs_refactor\full_matrix_rerun_20260214_112937\checkpoints\gaussian\inverse_pts_800_noise_2_last.pth
2026-02-14 12:03:15,064 | INFO | [Inverse][gaussian|pts=800|noise=2%] epoch=3499/11999 total=7.202e-03 pde=7.885e-04 bc=8.091e-05 data=5.604e-05 best=5.706e-03 lr=8.00e-04
2026-02-14 12:03:16,574 | INFO | [Inverse][gaussian|pts=800|noise=2%] epoch=3599/11999 total=8.114e-03 pde=7.868e-04 bc=9.961e-05 data=6.331e-05 best=5.706e-03 lr=8.00e-04
2026-02-14 12:03:18,147 | INFO | [Inverse][gaussian|pts=800|noise=2%] epoch=3699/11999 total=4.479e-02 pde=1.431e-03 bc=5.717e-04 data=3.764e-04 best=4.647e-03 lr=8.00e-04
2026-02-14 12:03:19,672 | INFO | [Inverse][gaussian|pts=800|noise=2%] epoch=3799/11999 total=1.280e-02 pde=8.900e-04 bc=7.843e-05 data=1.113e-04 best=4.629e-03 lr=8.00e-04
2026-02-14 12:03:21,181 | INFO | [Inverse][gaussian|pts=800|noise=2%] epoch=3899/11999 total=1.326e-02 pde=8.824e-04 bc=1.764e-04 data=1.061e-04 best=4.629e-03 lr=8.00e-04
2026-02-14 12:03:22,698 | INFO | [Inverse][gaussian|pts=800|noise=2%] checkpoint saved at epoch=3999 -> outputs_refactor\full_matrix_rerun_20260214_112937\checkpoints\gaussian\inverse_pts_800_noise_2_last.pth
2026-02-14 12:03:22,698 | INFO | [Inverse][gaussian|pts=800|noise=2%] epoch=3999/11999 total=1.770e-02 pde=1.086e-03 bc=9.730e-05 data=1.564e-04 best=4.629e-03 lr=8.00e-04
2026-02-14 12:03:24,193 | INFO | [Inverse][gaussian|pts=800|noise=2%] epoch=4099/11999 total=1.348e-02 pde=9.344e-04 bc=1.790e-04 data=1.076e-04 best=4.629e-03 lr=8.00e-04
2026-02-14 12:03:25,656 | INFO | [Inverse][gaussian|pts=800|noise=2%] epoch=4199/11999 total=1.340e-02 pde=1.020e-03 bc=6.778e-05 data=1.171e-04 best=4.629e-03 lr=8.00e-04
2026-02-14 12:03:27,081 | INFO | [Inverse][gaussian|pts=800|noise=2%] epoch=4299/11999 total=4.898e-03 pde=7.331e-04 bc=3.621e-05 data=3.803e-05 best=4.489e-03 lr=6.40e-04
2026-02-14 12:03:28,502 | INFO | [Inverse][gaussian|pts=800|noise=2%] epoch=4399/11999 total=6.738e-03 pde=7.472e-04 bc=6.622e-05 data=5.328e-05 best=4.266e-03 lr=6.40e-04
2026-02-14 12:03:29,915 | INFO | [Inverse][gaussian|pts=800|noise=2%] checkpoint saved at epoch=4499 -> outputs_refactor\full_matrix_rerun_20260214_112937\checkpoints\gaussian\inverse_pts_800_noise_2_last.pth
2026-02-14 12:03:29,915 | INFO | [Inverse][gaussian|pts=800|noise=2%] epoch=4499/11999 total=5.040e-03 pde=6.861e-04 bc=5.259e-05 data=3.828e-05 best=4.234e-03 lr=6.40e-04
2026-02-14 12:03:31,346 | INFO | [Inverse][gaussian|pts=800|noise=2%] epoch=4599/11999 total=1.962e-02 pde=9.925e-04 bc=2.312e-04 data=1.632e-04 best=4.234e-03 lr=6.40e-04
2026-02-14 12:03:32,799 | INFO | [Inverse][gaussian|pts=800|noise=2%] epoch=4699/11999 total=5.053e-03 pde=7.252e-04 bc=5.295e-05 data=3.799e-05 best=4.047e-03 lr=6.40e-04
2026-02-14 12:03:34,219 | INFO | [Inverse][gaussian|pts=800|noise=2%] epoch=4799/11999 total=6.175e-03 pde=6.729e-04 bc=4.312e-05 data=5.071e-05 best=4.047e-03 lr=6.40e-04
2026-02-14 12:03:35,623 | INFO | [Inverse][gaussian|pts=800|noise=2%] epoch=4899/11999 total=7.318e-03 pde=6.899e-04 bc=6.306e-05 data=5.997e-05 best=4.047e-03 lr=6.40e-04
2026-02-14 12:03:37,054 | INFO | [Inverse][gaussian|pts=800|noise=2%] checkpoint saved at epoch=4999 -> outputs_refactor\full_matrix_rerun_20260214_112937\checkpoints\gaussian\inverse_pts_800_noise_2_last.pth
2026-02-14 12:03:37,055 | INFO | [Inverse][gaussian|pts=800|noise=2%] epoch=4999/11999 total=8.251e-03 pde=7.179e-04 bc=5.731e-05 data=6.960e-05 best=3.935e-03 lr=6.40e-04
2026-02-14 12:03:38,475 | INFO | [Inverse][gaussian|pts=800|noise=2%] epoch=5099/11999 total=6.508e-03 pde=6.605e-04 bc=4.407e-05 data=5.407e-05 best=3.925e-03 lr=6.40e-04
2026-02-14 12:03:39,883 | INFO | [Inverse][gaussian|pts=800|noise=2%] epoch=5199/11999 total=5.780e-03 pde=6.311e-04 bc=6.220e-05 data=4.527e-05 best=3.925e-03 lr=6.40e-04
2026-02-14 12:03:41,301 | INFO | [Inverse][gaussian|pts=800|noise=2%] epoch=5299/11999 total=5.663e-03 pde=6.205e-04 bc=6.081e-05 data=4.434e-05 best=3.925e-03 lr=6.40e-04
2026-02-14 12:03:42,739 | INFO | [Inverse][gaussian|pts=800|noise=2%] epoch=5399/11999 total=5.601e-03 pde=6.105e-04 bc=6.035e-05 data=4.387e-05 best=3.925e-03 lr=6.40e-04
2026-02-14 12:03:44,159 | INFO | [Inverse][gaussian|pts=800|noise=2%] checkpoint saved at epoch=5499 -> outputs_refactor\full_matrix_rerun_20260214_112937\checkpoints\gaussian\inverse_pts_800_noise_2_last.pth
2026-02-14 12:03:44,159 | INFO | [Inverse][gaussian|pts=800|noise=2%] epoch=5499/11999 total=5.078e-03 pde=5.895e-04 bc=5.381e-05 data=3.950e-05 best=3.925e-03 lr=6.40e-04
2026-02-14 12:03:45,598 | INFO | [Inverse][gaussian|pts=800|noise=2%] epoch=5599/11999 total=5.028e-03 pde=5.768e-04 bc=5.021e-05 data=3.949e-05 best=3.925e-03 lr=5.12e-04
2026-02-14 12:03:47,081 | INFO | [Inverse][gaussian|pts=800|noise=2%] epoch=5699/11999 total=4.373e-03 pde=5.537e-04 bc=4.260e-05 data=3.394e-05 best=3.720e-03 lr=5.12e-04
2026-02-14 12:03:48,542 | INFO | [Inverse][gaussian|pts=800|noise=2%] epoch=5799/11999 total=4.436e-03 pde=5.460e-04 bc=4.244e-05 data=3.465e-05 best=3.720e-03 lr=5.12e-04
2026-02-14 12:03:49,997 | INFO | [Inverse][gaussian|pts=800|noise=2%] epoch=5899/11999 total=4.349e-03 pde=5.347e-04 bc=4.116e-05 data=3.403e-05 best=3.708e-03 lr=5.12e-04
2026-02-14 12:03:51,426 | INFO | [Inverse][gaussian|pts=800|noise=2%] checkpoint saved at epoch=5999 -> outputs_refactor\full_matrix_rerun_20260214_112937\checkpoints\gaussian\inverse_pts_800_noise_2_last.pth
2026-02-14 12:03:51,426 | INFO | [Inverse][gaussian|pts=800|noise=2%] epoch=5999/11999 total=4.018e-03 pde=5.181e-04 bc=3.696e-05 data=3.130e-05 best=3.708e-03 lr=5.12e-04
2026-02-14 12:03:52,845 | INFO | [Inverse][gaussian|pts=800|noise=2%] epoch=6099/11999 total=3.923e-03 pde=5.053e-04 bc=3.760e-05 data=3.042e-05 best=3.708e-03 lr=5.12e-04
2026-02-14 12:03:54,302 | INFO | [Inverse][gaussian|pts=800|noise=2%] epoch=6199/11999 total=3.896e-03 pde=4.934e-04 bc=4.070e-05 data=2.996e-05 best=3.645e-03 lr=5.12e-04
2026-02-14 12:03:55,940 | INFO | [Inverse][gaussian|pts=800|noise=2%] epoch=6299/11999 total=3.910e-03 pde=4.831e-04 bc=4.192e-05 data=3.008e-05 best=3.504e-03 lr=5.12e-04
2026-02-14 12:03:57,573 | INFO | [Inverse][gaussian|pts=800|noise=2%] epoch=6399/11999 total=3.890e-03 pde=4.720e-04 bc=4.234e-05 data=2.995e-05 best=3.397e-03 lr=5.12e-04
2026-02-14 12:03:59,108 | INFO | [Inverse][gaussian|pts=800|noise=2%] checkpoint saved at epoch=6499 -> outputs_refactor\full_matrix_rerun_20260214_112937\checkpoints\gaussian\inverse_pts_800_noise_2_last.pth
2026-02-14 12:03:59,108 | INFO | [Inverse][gaussian|pts=800|noise=2%] epoch=6499/11999 total=3.831e-03 pde=4.601e-04 bc=4.208e-05 data=2.950e-05 best=3.321e-03 lr=5.12e-04
2026-02-14 12:04:00,595 | INFO | [Inverse][gaussian|pts=800|noise=2%] epoch=6599/11999 total=4.356e-03 pde=4.442e-04 bc=5.280e-05 data=3.384e-05 best=3.170e-03 lr=5.12e-04
2026-02-14 12:04:02,122 | INFO | [Inverse][gaussian|pts=800|noise=2%] epoch=6699/11999 total=5.739e-03 pde=1.116e-03 bc=6.441e-05 data=3.979e-05 best=2.897e-03 lr=5.12e-04
2026-02-14 12:04:03,560 | INFO | [Inverse][gaussian|pts=800|noise=2%] epoch=6799/11999 total=7.789e-03 pde=5.279e-04 bc=8.865e-05 data=6.374e-05 best=2.817e-03 lr=5.12e-04
2026-02-14 12:04:04,985 | INFO | [Inverse][gaussian|pts=800|noise=2%] epoch=6899/11999 total=4.496e-03 pde=4.418e-04 bc=4.728e-05 data=3.582e-05 best=2.817e-03 lr=5.12e-04
2026-02-14 12:04:06,427 | INFO | [Inverse][gaussian|pts=800|noise=2%] checkpoint saved at epoch=6999 -> outputs_refactor\full_matrix_rerun_20260214_112937\checkpoints\gaussian\inverse_pts_800_noise_2_last.pth
2026-02-14 12:04:06,428 | INFO | [Inverse][gaussian|pts=800|noise=2%] epoch=6999/11999 total=3.600e-03 pde=4.180e-04 bc=3.539e-05 data=2.828e-05 best=2.817e-03 lr=5.12e-04
2026-02-14 12:04:07,854 | INFO | [Inverse][gaussian|pts=800|noise=2%] epoch=7099/11999 total=3.438e-03 pde=4.095e-04 bc=3.404e-05 data=2.688e-05 best=2.817e-03 lr=5.12e-04
2026-02-14 12:04:09,260 | INFO | [Inverse][gaussian|pts=800|noise=2%] epoch=7199/11999 total=3.443e-03 pde=4.051e-04 bc=3.254e-05 data=2.712e-05 best=2.817e-03 lr=5.12e-04
2026-02-14 12:04:10,683 | INFO | [Inverse][gaussian|pts=800|noise=2%] epoch=7299/11999 total=3.270e-03 pde=3.975e-04 bc=2.881e-05 data=2.584e-05 best=2.817e-03 lr=4.10e-04
2026-02-14 12:04:12,136 | INFO | [Inverse][gaussian|pts=800|noise=2%] epoch=7399/11999 total=2.975e-03 pde=3.870e-04 bc=2.588e-05 data=2.329e-05 best=2.817e-03 lr=4.10e-04
2026-02-14 12:04:13,575 | INFO | [Inverse][gaussian|pts=800|noise=2%] checkpoint saved at epoch=7499 -> outputs_refactor\full_matrix_rerun_20260214_112937\checkpoints\gaussian\inverse_pts_800_noise_2_last.pth
2026-02-14 12:04:13,575 | INFO | [Inverse][gaussian|pts=800|noise=2%] epoch=7499/11999 total=2.904e-03 pde=3.820e-04 bc=2.460e-05 data=2.276e-05 best=2.817e-03 lr=4.10e-04
2026-02-14 12:04:15,023 | INFO | [Inverse][gaussian|pts=800|noise=2%] epoch=7599/11999 total=2.918e-03 pde=3.787e-04 bc=2.386e-05 data=2.301e-05 best=2.756e-03 lr=4.10e-04
2026-02-14 12:04:16,503 | INFO | [Inverse][gaussian|pts=800|noise=2%] epoch=7699/11999 total=2.791e-03 pde=3.710e-04 bc=2.306e-05 data=2.189e-05 best=2.728e-03 lr=4.10e-04
2026-02-14 12:04:17,926 | INFO | [Inverse][gaussian|pts=800|noise=2%] epoch=7799/11999 total=2.707e-03 pde=3.644e-04 bc=2.256e-05 data=2.117e-05 best=2.707e-03 lr=4.10e-04
2026-02-14 12:04:19,387 | INFO | [Inverse][gaussian|pts=800|noise=2%] epoch=7899/11999 total=2.756e-03 pde=3.623e-04 bc=2.201e-05 data=2.173e-05 best=2.669e-03 lr=4.10e-04
2026-02-14 12:04:20,841 | INFO | [Inverse][gaussian|pts=800|noise=2%] checkpoint saved at epoch=7999 -> outputs_refactor\full_matrix_rerun_20260214_112937\checkpoints\gaussian\inverse_pts_800_noise_2_last.pth
2026-02-14 12:04:20,841 | INFO | [Inverse][gaussian|pts=800|noise=2%] epoch=7999/11999 total=2.665e-03 pde=3.553e-04 bc=2.165e-05 data=2.093e-05 best=2.636e-03 lr=4.10e-04
2026-02-14 12:04:22,320 | INFO | [Inverse][gaussian|pts=800|noise=2%] epoch=8099/11999 total=2.673e-03 pde=3.520e-04 bc=2.121e-05 data=2.109e-05 best=2.619e-03 lr=4.10e-04
2026-02-14 12:04:23,747 | INFO | [Inverse][gaussian|pts=800|noise=2%] epoch=8199/11999 total=2.644e-03 pde=3.473e-04 bc=2.085e-05 data=2.088e-05 best=2.590e-03 lr=4.10e-04
2026-02-14 12:04:25,186 | INFO | [Inverse][gaussian|pts=800|noise=2%] epoch=8299/11999 total=4.399e-03 pde=3.856e-04 bc=4.788e-05 data=3.535e-05 best=2.430e-03 lr=4.10e-04
2026-02-14 12:04:26,606 | INFO | [Inverse][gaussian|pts=800|noise=2%] epoch=8399/11999 total=3.265e-03 pde=3.440e-04 bc=3.693e-05 data=2.552e-05 best=2.384e-03 lr=4.10e-04
2026-02-14 12:04:28,038 | INFO | [Inverse][gaussian|pts=800|noise=2%] checkpoint saved at epoch=8499 -> outputs_refactor\full_matrix_rerun_20260214_112937\checkpoints\gaussian\inverse_pts_800_noise_2_last.pth
2026-02-14 12:04:28,039 | INFO | [Inverse][gaussian|pts=800|noise=2%] epoch=8499/11999 total=2.860e-03 pde=3.333e-04 bc=3.232e-05 data=2.204e-05 best=2.384e-03 lr=4.10e-04
2026-02-14 12:04:29,473 | INFO | [Inverse][gaussian|pts=800|noise=2%] epoch=8599/11999 total=2.732e-03 pde=3.268e-04 bc=3.021e-05 data=2.103e-05 best=2.384e-03 lr=4.10e-04
2026-02-14 12:04:30,920 | INFO | [Inverse][gaussian|pts=800|noise=2%] epoch=8699/11999 total=2.651e-03 pde=3.209e-04 bc=2.867e-05 data=2.043e-05 best=2.384e-03 lr=4.10e-04
2026-02-14 12:04:32,332 | INFO | [Inverse][gaussian|pts=800|noise=2%] epoch=8799/11999 total=2.721e-03 pde=3.181e-04 bc=2.897e-05 data=2.113e-05 best=2.384e-03 lr=4.10e-04
2026-02-14 12:04:33,765 | INFO | [Inverse][gaussian|pts=800|noise=2%] epoch=8899/11999 total=2.512e-03 pde=3.101e-04 bc=2.637e-05 data=1.939e-05 best=2.380e-03 lr=3.28e-04
2026-02-14 12:04:35,201 | INFO | [Inverse][gaussian|pts=800|noise=2%] checkpoint saved at epoch=8999 -> outputs_refactor\full_matrix_rerun_20260214_112937\checkpoints\gaussian\inverse_pts_800_noise_2_last.pth
2026-02-14 12:04:35,201 | INFO | [Inverse][gaussian|pts=800|noise=2%] epoch=8999/11999 total=2.488e-03 pde=3.073e-04 bc=2.734e-05 data=1.907e-05 best=2.380e-03 lr=3.28e-04
2026-02-14 12:04:36,611 | INFO | [Inverse][gaussian|pts=800|noise=2%] epoch=9099/11999 total=2.448e-03 pde=3.027e-04 bc=2.688e-05 data=1.877e-05 best=2.380e-03 lr=3.28e-04
2026-02-14 12:04:38,034 | INFO | [Inverse][gaussian|pts=800|noise=2%] epoch=9199/11999 total=2.463e-03 pde=2.996e-04 bc=2.715e-05 data=1.892e-05 best=2.366e-03 lr=3.28e-04
2026-02-14 12:04:39,505 | INFO | [Inverse][gaussian|pts=800|noise=2%] epoch=9299/11999 total=2.402e-03 pde=2.941e-04 bc=2.625e-05 data=1.845e-05 best=2.350e-03 lr=3.28e-04
2026-02-14 12:04:40,965 | INFO | [Inverse][gaussian|pts=800|noise=2%] epoch=9399/11999 total=2.358e-03 pde=2.891e-04 bc=2.561e-05 data=1.812e-05 best=2.267e-03 lr=3.28e-04
2026-02-14 12:04:42,480 | INFO | [Inverse][gaussian|pts=800|noise=2%] checkpoint saved at epoch=9499 -> outputs_refactor\full_matrix_rerun_20260214_112937\checkpoints\gaussian\inverse_pts_800_noise_2_last.pth
2026-02-14 12:04:42,480 | INFO | [Inverse][gaussian|pts=800|noise=2%] epoch=9499/11999 total=2.085e-03 pde=2.769e-04 bc=2.028e-05 data=1.605e-05 best=2.080e-03 lr=3.28e-04
2026-02-14 12:04:44,044 | INFO | [Inverse][gaussian|pts=800|noise=2%] epoch=9599/11999 total=2.071e-03 pde=2.727e-04 bc=2.108e-05 data=1.587e-05 best=2.059e-03 lr=3.28e-04
2026-02-14 12:04:45,508 | INFO | [Inverse][gaussian|pts=800|noise=2%] epoch=9699/11999 total=2.229e-03 pde=2.733e-04 bc=1.990e-05 data=1.757e-05 best=2.040e-03 lr=3.28e-04
2026-02-14 12:04:46,961 | INFO | [Inverse][gaussian|pts=800|noise=2%] epoch=9799/11999 total=2.023e-03 pde=2.627e-04 bc=1.934e-05 data=1.567e-05 best=2.013e-03 lr=3.28e-04
2026-02-14 12:04:48,386 | INFO | [Inverse][gaussian|pts=800|noise=2%] epoch=9899/11999 total=2.042e-03 pde=2.590e-04 bc=2.114e-05 data=1.572e-05 best=2.002e-03 lr=3.28e-04
2026-02-14 12:04:49,844 | INFO | [Inverse][gaussian|pts=800|noise=2%] checkpoint saved at epoch=9999 -> outputs_refactor\full_matrix_rerun_20260214_112937\checkpoints\gaussian\inverse_pts_800_noise_2_last.pth
2026-02-14 12:04:49,845 | INFO | [Inverse][gaussian|pts=800|noise=2%] epoch=9999/11999 total=1.993e-03 pde=2.527e-04 bc=1.872e-05 data=1.553e-05 best=1.970e-03 lr=3.28e-04
2026-02-14 12:04:51,328 | INFO | [Inverse][gaussian|pts=800|noise=2%] epoch=10099/11999 total=2.069e-03 pde=2.509e-04 bc=2.181e-05 data=1.600e-05 best=1.954e-03 lr=3.28e-04
2026-02-14 12:04:52,754 | INFO | [Inverse][gaussian|pts=800|noise=2%] epoch=10199/11999 total=1.927e-03 pde=2.413e-04 bc=1.890e-05 data=1.497e-05 best=1.927e-03 lr=3.28e-04
2026-02-14 12:04:54,220 | INFO | [Inverse][gaussian|pts=800|noise=2%] epoch=10299/11999 total=1.908e-03 pde=2.359e-04 bc=1.820e-05 data=1.490e-05 best=1.908e-03 lr=3.28e-04
2026-02-14 12:04:55,806 | INFO | [Inverse][gaussian|pts=800|noise=2%] epoch=10399/11999 total=1.918e-03 pde=2.316e-04 bc=2.003e-05 data=1.486e-05 best=1.903e-03 lr=3.28e-04
2026-02-14 12:04:57,357 | INFO | [Inverse][gaussian|pts=800|noise=2%] checkpoint saved at epoch=10499 -> outputs_refactor\full_matrix_rerun_20260214_112937\checkpoints\gaussian\inverse_pts_800_noise_2_last.pth
2026-02-14 12:04:57,358 | INFO | [Inverse][gaussian|pts=800|noise=2%] epoch=10499/11999 total=2.145e-03 pde=2.346e-04 bc=1.955e-05 data=1.715e-05 best=1.870e-03 lr=3.28e-04
2026-02-14 12:04:58,803 | INFO | [Inverse][gaussian|pts=800|noise=2%] epoch=10599/11999 total=1.890e-03 pde=2.219e-04 bc=1.736e-05 data=1.494e-05 best=1.854e-03 lr=3.28e-04
2026-02-14 12:05:00,282 | INFO | [Inverse][gaussian|pts=800|noise=2%] epoch=10699/11999 total=1.830e-03 pde=2.153e-04 bc=1.768e-05 data=1.438e-05 best=1.830e-03 lr=3.28e-04
2026-02-14 12:05:01,701 | INFO | [Inverse][gaussian|pts=800|noise=2%] epoch=10799/11999 total=1.825e-03 pde=2.110e-04 bc=1.821e-05 data=1.431e-05 best=1.818e-03 lr=3.28e-04
2026-02-14 12:05:03,146 | INFO | [Inverse][gaussian|pts=800|noise=2%] epoch=10899/11999 total=1.830e-03 pde=2.075e-04 bc=1.750e-05 data=1.447e-05 best=1.807e-03 lr=3.28e-04
2026-02-14 12:05:04,612 | INFO | [Inverse][gaussian|pts=800|noise=2%] checkpoint saved at epoch=10999 -> outputs_refactor\full_matrix_rerun_20260214_112937\checkpoints\gaussian\inverse_pts_800_noise_2_last.pth
2026-02-14 12:05:04,612 | INFO | [Inverse][gaussian|pts=800|noise=2%] epoch=10999/11999 total=1.949e-03 pde=2.078e-04 bc=1.940e-05 data=1.547e-05 best=1.797e-03 lr=3.28e-04
2026-02-14 12:05:06,076 | INFO | [Inverse][gaussian|pts=800|noise=2%] epoch=11099/11999 total=1.776e-03 pde=1.977e-04 bc=1.666e-05 data=1.412e-05 best=1.767e-03 lr=3.28e-04
2026-02-14 12:05:07,488 | INFO | [Inverse][gaussian|pts=800|noise=2%] epoch=11199/11999 total=1.774e-03 pde=1.940e-04 bc=1.753e-05 data=1.404e-05 best=1.763e-03 lr=3.28e-04
2026-02-14 12:05:08,907 | INFO | [Inverse][gaussian|pts=800|noise=2%] epoch=11299/11999 total=1.750e-03 pde=1.898e-04 bc=1.527e-05 data=1.407e-05 best=1.742e-03 lr=3.28e-04
2026-02-14 12:05:10,334 | INFO | [Inverse][gaussian|pts=800|noise=2%] epoch=11399/11999 total=1.732e-03 pde=1.854e-04 bc=1.604e-05 data=1.386e-05 best=1.727e-03 lr=3.28e-04
2026-02-14 12:05:11,790 | INFO | [Inverse][gaussian|pts=800|noise=2%] checkpoint saved at epoch=11499 -> outputs_refactor\full_matrix_rerun_20260214_112937\checkpoints\gaussian\inverse_pts_800_noise_2_last.pth
2026-02-14 12:05:11,790 | INFO | [Inverse][gaussian|pts=800|noise=2%] epoch=11499/11999 total=1.907e-03 pde=1.853e-04 bc=1.717e-05 data=1.550e-05 best=1.715e-03 lr=3.28e-04
2026-02-14 12:05:13,287 | INFO | [Inverse][gaussian|pts=800|noise=2%] epoch=11599/11999 total=1.718e-03 pde=1.778e-04 bc=1.578e-05 data=1.383e-05 best=1.714e-03 lr=3.28e-04
2026-02-14 12:05:14,772 | INFO | [Inverse][gaussian|pts=800|noise=2%] epoch=11699/11999 total=1.876e-03 pde=1.807e-04 bc=1.844e-05 data=1.511e-05 best=1.680e-03 lr=3.28e-04
2026-02-14 12:05:16,201 | INFO | [Inverse][gaussian|pts=800|noise=2%] epoch=11799/11999 total=1.660e-03 pde=1.703e-04 bc=1.513e-05 data=1.339e-05 best=1.660e-03 lr=3.28e-04
2026-02-14 12:05:17,628 | INFO | [Inverse][gaussian|pts=800|noise=2%] epoch=11899/11999 total=1.691e-03 pde=1.684e-04 bc=1.567e-05 data=1.366e-05 best=1.655e-03 lr=3.28e-04
2026-02-14 12:05:19,068 | INFO | [Inverse][gaussian|pts=800|noise=2%] checkpoint saved at epoch=11999 -> outputs_refactor\full_matrix_rerun_20260214_112937\checkpoints\gaussian\inverse_pts_800_noise_2_last.pth
2026-02-14 12:05:19,068 | INFO | [Inverse][gaussian|pts=800|noise=2%] epoch=11999/11999 total=1.828e-03 pde=1.710e-04 bc=1.720e-05 data=1.485e-05 best=1.646e-03 lr=3.28e-04
2026-02-14 12:05:19,662 | INFO | [Inverse][pts_800_noise_5] start training charge=gaussian points=800 noise=5%
2026-02-14 12:05:19,689 | INFO | [Inverse][gaussian|pts=800|noise=5%] epoch=0/11999 total=5.674e+00 pde=6.565e-02 bc=6.308e-04 data=5.602e-02 best=5.674e+00 lr=1.00e-03
2026-02-14 12:05:21,438 | INFO | [Inverse][gaussian|pts=800|noise=5%] epoch=99/11999 total=6.367e-01 pde=2.810e-01 bc=1.796e-03 data=3.378e-03 best=6.367e-01 lr=1.00e-03
2026-02-14 12:05:23,187 | INFO | [Inverse][gaussian|pts=800|noise=5%] epoch=199/11999 total=3.022e-01 pde=6.441e-02 bc=1.101e-03 data=2.267e-03 best=2.850e-01 lr=1.00e-03
2026-02-14 12:05:24,789 | INFO | [Inverse][gaussian|pts=800|noise=5%] epoch=299/11999 total=1.978e-01 pde=2.851e-02 bc=9.211e-04 data=1.600e-03 best=1.965e-01 lr=1.00e-03
2026-02-14 12:05:26,411 | INFO | [Inverse][gaussian|pts=800|noise=5%] epoch=399/11999 total=1.530e-01 pde=2.443e-02 bc=1.217e-03 data=1.164e-03 best=1.414e-01 lr=1.00e-03
2026-02-14 12:05:27,885 | INFO | [Inverse][gaussian|pts=800|noise=5%] checkpoint saved at epoch=499 -> outputs_refactor\full_matrix_rerun_20260214_112937\checkpoints\gaussian\inverse_pts_800_noise_5_last.pth
2026-02-14 12:05:27,885 | INFO | [Inverse][gaussian|pts=800|noise=5%] epoch=499/11999 total=1.268e-01 pde=2.577e-02 bc=2.773e-04 data=9.828e-04 best=1.179e-01 lr=1.00e-03
2026-02-14 12:05:29,390 | INFO | [Inverse][gaussian|pts=800|noise=5%] epoch=599/11999 total=1.075e-01 pde=2.449e-02 bc=5.027e-04 data=7.800e-04 best=1.005e-01 lr=1.00e-03
2026-02-14 12:05:30,860 | INFO | [Inverse][gaussian|pts=800|noise=5%] epoch=699/11999 total=8.690e-02 pde=2.012e-02 bc=3.378e-04 data=6.341e-04 best=8.536e-02 lr=1.00e-03
2026-02-14 12:05:32,342 | INFO | [Inverse][gaussian|pts=800|noise=5%] epoch=799/11999 total=9.603e-02 pde=1.698e-02 bc=3.089e-04 data=7.596e-04 best=7.284e-02 lr=1.00e-03
2026-02-14 12:05:33,818 | INFO | [Inverse][gaussian|pts=800|noise=5%] epoch=899/11999 total=1.090e-01 pde=1.426e-02 bc=6.722e-04 data=8.802e-04 best=6.074e-02 lr=1.00e-03
2026-02-14 12:05:35,260 | INFO | [Inverse][gaussian|pts=800|noise=5%] checkpoint saved at epoch=999 -> outputs_refactor\full_matrix_rerun_20260214_112937\checkpoints\gaussian\inverse_pts_800_noise_5_last.pth
2026-02-14 12:05:35,260 | INFO | [Inverse][gaussian|pts=800|noise=5%] epoch=999/11999 total=5.829e-02 pde=1.156e-02 bc=2.675e-04 data=4.405e-04 best=5.376e-02 lr=1.00e-03
2026-02-14 12:05:36,715 | INFO | [Inverse][gaussian|pts=800|noise=5%] epoch=1099/11999 total=4.610e-02 pde=9.560e-03 bc=1.772e-04 data=3.477e-04 best=4.556e-02 lr=1.00e-03
2026-02-14 12:05:38,194 | INFO | [Inverse][gaussian|pts=800|noise=5%] epoch=1199/11999 total=3.677e-02 pde=7.763e-03 bc=1.286e-04 data=2.772e-04 best=3.608e-02 lr=1.00e-03
2026-02-14 12:05:39,789 | INFO | [Inverse][gaussian|pts=800|noise=5%] epoch=1299/11999 total=3.276e-02 pde=6.299e-03 bc=7.641e-05 data=2.570e-04 best=2.985e-02 lr=1.00e-03
2026-02-14 12:05:41,325 | INFO | [Inverse][gaussian|pts=800|noise=5%] epoch=1399/11999 total=6.277e-02 pde=6.285e-03 bc=5.677e-04 data=5.080e-04 best=2.643e-02 lr=1.00e-03
2026-02-14 12:05:42,784 | INFO | [Inverse][gaussian|pts=800|noise=5%] checkpoint saved at epoch=1499 -> outputs_refactor\full_matrix_rerun_20260214_112937\checkpoints\gaussian\inverse_pts_800_noise_5_last.pth
2026-02-14 12:05:42,784 | INFO | [Inverse][gaussian|pts=800|noise=5%] epoch=1499/11999 total=3.077e-02 pde=4.585e-03 bc=1.166e-04 data=2.502e-04 best=2.482e-02 lr=1.00e-03
2026-02-14 12:05:44,217 | INFO | [Inverse][gaussian|pts=800|noise=5%] epoch=1599/11999 total=2.812e-02 pde=4.137e-03 bc=1.250e-04 data=2.273e-04 best=2.401e-02 lr=1.00e-03
2026-02-14 12:05:45,621 | INFO | [Inverse][gaussian|pts=800|noise=5%] epoch=1699/11999 total=2.509e-02 pde=3.935e-03 bc=1.262e-04 data=1.990e-04 best=2.282e-02 lr=1.00e-03
2026-02-14 12:05:47,055 | INFO | [Inverse][gaussian|pts=800|noise=5%] epoch=1799/11999 total=2.870e-02 pde=3.391e-03 bc=1.891e-04 data=2.342e-04 best=1.922e-02 lr=1.00e-03
2026-02-14 12:05:48,466 | INFO | [Inverse][gaussian|pts=800|noise=5%] epoch=1899/11999 total=2.172e-02 pde=2.900e-03 bc=1.172e-04 data=1.764e-04 best=1.922e-02 lr=1.00e-03
2026-02-14 12:05:49,924 | INFO | [Inverse][gaussian|pts=800|noise=5%] checkpoint saved at epoch=1999 -> outputs_refactor\full_matrix_rerun_20260214_112937\checkpoints\gaussian\inverse_pts_800_noise_5_last.pth
2026-02-14 12:05:49,924 | INFO | [Inverse][gaussian|pts=800|noise=5%] epoch=1999/11999 total=2.450e-02 pde=2.729e-03 bc=1.663e-04 data=2.011e-04 best=1.922e-02 lr=1.00e-03
2026-02-14 12:05:51,357 | INFO | [Inverse][gaussian|pts=800|noise=5%] epoch=2099/11999 total=2.208e-02 pde=2.482e-03 bc=1.362e-04 data=1.824e-04 best=1.922e-02 lr=1.00e-03
2026-02-14 12:05:52,812 | INFO | [Inverse][gaussian|pts=800|noise=5%] epoch=2199/11999 total=1.941e-02 pde=2.266e-03 bc=1.114e-04 data=1.603e-04 best=1.841e-02 lr=1.00e-03
2026-02-14 12:05:54,331 | INFO | [Inverse][gaussian|pts=800|noise=5%] epoch=2299/11999 total=1.750e-02 pde=2.081e-03 bc=9.426e-05 data=1.448e-04 best=1.663e-02 lr=1.00e-03
2026-02-14 12:05:55,755 | INFO | [Inverse][gaussian|pts=800|noise=5%] epoch=2399/11999 total=1.945e-02 pde=2.009e-03 bc=1.247e-04 data=1.620e-04 best=1.663e-02 lr=1.00e-03
2026-02-14 12:05:57,230 | INFO | [Inverse][gaussian|pts=800|noise=5%] checkpoint saved at epoch=2499 -> outputs_refactor\full_matrix_rerun_20260214_112937\checkpoints\gaussian\inverse_pts_800_noise_5_last.pth
2026-02-14 12:05:57,231 | INFO | [Inverse][gaussian|pts=800|noise=5%] epoch=2499/11999 total=1.738e-02 pde=1.852e-03 bc=1.036e-04 data=1.450e-04 best=1.651e-02 lr=1.00e-03
2026-02-14 12:05:58,694 | INFO | [Inverse][gaussian|pts=800|noise=5%] epoch=2599/11999 total=1.898e-02 pde=1.791e-03 bc=1.314e-04 data=1.588e-04 best=1.594e-02 lr=1.00e-03
2026-02-14 12:06:00,101 | INFO | [Inverse][gaussian|pts=800|noise=5%] epoch=2699/11999 total=1.835e-02 pde=1.674e-03 bc=1.357e-04 data=1.532e-04 best=1.594e-02 lr=1.00e-03
2026-02-14 12:06:01,520 | INFO | [Inverse][gaussian|pts=800|noise=5%] epoch=2799/11999 total=1.683e-02 pde=1.524e-03 bc=1.299e-04 data=1.400e-04 best=1.594e-02 lr=1.00e-03
2026-02-14 12:06:02,959 | INFO | [Inverse][gaussian|pts=800|noise=5%] epoch=2899/11999 total=2.669e-02 pde=1.633e-03 bc=2.721e-04 data=2.234e-04 best=1.320e-02 lr=1.00e-03
2026-02-14 12:06:04,374 | INFO | [Inverse][gaussian|pts=800|noise=5%] checkpoint saved at epoch=2999 -> outputs_refactor\full_matrix_rerun_20260214_112937\checkpoints\gaussian\inverse_pts_800_noise_5_last.pth
2026-02-14 12:06:04,374 | INFO | [Inverse][gaussian|pts=800|noise=5%] epoch=2999/11999 total=2.505e-02 pde=1.543e-03 bc=2.588e-04 data=2.092e-04 best=1.320e-02 lr=1.00e-03
2026-02-14 12:06:05,784 | INFO | [Inverse][gaussian|pts=800|noise=5%] epoch=3099/11999 total=2.361e-02 pde=1.457e-03 bc=2.377e-04 data=1.978e-04 best=1.320e-02 lr=1.00e-03
2026-02-14 12:06:07,223 | INFO | [Inverse][gaussian|pts=800|noise=5%] epoch=3199/11999 total=1.966e-02 pde=1.333e-03 bc=1.771e-04 data=1.656e-04 best=1.320e-02 lr=1.00e-03
2026-02-14 12:06:08,635 | INFO | [Inverse][gaussian|pts=800|noise=5%] epoch=3299/11999 total=1.817e-02 pde=1.256e-03 bc=1.606e-04 data=1.531e-04 best=1.320e-02 lr=1.00e-03
2026-02-14 12:06:10,086 | INFO | [Inverse][gaussian|pts=800|noise=5%] epoch=3399/11999 total=1.413e-02 pde=1.136e-03 bc=1.055e-04 data=1.194e-04 best=1.317e-02 lr=8.00e-04
2026-02-14 12:06:11,521 | INFO | [Inverse][gaussian|pts=800|noise=5%] checkpoint saved at epoch=3499 -> outputs_refactor\full_matrix_rerun_20260214_112937\checkpoints\gaussian\inverse_pts_800_noise_5_last.pth
2026-02-14 12:06:11,521 | INFO | [Inverse][gaussian|pts=800|noise=5%] epoch=3499/11999 total=1.497e-02 pde=1.131e-03 bc=1.258e-04 data=1.258e-04 best=1.317e-02 lr=8.00e-04
2026-02-14 12:06:12,956 | INFO | [Inverse][gaussian|pts=800|noise=5%] epoch=3599/11999 total=1.468e-02 pde=1.105e-03 bc=1.259e-04 data=1.231e-04 best=1.317e-02 lr=8.00e-04
2026-02-14 12:06:14,371 | INFO | [Inverse][gaussian|pts=800|noise=5%] epoch=3699/11999 total=1.418e-02 pde=1.075e-03 bc=1.207e-04 data=1.190e-04 best=1.317e-02 lr=8.00e-04
2026-02-14 12:06:15,813 | INFO | [Inverse][gaussian|pts=800|noise=5%] epoch=3799/11999 total=1.353e-02 pde=1.040e-03 bc=1.122e-04 data=1.137e-04 best=1.294e-02 lr=8.00e-04
2026-02-14 12:06:17,331 | INFO | [Inverse][gaussian|pts=800|noise=5%] epoch=3899/11999 total=1.279e-02 pde=1.003e-03 bc=1.017e-04 data=1.077e-04 best=1.228e-02 lr=8.00e-04
2026-02-14 12:06:18,838 | INFO | [Inverse][gaussian|pts=800|noise=5%] checkpoint saved at epoch=3999 -> outputs_refactor\full_matrix_rerun_20260214_112937\checkpoints\gaussian\inverse_pts_800_noise_5_last.pth
2026-02-14 12:06:18,838 | INFO | [Inverse][gaussian|pts=800|noise=5%] epoch=3999/11999 total=1.161e-02 pde=9.733e-04 bc=7.526e-05 data=9.885e-05 best=1.156e-02 lr=8.00e-04
2026-02-14 12:06:20,285 | INFO | [Inverse][gaussian|pts=800|noise=5%] epoch=4099/11999 total=3.268e-02 pde=3.819e-03 bc=1.904e-04 data=2.696e-04 best=1.019e-02 lr=8.00e-04
2026-02-14 12:06:21,709 | INFO | [Inverse][gaussian|pts=800|noise=5%] epoch=4199/11999 total=1.413e-02 pde=9.630e-04 bc=1.274e-04 data=1.190e-04 best=1.019e-02 lr=8.00e-04
2026-02-14 12:06:23,137 | INFO | [Inverse][gaussian|pts=800|noise=5%] epoch=4299/11999 total=1.475e-02 pde=9.787e-04 bc=1.368e-04 data=1.240e-04 best=1.019e-02 lr=8.00e-04
2026-02-14 12:06:24,547 | INFO | [Inverse][gaussian|pts=800|noise=5%] epoch=4399/11999 total=1.371e-02 pde=9.865e-04 bc=7.713e-05 data=1.195e-04 best=1.018e-02 lr=8.00e-04
2026-02-14 12:06:25,970 | INFO | [Inverse][gaussian|pts=800|noise=5%] checkpoint saved at epoch=4499 -> outputs_refactor\full_matrix_rerun_20260214_112937\checkpoints\gaussian\inverse_pts_800_noise_5_last.pth
2026-02-14 12:06:25,971 | INFO | [Inverse][gaussian|pts=800|noise=5%] epoch=4499/11999 total=1.519e-02 pde=1.020e-03 bc=1.015e-04 data=1.316e-04 best=1.018e-02 lr=8.00e-04
2026-02-14 12:06:27,382 | INFO | [Inverse][gaussian|pts=800|noise=5%] epoch=4599/11999 total=1.421e-02 pde=9.649e-04 bc=8.944e-05 data=1.235e-04 best=1.018e-02 lr=8.00e-04
2026-02-14 12:06:28,808 | INFO | [Inverse][gaussian|pts=800|noise=5%] epoch=4699/11999 total=1.405e-02 pde=9.465e-04 bc=8.832e-05 data=1.223e-04 best=1.018e-02 lr=8.00e-04
2026-02-14 12:06:30,237 | INFO | [Inverse][gaussian|pts=800|noise=5%] epoch=4799/11999 total=1.425e-02 pde=9.448e-04 bc=9.208e-05 data=1.239e-04 best=1.018e-02 lr=8.00e-04
2026-02-14 12:06:31,660 | INFO | [Inverse][gaussian|pts=800|noise=5%] epoch=4899/11999 total=1.136e-02 pde=8.322e-04 bc=6.299e-05 data=9.896e-05 best=9.796e-03 lr=6.40e-04
2026-02-14 12:06:33,095 | INFO | [Inverse][gaussian|pts=800|noise=5%] checkpoint saved at epoch=4999 -> outputs_refactor\full_matrix_rerun_20260214_112937\checkpoints\gaussian\inverse_pts_800_noise_5_last.pth
2026-02-14 12:06:33,095 | INFO | [Inverse][gaussian|pts=800|noise=5%] epoch=4999/11999 total=1.170e-02 pde=8.367e-04 bc=6.628e-05 data=1.020e-04 best=9.796e-03 lr=6.40e-04
2026-02-14 12:06:34,521 | INFO | [Inverse][gaussian|pts=800|noise=5%] epoch=5099/11999 total=1.145e-02 pde=8.169e-04 bc=6.148e-05 data=1.001e-04 best=9.796e-03 lr=6.40e-04
2026-02-14 12:06:35,951 | INFO | [Inverse][gaussian|pts=800|noise=5%] epoch=5199/11999 total=1.095e-02 pde=7.869e-04 bc=5.432e-05 data=9.623e-05 best=9.796e-03 lr=6.40e-04
2026-02-14 12:06:37,359 | INFO | [Inverse][gaussian|pts=800|noise=5%] epoch=5299/11999 total=1.109e-02 pde=7.756e-04 bc=5.091e-05 data=9.805e-05 best=9.796e-03 lr=6.40e-04
2026-02-14 12:06:38,884 | INFO | [Inverse][gaussian|pts=800|noise=5%] epoch=5399/11999 total=1.016e-02 pde=7.041e-04 bc=4.041e-05 data=9.054e-05 best=8.977e-03 lr=5.12e-04
2026-02-14 12:06:40,441 | INFO | [Inverse][gaussian|pts=800|noise=5%] checkpoint saved at epoch=5499 -> outputs_refactor\full_matrix_rerun_20260214_112937\checkpoints\gaussian\inverse_pts_800_noise_5_last.pth
2026-02-14 12:06:40,441 | INFO | [Inverse][gaussian|pts=800|noise=5%] epoch=5499/11999 total=1.213e-02 pde=7.322e-04 bc=6.639e-05 data=1.073e-04 best=8.977e-03 lr=5.12e-04
2026-02-14 12:06:41,905 | INFO | [Inverse][gaussian|pts=800|noise=5%] epoch=5599/11999 total=1.139e-02 pde=7.110e-04 bc=6.277e-05 data=1.005e-04 best=8.977e-03 lr=5.12e-04
2026-02-14 12:06:43,324 | INFO | [Inverse][gaussian|pts=800|noise=5%] epoch=5699/11999 total=1.075e-02 pde=6.876e-04 bc=5.871e-05 data=9.471e-05 best=8.977e-03 lr=5.12e-04
2026-02-14 12:06:44,761 | INFO | [Inverse][gaussian|pts=800|noise=5%] epoch=5799/11999 total=1.027e-02 pde=6.629e-04 bc=5.365e-05 data=9.067e-05 best=8.977e-03 lr=5.12e-04
2026-02-14 12:06:46,215 | INFO | [Inverse][gaussian|pts=800|noise=5%] epoch=5899/11999 total=9.816e-03 pde=6.378e-04 bc=4.632e-05 data=8.715e-05 best=8.977e-03 lr=4.10e-04
2026-02-14 12:06:47,662 | INFO | [Inverse][gaussian|pts=800|noise=5%] checkpoint saved at epoch=5999 -> outputs_refactor\full_matrix_rerun_20260214_112937\checkpoints\gaussian\inverse_pts_800_noise_5_last.pth
2026-02-14 12:06:47,662 | INFO | [Inverse][gaussian|pts=800|noise=5%] epoch=5999/11999 total=9.497e-03 pde=6.142e-04 bc=3.853e-05 data=8.498e-05 best=8.977e-03 lr=4.10e-04
2026-02-14 12:06:49,073 | INFO | [Inverse][gaussian|pts=800|noise=5%] epoch=6099/11999 total=9.918e-03 pde=5.927e-04 bc=2.811e-05 data=9.044e-05 best=8.924e-03 lr=4.10e-04
2026-02-14 12:06:50,544 | INFO | [Inverse][gaussian|pts=800|noise=5%] epoch=6199/11999 total=9.909e-03 pde=5.735e-04 bc=2.573e-05 data=9.078e-05 best=8.601e-03 lr=4.10e-04
2026-02-14 12:06:51,960 | INFO | [Inverse][gaussian|pts=800|noise=5%] epoch=6299/11999 total=9.588e-03 pde=5.527e-04 bc=2.431e-05 data=8.793e-05 best=8.547e-03 lr=4.10e-04
2026-02-14 12:06:53,376 | INFO | [Inverse][gaussian|pts=800|noise=5%] epoch=6399/11999 total=8.748e-03 pde=5.729e-04 bc=4.266e-05 data=7.748e-05 best=8.227e-03 lr=4.10e-04
2026-02-14 12:06:54,798 | INFO | [Inverse][gaussian|pts=800|noise=5%] checkpoint saved at epoch=6499 -> outputs_refactor\full_matrix_rerun_20260214_112937\checkpoints\gaussian\inverse_pts_800_noise_5_last.pth
2026-02-14 12:06:54,799 | INFO | [Inverse][gaussian|pts=800|noise=5%] epoch=6499/11999 total=8.931e-03 pde=6.355e-04 bc=3.823e-05 data=7.913e-05 best=8.227e-03 lr=4.10e-04
2026-02-14 12:06:56,231 | INFO | [Inverse][gaussian|pts=800|noise=5%] epoch=6599/11999 total=9.701e-03 pde=5.516e-04 bc=5.657e-05 data=8.584e-05 best=8.227e-03 lr=4.10e-04
2026-02-14 12:06:57,648 | INFO | [Inverse][gaussian|pts=800|noise=5%] epoch=6699/11999 total=9.192e-03 pde=5.271e-04 bc=4.877e-05 data=8.177e-05 best=8.227e-03 lr=4.10e-04
2026-02-14 12:06:59,067 | INFO | [Inverse][gaussian|pts=800|noise=5%] epoch=6799/11999 total=8.778e-03 pde=5.055e-04 bc=4.240e-05 data=7.849e-05 best=8.227e-03 lr=4.10e-04
2026-02-14 12:07:00,465 | INFO | [Inverse][gaussian|pts=800|noise=5%] epoch=6899/11999 total=9.070e-03 pde=5.078e-04 bc=4.662e-05 data=8.096e-05 best=8.089e-03 lr=3.28e-04
2026-02-14 12:07:01,921 | INFO | [Inverse][gaussian|pts=800|noise=5%] checkpoint saved at epoch=6999 -> outputs_refactor\full_matrix_rerun_20260214_112937\checkpoints\gaussian\inverse_pts_800_noise_5_last.pth
2026-02-14 12:07:01,921 | INFO | [Inverse][gaussian|pts=800|noise=5%] epoch=6999/11999 total=8.626e-03 pde=4.858e-04 bc=3.986e-05 data=7.742e-05 best=8.089e-03 lr=3.28e-04
2026-02-14 12:07:03,313 | INFO | [Inverse][gaussian|pts=800|noise=5%] epoch=7099/11999 total=8.367e-03 pde=4.703e-04 bc=3.583e-05 data=7.538e-05 best=8.089e-03 lr=3.28e-04
2026-02-14 12:07:04,723 | INFO | [Inverse][gaussian|pts=800|noise=5%] epoch=7199/11999 total=8.169e-03 pde=4.568e-04 bc=3.278e-05 data=7.384e-05 best=8.089e-03 lr=3.28e-04
2026-02-14 12:07:06,122 | INFO | [Inverse][gaussian|pts=800|noise=5%] epoch=7299/11999 total=8.343e-03 pde=4.571e-04 bc=3.525e-05 data=7.534e-05 best=8.089e-03 lr=3.28e-04
2026-02-14 12:07:07,556 | INFO | [Inverse][gaussian|pts=800|noise=5%] epoch=7399/11999 total=8.154e-03 pde=4.445e-04 bc=3.271e-05 data=7.383e-05 best=8.005e-03 lr=2.62e-04
2026-02-14 12:07:09,004 | INFO | [Inverse][gaussian|pts=800|noise=5%] checkpoint saved at epoch=7499 -> outputs_refactor\full_matrix_rerun_20260214_112937\checkpoints\gaussian\inverse_pts_800_noise_5_last.pth
2026-02-14 12:07:09,004 | INFO | [Inverse][gaussian|pts=800|noise=5%] epoch=7499/11999 total=8.063e-03 pde=4.351e-04 bc=3.218e-05 data=7.306e-05 best=8.005e-03 lr=2.62e-04
2026-02-14 12:07:10,501 | INFO | [Inverse][gaussian|pts=800|noise=5%] epoch=7599/11999 total=8.043e-03 pde=4.281e-04 bc=3.272e-05 data=7.287e-05 best=7.874e-03 lr=2.62e-04
2026-02-14 12:07:11,936 | INFO | [Inverse][gaussian|pts=800|noise=5%] epoch=7699/11999 total=8.056e-03 pde=4.219e-04 bc=3.384e-05 data=7.296e-05 best=7.874e-03 lr=2.62e-04
2026-02-14 12:07:13,356 | INFO | [Inverse][gaussian|pts=800|noise=5%] epoch=7799/11999 total=8.231e-03 pde=4.260e-04 bc=3.345e-05 data=7.470e-05 best=7.757e-03 lr=2.62e-04
2026-02-14 12:07:14,765 | INFO | [Inverse][gaussian|pts=800|noise=5%] epoch=7899/11999 total=8.517e-03 pde=4.313e-04 bc=3.830e-05 data=7.702e-05 best=7.757e-03 lr=2.62e-04
2026-02-14 12:07:16,179 | INFO | [Inverse][gaussian|pts=800|noise=5%] checkpoint saved at epoch=7999 -> outputs_refactor\full_matrix_rerun_20260214_112937\checkpoints\gaussian\inverse_pts_800_noise_5_last.pth
2026-02-14 12:07:16,179 | INFO | [Inverse][gaussian|pts=800|noise=5%] epoch=7999/11999 total=8.431e-03 pde=4.252e-04 bc=3.679e-05 data=7.638e-05 best=7.757e-03 lr=2.62e-04
2026-02-14 12:07:17,621 | INFO | [Inverse][gaussian|pts=800|noise=5%] epoch=8099/11999 total=8.360e-03 pde=4.195e-04 bc=3.553e-05 data=7.585e-05 best=7.757e-03 lr=2.62e-04
2026-02-14 12:07:19,080 | INFO | [Inverse][gaussian|pts=800|noise=5%] epoch=8199/11999 total=8.020e-03 pde=4.038e-04 bc=2.976e-05 data=7.318e-05 best=7.757e-03 lr=2.62e-04
2026-02-14 12:07:20,540 | INFO | [Inverse][gaussian|pts=800|noise=5%] epoch=8299/11999 total=7.600e-03 pde=3.878e-04 bc=2.280e-05 data=6.984e-05 best=7.596e-03 lr=2.10e-04
2026-02-14 12:07:22,262 | INFO | [Inverse][gaussian|pts=800|noise=5%] epoch=8399/11999 total=7.572e-03 pde=3.837e-04 bc=2.270e-05 data=6.961e-05 best=7.572e-03 lr=2.10e-04
2026-02-14 12:07:24,091 | INFO | [Inverse][gaussian|pts=800|noise=5%] checkpoint saved at epoch=8499 -> outputs_refactor\full_matrix_rerun_20260214_112937\checkpoints\gaussian\inverse_pts_800_noise_5_last.pth
2026-02-14 12:07:24,092 | INFO | [Inverse][gaussian|pts=800|noise=5%] epoch=8499/11999 total=7.549e-03 pde=3.795e-04 bc=2.240e-05 data=6.945e-05 best=7.549e-03 lr=2.10e-04
2026-02-14 12:07:25,935 | INFO | [Inverse][gaussian|pts=800|noise=5%] epoch=8599/11999 total=7.526e-03 pde=3.751e-04 bc=2.210e-05 data=6.930e-05 best=7.526e-03 lr=2.10e-04
2026-02-14 12:07:27,729 | INFO | [Inverse][gaussian|pts=800|noise=5%] epoch=8699/11999 total=7.503e-03 pde=3.707e-04 bc=2.180e-05 data=6.915e-05 best=7.503e-03 lr=2.10e-04
2026-02-14 12:07:29,542 | INFO | [Inverse][gaussian|pts=800|noise=5%] epoch=8799/11999 total=7.481e-03 pde=3.662e-04 bc=2.150e-05 data=6.900e-05 best=7.481e-03 lr=2.10e-04
2026-02-14 12:07:31,349 | INFO | [Inverse][gaussian|pts=800|noise=5%] epoch=8899/11999 total=7.459e-03 pde=3.617e-04 bc=2.120e-05 data=6.885e-05 best=7.459e-03 lr=2.10e-04
2026-02-14 12:07:33,168 | INFO | [Inverse][gaussian|pts=800|noise=5%] checkpoint saved at epoch=8999 -> outputs_refactor\full_matrix_rerun_20260214_112937\checkpoints\gaussian\inverse_pts_800_noise_5_last.pth
2026-02-14 12:07:33,168 | INFO | [Inverse][gaussian|pts=800|noise=5%] epoch=8999/11999 total=7.437e-03 pde=3.573e-04 bc=2.091e-05 data=6.871e-05 best=7.437e-03 lr=2.10e-04
2026-02-14 12:07:34,983 | INFO | [Inverse][gaussian|pts=800|noise=5%] epoch=9099/11999 total=7.416e-03 pde=3.530e-04 bc=2.062e-05 data=6.857e-05 best=7.416e-03 lr=2.10e-04
2026-02-14 12:07:36,689 | INFO | [Inverse][gaussian|pts=800|noise=5%] epoch=9199/11999 total=7.395e-03 pde=3.487e-04 bc=2.027e-05 data=6.844e-05 best=7.395e-03 lr=2.10e-04
2026-02-14 12:07:38,194 | INFO | [Inverse][gaussian|pts=800|noise=5%] epoch=9299/11999 total=7.531e-03 pde=3.493e-04 bc=2.302e-05 data=6.952e-05 best=7.385e-03 lr=2.10e-04
2026-02-14 12:07:39,920 | INFO | [Inverse][gaussian|pts=800|noise=5%] epoch=9399/11999 total=7.372e-03 pde=3.411e-04 bc=2.035e-05 data=6.828e-05 best=7.368e-03 lr=2.10e-04
2026-02-14 12:07:41,543 | INFO | [Inverse][gaussian|pts=800|noise=5%] checkpoint saved at epoch=9499 -> outputs_refactor\full_matrix_rerun_20260214_112937\checkpoints\gaussian\inverse_pts_800_noise_5_last.pth
2026-02-14 12:07:41,543 | INFO | [Inverse][gaussian|pts=800|noise=5%] epoch=9499/11999 total=7.441e-03 pde=3.418e-04 bc=2.215e-05 data=6.878e-05 best=7.347e-03 lr=2.10e-04
2026-02-14 12:07:43,017 | INFO | [Inverse][gaussian|pts=800|noise=5%] epoch=9599/11999 total=7.348e-03 pde=3.346e-04 bc=2.036e-05 data=6.810e-05 best=7.330e-03 lr=2.10e-04
2026-02-14 12:07:44,450 | INFO | [Inverse][gaussian|pts=800|noise=5%] epoch=9699/11999 total=7.357e-03 pde=3.320e-04 bc=2.061e-05 data=6.819e-05 best=7.330e-03 lr=2.10e-04
2026-02-14 12:07:45,922 | INFO | [Inverse][gaussian|pts=800|noise=5%] epoch=9799/11999 total=7.366e-03 pde=3.306e-04 bc=2.010e-05 data=6.835e-05 best=7.302e-03 lr=2.10e-04
2026-02-14 12:07:47,349 | INFO | [Inverse][gaussian|pts=800|noise=5%] epoch=9899/11999 total=7.342e-03 pde=3.262e-04 bc=1.830e-05 data=6.833e-05 best=7.285e-03 lr=2.10e-04
2026-02-14 12:07:48,799 | INFO | [Inverse][gaussian|pts=800|noise=5%] checkpoint saved at epoch=9999 -> outputs_refactor\full_matrix_rerun_20260214_112937\checkpoints\gaussian\inverse_pts_800_noise_5_last.pth
2026-02-14 12:07:48,799 | INFO | [Inverse][gaussian|pts=800|noise=5%] epoch=9999/11999 total=7.308e-03 pde=3.228e-04 bc=2.013e-05 data=6.784e-05 best=7.271e-03 lr=2.10e-04
2026-02-14 12:07:50,270 | INFO | [Inverse][gaussian|pts=800|noise=5%] epoch=10099/11999 total=7.269e-03 pde=3.198e-04 bc=1.826e-05 data=6.766e-05 best=7.251e-03 lr=2.10e-04
2026-02-14 12:07:51,732 | INFO | [Inverse][gaussian|pts=800|noise=5%] epoch=10199/11999 total=7.270e-03 pde=3.169e-04 bc=2.015e-05 data=6.752e-05 best=7.244e-03 lr=2.10e-04
2026-02-14 12:07:53,156 | INFO | [Inverse][gaussian|pts=800|noise=5%] epoch=10299/11999 total=7.238e-03 pde=3.144e-04 bc=1.844e-05 data=6.739e-05 best=7.231e-03 lr=2.10e-04
2026-02-14 12:07:54,614 | INFO | [Inverse][gaussian|pts=800|noise=5%] epoch=10399/11999 total=7.361e-03 pde=3.175e-04 bc=2.044e-05 data=6.839e-05 best=7.218e-03 lr=2.10e-04
2026-02-14 12:07:56,056 | INFO | [Inverse][gaussian|pts=800|noise=5%] checkpoint saved at epoch=10499 -> outputs_refactor\full_matrix_rerun_20260214_112937\checkpoints\gaussian\inverse_pts_800_noise_5_last.pth
2026-02-14 12:07:56,057 | INFO | [Inverse][gaussian|pts=800|noise=5%] epoch=10499/11999 total=7.219e-03 pde=3.100e-04 bc=1.823e-05 data=6.727e-05 best=7.206e-03 lr=2.10e-04
2026-02-14 12:07:57,517 | INFO | [Inverse][gaussian|pts=800|noise=5%] epoch=10599/11999 total=7.351e-03 pde=3.155e-04 bc=1.798e-05 data=6.856e-05 best=7.199e-03 lr=2.10e-04
2026-02-14 12:07:58,955 | INFO | [Inverse][gaussian|pts=800|noise=5%] epoch=10699/11999 total=7.191e-03 pde=3.051e-04 bc=1.725e-05 data=6.714e-05 best=7.182e-03 lr=2.10e-04
2026-02-14 12:08:00,395 | INFO | [Inverse][gaussian|pts=800|noise=5%] epoch=10799/11999 total=7.191e-03 pde=3.031e-04 bc=1.791e-05 data=6.709e-05 best=7.171e-03 lr=2.10e-04
2026-02-14 12:08:01,864 | INFO | [Inverse][gaussian|pts=800|noise=5%] epoch=10899/11999 total=7.171e-03 pde=3.009e-04 bc=1.785e-05 data=6.691e-05 best=7.161e-03 lr=2.10e-04
2026-02-14 12:08:03,288 | INFO | [Inverse][gaussian|pts=800|noise=5%] checkpoint saved at epoch=10999 -> outputs_refactor\full_matrix_rerun_20260214_112937\checkpoints\gaussian\inverse_pts_800_noise_5_last.pth
2026-02-14 12:08:03,289 | INFO | [Inverse][gaussian|pts=800|noise=5%] epoch=10999/11999 total=7.201e-03 pde=3.006e-04 bc=1.757e-05 data=6.724e-05 best=7.151e-03 lr=2.10e-04
2026-02-14 12:08:04,741 | INFO | [Inverse][gaussian|pts=800|noise=5%] epoch=11099/11999 total=7.168e-03 pde=2.974e-04 bc=1.750e-05 data=6.696e-05 best=7.139e-03 lr=2.10e-04
2026-02-14 12:08:06,179 | INFO | [Inverse][gaussian|pts=800|noise=5%] epoch=11199/11999 total=7.230e-03 pde=2.985e-04 bc=1.981e-05 data=6.733e-05 best=7.132e-03 lr=2.10e-04
2026-02-14 12:08:07,622 | INFO | [Inverse][gaussian|pts=800|noise=5%] epoch=11299/11999 total=7.174e-03 pde=2.942e-04 bc=1.670e-05 data=6.713e-05 best=7.122e-03 lr=2.10e-04
2026-02-14 12:08:09,082 | INFO | [Inverse][gaussian|pts=800|noise=5%] epoch=11399/11999 total=7.126e-03 pde=2.908e-04 bc=1.649e-05 data=6.671e-05 best=7.112e-03 lr=2.10e-04
2026-02-14 12:08:10,558 | INFO | [Inverse][gaussian|pts=800|noise=5%] checkpoint saved at epoch=11499 -> outputs_refactor\full_matrix_rerun_20260214_112937\checkpoints\gaussian\inverse_pts_800_noise_5_last.pth
2026-02-14 12:08:10,559 | INFO | [Inverse][gaussian|pts=800|noise=5%] epoch=11499/11999 total=7.103e-03 pde=2.883e-04 bc=1.671e-05 data=6.647e-05 best=7.102e-03 lr=2.10e-04
2026-02-14 12:08:12,022 | INFO | [Inverse][gaussian|pts=800|noise=5%] epoch=11599/11999 total=7.116e-03 pde=2.871e-04 bc=1.740e-05 data=6.655e-05 best=7.095e-03 lr=2.10e-04
2026-02-14 12:08:13,459 | INFO | [Inverse][gaussian|pts=800|noise=5%] epoch=11699/11999 total=7.109e-03 pde=2.855e-04 bc=1.615e-05 data=6.662e-05 best=7.085e-03 lr=2.10e-04
2026-02-14 12:08:14,878 | INFO | [Inverse][gaussian|pts=800|noise=5%] epoch=11799/11999 total=7.092e-03 pde=2.833e-04 bc=1.657e-05 data=6.643e-05 best=7.085e-03 lr=2.10e-04
2026-02-14 12:08:16,326 | INFO | [Inverse][gaussian|pts=800|noise=5%] epoch=11899/11999 total=7.156e-03 pde=2.833e-04 bc=1.858e-05 data=6.687e-05 best=7.070e-03 lr=2.10e-04
2026-02-14 12:08:17,774 | INFO | [Inverse][gaussian|pts=800|noise=5%] checkpoint saved at epoch=11999 -> outputs_refactor\full_matrix_rerun_20260214_112937\checkpoints\gaussian\inverse_pts_800_noise_5_last.pth
2026-02-14 12:08:17,775 | INFO | [Inverse][gaussian|pts=800|noise=5%] epoch=11999/11999 total=7.198e-03 pde=2.862e-04 bc=1.895e-05 data=6.722e-05 best=7.065e-03 lr=2.10e-04
2026-02-14 12:08:18,371 | INFO | [Inverse][pts_1500_noise_0] start training charge=gaussian points=1500 noise=0%
2026-02-14 12:08:18,395 | INFO | [Inverse][gaussian|pts=1500|noise=0%] epoch=0/11999 total=9.171e+00 pde=5.109e-02 bc=5.493e-02 data=8.571e-02 best=9.171e+00 lr=1.00e-03
2026-02-14 12:08:20,120 | INFO | [Inverse][gaussian|pts=1500|noise=0%] epoch=99/11999 total=5.276e-01 pde=2.248e-01 bc=1.496e-03 data=2.878e-03 best=5.276e-01 lr=1.00e-03
2026-02-14 12:08:21,828 | INFO | [Inverse][gaussian|pts=1500|noise=0%] epoch=199/11999 total=2.705e-01 pde=5.084e-02 bc=1.151e-03 data=2.081e-03 best=2.656e-01 lr=1.00e-03
2026-02-14 12:08:23,345 | INFO | [Inverse][gaussian|pts=1500|noise=0%] epoch=299/11999 total=1.911e-01 pde=2.846e-02 bc=1.220e-03 data=1.505e-03 best=1.911e-01 lr=1.00e-03
2026-02-14 12:08:24,894 | INFO | [Inverse][gaussian|pts=1500|noise=0%] epoch=399/11999 total=1.993e-01 pde=2.095e-02 bc=1.540e-03 data=1.630e-03 best=1.355e-01 lr=1.00e-03
2026-02-14 12:08:26,403 | INFO | [Inverse][gaussian|pts=1500|noise=0%] checkpoint saved at epoch=499 -> outputs_refactor\full_matrix_rerun_20260214_112937\checkpoints\gaussian\inverse_pts_1500_noise_0_last.pth
2026-02-14 12:08:26,403 | INFO | [Inverse][gaussian|pts=1500|noise=0%] epoch=499/11999 total=1.045e-01 pde=2.035e-02 bc=7.265e-04 data=7.692e-04 best=1.019e-01 lr=1.00e-03
2026-02-14 12:08:27,947 | INFO | [Inverse][gaussian|pts=1500|noise=0%] epoch=599/11999 total=8.782e-02 pde=1.959e-02 bc=5.703e-04 data=6.253e-04 best=8.427e-02 lr=1.00e-03
2026-02-14 12:08:29,410 | INFO | [Inverse][gaussian|pts=1500|noise=0%] epoch=699/11999 total=7.720e-02 pde=1.687e-02 bc=3.085e-04 data=5.724e-04 best=7.562e-02 lr=1.00e-03
2026-02-14 12:08:30,895 | INFO | [Inverse][gaussian|pts=1500|noise=0%] epoch=799/11999 total=6.926e-02 pde=1.532e-02 bc=2.788e-04 data=5.115e-04 best=6.815e-02 lr=1.00e-03
2026-02-14 12:08:32,453 | INFO | [Inverse][gaussian|pts=1500|noise=0%] epoch=899/11999 total=5.594e-02 pde=1.372e-02 bc=2.073e-04 data=4.014e-04 best=5.565e-02 lr=1.00e-03
2026-02-14 12:08:33,949 | INFO | [Inverse][gaussian|pts=1500|noise=0%] checkpoint saved at epoch=999 -> outputs_refactor\full_matrix_rerun_20260214_112937\checkpoints\gaussian\inverse_pts_1500_noise_0_last.pth
2026-02-14 12:08:33,949 | INFO | [Inverse][gaussian|pts=1500|noise=0%] epoch=999/11999 total=4.443e-02 pde=1.096e-02 bc=1.526e-04 data=3.194e-04 best=4.426e-02 lr=1.00e-03
2026-02-14 12:08:35,467 | INFO | [Inverse][gaussian|pts=1500|noise=0%] epoch=1099/11999 total=3.619e-02 pde=9.253e-03 bc=1.228e-04 data=2.571e-04 best=3.565e-02 lr=1.00e-03
2026-02-14 12:08:36,991 | INFO | [Inverse][gaussian|pts=1500|noise=0%] epoch=1199/11999 total=3.122e-02 pde=8.515e-03 bc=1.023e-04 data=2.168e-04 best=3.066e-02 lr=1.00e-03
2026-02-14 12:08:38,466 | INFO | [Inverse][gaussian|pts=1500|noise=0%] epoch=1299/11999 total=2.671e-02 pde=7.678e-03 bc=6.410e-05 data=1.839e-04 best=2.480e-02 lr=1.00e-03
2026-02-14 12:08:40,018 | INFO | [Inverse][gaussian|pts=1500|noise=0%] epoch=1399/11999 total=2.497e-02 pde=7.151e-03 bc=8.567e-05 data=1.696e-04 best=2.453e-02 lr=1.00e-03
2026-02-14 12:08:41,605 | INFO | [Inverse][gaussian|pts=1500|noise=0%] checkpoint saved at epoch=1499 -> outputs_refactor\full_matrix_rerun_20260214_112937\checkpoints\gaussian\inverse_pts_1500_noise_0_last.pth
2026-02-14 12:08:41,605 | INFO | [Inverse][gaussian|pts=1500|noise=0%] epoch=1499/11999 total=2.697e-02 pde=6.571e-03 bc=1.440e-04 data=1.896e-04 best=2.143e-02 lr=1.00e-03
2026-02-14 12:08:43,087 | INFO | [Inverse][gaussian|pts=1500|noise=0%] epoch=1599/11999 total=1.903e-02 pde=5.904e-03 bc=6.065e-05 data=1.252e-04 best=1.903e-02 lr=1.00e-03
2026-02-14 12:08:44,526 | INFO | [Inverse][gaussian|pts=1500|noise=0%] epoch=1699/11999 total=1.894e-02 pde=5.320e-03 bc=8.725e-05 data=1.275e-04 best=1.894e-02 lr=1.00e-03
2026-02-14 12:08:45,985 | INFO | [Inverse][gaussian|pts=1500|noise=0%] epoch=1799/11999 total=1.811e-02 pde=4.737e-03 bc=1.009e-04 data=1.236e-04 best=1.811e-02 lr=1.00e-03
2026-02-14 12:08:47,519 | INFO | [Inverse][gaussian|pts=1500|noise=0%] epoch=1899/11999 total=1.603e-02 pde=4.151e-03 bc=9.436e-05 data=1.093e-04 best=1.603e-02 lr=1.00e-03
2026-02-14 12:08:49,128 | INFO | [Inverse][gaussian|pts=1500|noise=0%] checkpoint saved at epoch=1999 -> outputs_refactor\full_matrix_rerun_20260214_112937\checkpoints\gaussian\inverse_pts_1500_noise_0_last.pth
2026-02-14 12:08:49,128 | INFO | [Inverse][gaussian|pts=1500|noise=0%] epoch=1999/11999 total=1.501e-02 pde=3.621e-03 bc=1.026e-04 data=1.037e-04 best=1.501e-02 lr=1.00e-03
2026-02-14 12:08:50,666 | INFO | [Inverse][gaussian|pts=1500|noise=0%] epoch=2099/11999 total=1.543e-02 pde=3.178e-03 bc=1.302e-04 data=1.095e-04 best=1.301e-02 lr=1.00e-03
2026-02-14 12:08:52,173 | INFO | [Inverse][gaussian|pts=1500|noise=0%] epoch=2199/11999 total=1.699e-02 pde=2.810e-03 bc=1.729e-04 data=1.245e-04 best=1.039e-02 lr=1.00e-03
2026-02-14 12:08:53,592 | INFO | [Inverse][gaussian|pts=1500|noise=0%] epoch=2299/11999 total=1.935e-02 pde=2.549e-03 bc=1.918e-04 data=1.488e-04 best=8.929e-03 lr=1.00e-03
2026-02-14 12:08:55,018 | INFO | [Inverse][gaussian|pts=1500|noise=0%] epoch=2399/11999 total=1.229e-02 pde=2.246e-03 bc=1.028e-04 data=9.020e-05 best=8.929e-03 lr=1.00e-03
2026-02-14 12:08:56,449 | INFO | [Inverse][gaussian|pts=1500|noise=0%] checkpoint saved at epoch=2499 -> outputs_refactor\full_matrix_rerun_20260214_112937\checkpoints\gaussian\inverse_pts_1500_noise_0_last.pth
2026-02-14 12:08:56,449 | INFO | [Inverse][gaussian|pts=1500|noise=0%] epoch=2499/11999 total=1.292e-02 pde=2.094e-03 bc=1.284e-04 data=9.538e-05 best=8.929e-03 lr=1.00e-03
2026-02-14 12:08:57,874 | INFO | [Inverse][gaussian|pts=1500|noise=0%] epoch=2599/11999 total=1.119e-02 pde=1.919e-03 bc=1.227e-04 data=8.041e-05 best=8.929e-03 lr=1.00e-03
2026-02-14 12:08:59,273 | INFO | [Inverse][gaussian|pts=1500|noise=0%] epoch=2699/11999 total=1.105e-02 pde=1.796e-03 bc=1.252e-04 data=7.999e-05 best=8.929e-03 lr=1.00e-03
2026-02-14 12:09:00,761 | INFO | [Inverse][gaussian|pts=1500|noise=0%] epoch=2799/11999 total=7.375e-03 pde=1.631e-03 bc=7.471e-05 data=4.997e-05 best=6.972e-03 lr=1.00e-03
2026-02-14 12:09:02,181 | INFO | [Inverse][gaussian|pts=1500|noise=0%] epoch=2899/11999 total=3.811e-02 pde=2.018e-03 bc=1.832e-04 data=3.426e-04 best=6.387e-03 lr=1.00e-03
2026-02-14 12:09:03,623 | INFO | [Inverse][gaussian|pts=1500|noise=0%] checkpoint saved at epoch=2999 -> outputs_refactor\full_matrix_rerun_20260214_112937\checkpoints\gaussian\inverse_pts_1500_noise_0_last.pth
2026-02-14 12:09:03,624 | INFO | [Inverse][gaussian|pts=1500|noise=0%] epoch=2999/11999 total=8.895e-03 pde=1.554e-03 bc=9.737e-05 data=6.368e-05 best=6.387e-03 lr=1.00e-03
2026-02-14 12:09:05,049 | INFO | [Inverse][gaussian|pts=1500|noise=0%] epoch=3099/11999 total=1.323e-02 pde=1.520e-03 bc=1.688e-04 data=1.003e-04 best=6.387e-03 lr=1.00e-03
2026-02-14 12:09:06,480 | INFO | [Inverse][gaussian|pts=1500|noise=0%] epoch=3199/11999 total=3.091e-02 pde=1.786e-03 bc=1.709e-04 data=2.741e-04 best=6.387e-03 lr=1.00e-03
2026-02-14 12:09:07,898 | INFO | [Inverse][gaussian|pts=1500|noise=0%] epoch=3299/11999 total=2.145e-02 pde=1.694e-03 bc=1.776e-04 data=1.798e-04 best=5.675e-03 lr=1.00e-03
2026-02-14 12:09:09,324 | INFO | [Inverse][gaussian|pts=1500|noise=0%] epoch=3399/11999 total=1.010e-02 pde=1.364e-03 bc=1.266e-04 data=7.467e-05 best=5.594e-03 lr=1.00e-03
2026-02-14 12:09:10,719 | INFO | [Inverse][gaussian|pts=1500|noise=0%] checkpoint saved at epoch=3499 -> outputs_refactor\full_matrix_rerun_20260214_112937\checkpoints\gaussian\inverse_pts_1500_noise_0_last.pth
2026-02-14 12:09:10,720 | INFO | [Inverse][gaussian|pts=1500|noise=0%] epoch=3499/11999 total=9.478e-03 pde=1.331e-03 bc=1.192e-04 data=6.956e-05 best=5.594e-03 lr=1.00e-03
2026-02-14 12:09:12,156 | INFO | [Inverse][gaussian|pts=1500|noise=0%] epoch=3599/11999 total=9.294e-03 pde=1.279e-03 bc=1.197e-04 data=6.818e-05 best=5.594e-03 lr=1.00e-03
2026-02-14 12:09:13,564 | INFO | [Inverse][gaussian|pts=1500|noise=0%] epoch=3699/11999 total=9.317e-03 pde=1.228e-03 bc=1.228e-04 data=6.861e-05 best=5.594e-03 lr=1.00e-03
2026-02-14 12:09:14,994 | INFO | [Inverse][gaussian|pts=1500|noise=0%] epoch=3799/11999 total=9.492e-03 pde=1.177e-03 bc=1.280e-04 data=7.036e-05 best=5.594e-03 lr=1.00e-03
2026-02-14 12:09:16,407 | INFO | [Inverse][gaussian|pts=1500|noise=0%] epoch=3899/11999 total=7.490e-03 pde=1.088e-03 bc=9.972e-05 data=5.404e-05 best=5.594e-03 lr=8.00e-04
2026-02-14 12:09:17,883 | INFO | [Inverse][gaussian|pts=1500|noise=0%] checkpoint saved at epoch=3999 -> outputs_refactor\full_matrix_rerun_20260214_112937\checkpoints\gaussian\inverse_pts_1500_noise_0_last.pth
2026-02-14 12:09:17,884 | INFO | [Inverse][gaussian|pts=1500|noise=0%] epoch=3999/11999 total=6.438e-03 pde=1.007e-03 bc=5.899e-05 data=4.841e-05 best=5.330e-03 lr=8.00e-04
2026-02-14 12:09:19,314 | INFO | [Inverse][gaussian|pts=1500|noise=0%] epoch=4099/11999 total=9.114e-03 pde=1.009e-03 bc=8.311e-05 data=7.274e-05 best=5.330e-03 lr=8.00e-04
2026-02-14 12:09:20,748 | INFO | [Inverse][gaussian|pts=1500|noise=0%] epoch=4199/11999 total=6.312e-03 pde=9.217e-04 bc=5.399e-05 data=4.850e-05 best=4.874e-03 lr=8.00e-04
2026-02-14 12:09:22,205 | INFO | [Inverse][gaussian|pts=1500|noise=0%] epoch=4299/11999 total=9.144e-03 pde=9.407e-04 bc=8.507e-05 data=7.352e-05 best=4.874e-03 lr=8.00e-04
2026-02-14 12:09:23,615 | INFO | [Inverse][gaussian|pts=1500|noise=0%] epoch=4399/11999 total=7.484e-03 pde=8.794e-04 bc=6.961e-05 data=5.909e-05 best=4.742e-03 lr=8.00e-04
2026-02-14 12:09:25,046 | INFO | [Inverse][gaussian|pts=1500|noise=0%] checkpoint saved at epoch=4499 -> outputs_refactor\full_matrix_rerun_20260214_112937\checkpoints\gaussian\inverse_pts_1500_noise_0_last.pth
2026-02-14 12:09:25,047 | INFO | [Inverse][gaussian|pts=1500|noise=0%] epoch=4499/11999 total=6.166e-03 pde=8.253e-04 bc=6.170e-05 data=4.724e-05 best=4.742e-03 lr=8.00e-04
2026-02-14 12:09:26,452 | INFO | [Inverse][gaussian|pts=1500|noise=0%] epoch=4599/11999 total=6.123e-03 pde=7.976e-04 bc=6.425e-05 data=4.683e-05 best=4.742e-03 lr=8.00e-04
2026-02-14 12:09:27,860 | INFO | [Inverse][gaussian|pts=1500|noise=0%] epoch=4699/11999 total=6.862e-03 pde=7.874e-04 bc=7.533e-05 data=5.321e-05 best=4.742e-03 lr=8.00e-04
2026-02-14 12:09:29,268 | INFO | [Inverse][gaussian|pts=1500|noise=0%] epoch=4799/11999 total=5.730e-03 pde=7.345e-04 bc=6.882e-05 data=4.307e-05 best=4.717e-03 lr=8.00e-04
2026-02-14 12:09:30,672 | INFO | [Inverse][gaussian|pts=1500|noise=0%] epoch=4899/11999 total=5.702e-03 pde=7.041e-04 bc=7.501e-05 data=4.248e-05 best=4.717e-03 lr=8.00e-04
2026-02-14 12:09:32,083 | INFO | [Inverse][gaussian|pts=1500|noise=0%] checkpoint saved at epoch=4999 -> outputs_refactor\full_matrix_rerun_20260214_112937\checkpoints\gaussian\inverse_pts_1500_noise_0_last.pth
2026-02-14 12:09:32,083 | INFO | [Inverse][gaussian|pts=1500|noise=0%] epoch=4999/11999 total=6.263e-03 pde=6.880e-04 bc=8.758e-05 data=4.699e-05 best=4.717e-03 lr=8.00e-04
2026-02-14 12:09:33,571 | INFO | [Inverse][gaussian|pts=1500|noise=0%] epoch=5099/11999 total=1.247e-02 pde=7.580e-04 bc=1.632e-04 data=1.008e-04 best=3.645e-03 lr=8.00e-04
2026-02-14 12:09:34,985 | INFO | [Inverse][gaussian|pts=1500|noise=0%] epoch=5199/11999 total=1.808e-02 pde=1.470e-03 bc=6.313e-05 data=1.598e-04 best=3.365e-03 lr=8.00e-04
2026-02-14 12:09:36,394 | INFO | [Inverse][gaussian|pts=1500|noise=0%] epoch=5299/11999 total=2.047e-02 pde=7.417e-04 bc=2.497e-04 data=1.723e-04 best=3.365e-03 lr=8.00e-04
2026-02-14 12:09:37,815 | INFO | [Inverse][gaussian|pts=1500|noise=0%] epoch=5399/11999 total=8.435e-03 pde=6.825e-04 bc=1.161e-04 data=6.592e-05 best=3.365e-03 lr=8.00e-04
2026-02-14 12:09:39,366 | INFO | [Inverse][gaussian|pts=1500|noise=0%] checkpoint saved at epoch=5499 -> outputs_refactor\full_matrix_rerun_20260214_112937\checkpoints\gaussian\inverse_pts_1500_noise_0_last.pth
2026-02-14 12:09:39,366 | INFO | [Inverse][gaussian|pts=1500|noise=0%] epoch=5499/11999 total=6.607e-03 pde=6.836e-04 bc=5.111e-05 data=5.413e-05 best=3.348e-03 lr=8.00e-04
2026-02-14 12:09:40,883 | INFO | [Inverse][gaussian|pts=1500|noise=0%] epoch=5599/11999 total=6.365e-03 pde=6.666e-04 bc=6.230e-05 data=5.075e-05 best=3.348e-03 lr=8.00e-04
2026-02-14 12:09:42,351 | INFO | [Inverse][gaussian|pts=1500|noise=0%] epoch=5699/11999 total=4.585e-03 pde=6.139e-04 bc=4.520e-05 data=3.519e-05 best=3.348e-03 lr=8.00e-04
2026-02-14 12:09:43,782 | INFO | [Inverse][gaussian|pts=1500|noise=0%] epoch=5799/11999 total=6.200e-03 pde=6.409e-04 bc=6.333e-05 data=4.926e-05 best=3.348e-03 lr=8.00e-04
2026-02-14 12:09:45,270 | INFO | [Inverse][gaussian|pts=1500|noise=0%] epoch=5899/11999 total=4.857e-03 pde=6.007e-04 bc=5.064e-05 data=3.750e-05 best=3.348e-03 lr=8.00e-04
2026-02-14 12:09:46,723 | INFO | [Inverse][gaussian|pts=1500|noise=0%] checkpoint saved at epoch=5999 -> outputs_refactor\full_matrix_rerun_20260214_112937\checkpoints\gaussian\inverse_pts_1500_noise_0_last.pth
2026-02-14 12:09:46,723 | INFO | [Inverse][gaussian|pts=1500|noise=0%] epoch=5999/11999 total=5.354e-03 pde=5.653e-04 bc=8.262e-05 data=3.962e-05 best=2.882e-03 lr=6.40e-04
2026-02-14 12:09:48,146 | INFO | [Inverse][gaussian|pts=1500|noise=0%] epoch=6099/11999 total=6.004e-03 pde=6.192e-04 bc=4.818e-05 data=4.903e-05 best=2.882e-03 lr=6.40e-04
2026-02-14 12:09:49,532 | INFO | [Inverse][gaussian|pts=1500|noise=0%] epoch=6199/11999 total=5.806e-03 pde=6.595e-04 bc=7.889e-05 data=4.358e-05 best=2.791e-03 lr=6.40e-04
2026-02-14 12:09:50,937 | INFO | [Inverse][gaussian|pts=1500|noise=0%] epoch=6299/11999 total=3.823e-03 pde=5.661e-04 bc=5.893e-05 data=2.668e-05 best=2.791e-03 lr=6.40e-04
2026-02-14 12:09:52,367 | INFO | [Inverse][gaussian|pts=1500|noise=0%] epoch=6399/11999 total=3.382e-03 pde=5.472e-04 bc=5.203e-05 data=2.315e-05 best=2.791e-03 lr=6.40e-04
2026-02-14 12:09:53,798 | INFO | [Inverse][gaussian|pts=1500|noise=0%] checkpoint saved at epoch=6499 -> outputs_refactor\full_matrix_rerun_20260214_112937\checkpoints\gaussian\inverse_pts_1500_noise_0_last.pth
2026-02-14 12:09:53,798 | INFO | [Inverse][gaussian|pts=1500|noise=0%] epoch=6499/11999 total=3.813e-03 pde=5.533e-04 bc=6.007e-05 data=2.659e-05 best=2.791e-03 lr=6.40e-04
2026-02-14 12:09:55,224 | INFO | [Inverse][gaussian|pts=1500|noise=0%] epoch=6599/11999 total=3.710e-03 pde=5.449e-04 bc=5.877e-05 data=2.577e-05 best=2.791e-03 lr=6.40e-04
2026-02-14 12:09:56,653 | INFO | [Inverse][gaussian|pts=1500|noise=0%] epoch=6699/11999 total=3.573e-03 pde=5.354e-04 bc=5.690e-05 data=2.469e-05 best=2.791e-03 lr=5.12e-04
2026-02-14 12:09:58,060 | INFO | [Inverse][gaussian|pts=1500|noise=0%] epoch=6799/11999 total=3.411e-03 pde=5.251e-04 bc=5.437e-05 data=2.342e-05 best=2.791e-03 lr=5.12e-04
2026-02-14 12:09:59,498 | INFO | [Inverse][gaussian|pts=1500|noise=0%] epoch=6899/11999 total=3.157e-03 pde=5.111e-04 bc=5.064e-05 data=2.140e-05 best=2.791e-03 lr=5.12e-04
2026-02-14 12:10:00,932 | INFO | [Inverse][gaussian|pts=1500|noise=0%] checkpoint saved at epoch=6999 -> outputs_refactor\full_matrix_rerun_20260214_112937\checkpoints\gaussian\inverse_pts_1500_noise_0_last.pth
2026-02-14 12:10:00,933 | INFO | [Inverse][gaussian|pts=1500|noise=0%] epoch=6999/11999 total=3.026e-03 pde=5.022e-04 bc=4.842e-05 data=2.040e-05 best=2.791e-03 lr=5.12e-04
2026-02-14 12:10:02,354 | INFO | [Inverse][gaussian|pts=1500|noise=0%] epoch=7099/11999 total=2.932e-03 pde=4.960e-04 bc=4.575e-05 data=1.978e-05 best=2.791e-03 lr=5.12e-04
2026-02-14 12:10:03,797 | INFO | [Inverse][gaussian|pts=1500|noise=0%] epoch=7199/11999 total=2.471e-03 pde=4.758e-04 bc=3.665e-05 data=1.629e-05 best=2.442e-03 lr=4.10e-04
2026-02-14 12:10:05,246 | INFO | [Inverse][gaussian|pts=1500|noise=0%] epoch=7299/11999 total=2.402e-03 pde=4.683e-04 bc=3.521e-05 data=1.581e-05 best=2.402e-03 lr=4.10e-04
2026-02-14 12:10:06,761 | INFO | [Inverse][gaussian|pts=1500|noise=0%] epoch=7399/11999 total=2.311e-03 pde=4.596e-04 bc=3.352e-05 data=1.516e-05 best=2.311e-03 lr=4.10e-04
2026-02-14 12:10:08,221 | INFO | [Inverse][gaussian|pts=1500|noise=0%] checkpoint saved at epoch=7499 -> outputs_refactor\full_matrix_rerun_20260214_112937\checkpoints\gaussian\inverse_pts_1500_noise_0_last.pth
2026-02-14 12:10:08,221 | INFO | [Inverse][gaussian|pts=1500|noise=0%] epoch=7499/11999 total=2.224e-03 pde=4.505e-04 bc=3.140e-05 data=1.460e-05 best=2.021e-03 lr=4.10e-04
2026-02-14 12:10:09,649 | INFO | [Inverse][gaussian|pts=1500|noise=0%] epoch=7599/11999 total=2.559e-03 pde=4.477e-04 bc=2.283e-05 data=1.883e-05 best=2.009e-03 lr=4.10e-04
2026-02-14 12:10:11,076 | INFO | [Inverse][gaussian|pts=1500|noise=0%] epoch=7699/11999 total=3.113e-03 pde=4.619e-04 bc=4.256e-05 data=2.225e-05 best=1.995e-03 lr=4.10e-04
2026-02-14 12:10:12,473 | INFO | [Inverse][gaussian|pts=1500|noise=0%] epoch=7799/11999 total=2.723e-03 pde=4.409e-04 bc=3.759e-05 data=1.907e-05 best=1.995e-03 lr=4.10e-04
2026-02-14 12:10:13,924 | INFO | [Inverse][gaussian|pts=1500|noise=0%] epoch=7899/11999 total=2.449e-03 pde=4.304e-04 bc=3.225e-05 data=1.696e-05 best=1.995e-03 lr=4.10e-04
2026-02-14 12:10:15,373 | INFO | [Inverse][gaussian|pts=1500|noise=0%] checkpoint saved at epoch=7999 -> outputs_refactor\full_matrix_rerun_20260214_112937\checkpoints\gaussian\inverse_pts_1500_noise_0_last.pth
2026-02-14 12:10:15,373 | INFO | [Inverse][gaussian|pts=1500|noise=0%] epoch=7999/11999 total=2.585e-03 pde=4.298e-04 bc=3.078e-05 data=1.847e-05 best=1.995e-03 lr=4.10e-04
2026-02-14 12:10:16,793 | INFO | [Inverse][gaussian|pts=1500|noise=0%] epoch=8099/11999 total=2.352e-03 pde=4.201e-04 bc=2.314e-05 data=1.701e-05 best=1.995e-03 lr=4.10e-04
2026-02-14 12:10:18,242 | INFO | [Inverse][gaussian|pts=1500|noise=0%] epoch=8199/11999 total=2.202e-03 pde=4.154e-04 bc=2.096e-05 data=1.577e-05 best=1.995e-03 lr=3.28e-04
2026-02-14 12:10:19,693 | INFO | [Inverse][gaussian|pts=1500|noise=0%] epoch=8299/11999 total=1.886e-03 pde=4.020e-04 bc=2.038e-05 data=1.280e-05 best=1.757e-03 lr=3.28e-04
2026-02-14 12:10:21,391 | INFO | [Inverse][gaussian|pts=1500|noise=0%] epoch=8399/11999 total=1.679e-03 pde=3.874e-04 bc=2.301e-05 data=1.061e-05 best=1.679e-03 lr=3.28e-04
2026-02-14 12:10:23,186 | INFO | [Inverse][gaussian|pts=1500|noise=0%] checkpoint saved at epoch=8499 -> outputs_refactor\full_matrix_rerun_20260214_112937\checkpoints\gaussian\inverse_pts_1500_noise_0_last.pth
2026-02-14 12:10:23,186 | INFO | [Inverse][gaussian|pts=1500|noise=0%] epoch=8499/11999 total=1.628e-03 pde=3.788e-04 bc=2.243e-05 data=1.025e-05 best=1.628e-03 lr=3.28e-04
2026-02-14 12:10:24,956 | INFO | [Inverse][gaussian|pts=1500|noise=0%] epoch=8599/11999 total=1.577e-03 pde=3.697e-04 bc=2.184e-05 data=9.890e-06 best=1.577e-03 lr=3.28e-04
2026-02-14 12:10:26,770 | INFO | [Inverse][gaussian|pts=1500|noise=0%] epoch=8699/11999 total=1.526e-03 pde=3.603e-04 bc=2.104e-05 data=9.555e-06 best=1.526e-03 lr=3.28e-04
2026-02-14 12:10:28,242 | INFO | [Inverse][gaussian|pts=1500|noise=0%] epoch=8799/11999 total=1.984e-03 pde=3.630e-04 bc=3.316e-05 data=1.290e-05 best=1.518e-03 lr=3.28e-04
2026-02-14 12:10:29,665 | INFO | [Inverse][gaussian|pts=1500|noise=0%] epoch=8899/11999 total=2.147e-03 pde=3.624e-04 bc=3.575e-05 data=1.427e-05 best=1.518e-03 lr=3.28e-04
2026-02-14 12:10:31,099 | INFO | [Inverse][gaussian|pts=1500|noise=0%] checkpoint saved at epoch=8999 -> outputs_refactor\full_matrix_rerun_20260214_112937\checkpoints\gaussian\inverse_pts_1500_noise_0_last.pth
2026-02-14 12:10:31,100 | INFO | [Inverse][gaussian|pts=1500|noise=0%] epoch=8999/11999 total=1.995e-03 pde=3.526e-04 bc=3.357e-05 data=1.307e-05 best=1.518e-03 lr=3.28e-04
2026-02-14 12:10:32,523 | INFO | [Inverse][gaussian|pts=1500|noise=0%] epoch=9099/11999 total=1.896e-03 pde=3.440e-04 bc=3.212e-05 data=1.231e-05 best=1.518e-03 lr=3.28e-04
2026-02-14 12:10:33,936 | INFO | [Inverse][gaussian|pts=1500|noise=0%] epoch=9199/11999 total=1.452e-03 pde=3.262e-04 bc=2.426e-05 data=8.834e-06 best=1.452e-03 lr=3.28e-04
2026-02-14 12:10:35,420 | INFO | [Inverse][gaussian|pts=1500|noise=0%] epoch=9299/11999 total=1.422e-03 pde=3.198e-04 bc=1.862e-05 data=9.162e-06 best=1.327e-03 lr=3.28e-04
2026-02-14 12:10:36,859 | INFO | [Inverse][gaussian|pts=1500|noise=0%] epoch=9399/11999 total=1.289e-03 pde=3.098e-04 bc=1.920e-05 data=7.873e-06 best=1.285e-03 lr=3.28e-04
2026-02-14 12:10:38,303 | INFO | [Inverse][gaussian|pts=1500|noise=0%] checkpoint saved at epoch=9499 -> outputs_refactor\full_matrix_rerun_20260214_112937\checkpoints\gaussian\inverse_pts_1500_noise_0_last.pth
2026-02-14 12:10:38,304 | INFO | [Inverse][gaussian|pts=1500|noise=0%] epoch=9499/11999 total=1.358e-03 pde=3.047e-04 bc=1.926e-05 data=8.605e-06 best=1.275e-03 lr=3.28e-04
2026-02-14 12:10:39,878 | INFO | [Inverse][gaussian|pts=1500|noise=0%] epoch=9599/11999 total=1.312e-03 pde=2.968e-04 bc=2.036e-05 data=8.111e-06 best=1.232e-03 lr=3.28e-04
2026-02-14 12:10:41,442 | INFO | [Inverse][gaussian|pts=1500|noise=0%] epoch=9699/11999 total=1.210e-03 pde=2.863e-04 bc=1.714e-05 data=7.525e-06 best=1.180e-03 lr=3.28e-04
2026-02-14 12:10:42,871 | INFO | [Inverse][gaussian|pts=1500|noise=0%] epoch=9799/11999 total=3.478e-03 pde=3.710e-04 bc=4.107e-05 data=2.697e-05 best=1.157e-03 lr=3.28e-04
2026-02-14 12:10:44,309 | INFO | [Inverse][gaussian|pts=1500|noise=0%] epoch=9899/11999 total=1.307e-03 pde=2.773e-04 bc=1.701e-05 data=8.600e-06 best=1.129e-03 lr=3.28e-04
2026-02-14 12:10:45,776 | INFO | [Inverse][gaussian|pts=1500|noise=0%] checkpoint saved at epoch=9999 -> outputs_refactor\full_matrix_rerun_20260214_112937\checkpoints\gaussian\inverse_pts_1500_noise_0_last.pth
2026-02-14 12:10:45,777 | INFO | [Inverse][gaussian|pts=1500|noise=0%] epoch=9999/11999 total=1.149e-03 pde=2.662e-04 bc=1.626e-05 data=7.202e-06 best=1.090e-03 lr=3.28e-04
2026-02-14 12:10:47,245 | INFO | [Inverse][gaussian|pts=1500|noise=0%] epoch=10099/11999 total=1.584e-03 pde=2.732e-04 bc=2.387e-05 data=1.072e-05 best=1.066e-03 lr=3.28e-04
2026-02-14 12:10:48,641 | INFO | [Inverse][gaussian|pts=1500|noise=0%] epoch=10199/11999 total=1.650e-03 pde=2.707e-04 bc=2.475e-05 data=1.132e-05 best=1.066e-03 lr=3.28e-04
2026-02-14 12:10:50,053 | INFO | [Inverse][gaussian|pts=1500|noise=0%] epoch=10299/11999 total=1.360e-03 pde=2.582e-04 bc=2.085e-05 data=8.930e-06 best=1.066e-03 lr=3.28e-04
2026-02-14 12:10:51,490 | INFO | [Inverse][gaussian|pts=1500|noise=0%] epoch=10399/11999 total=1.328e-03 pde=2.523e-04 bc=2.162e-05 data=8.590e-06 best=1.066e-03 lr=3.28e-04
2026-02-14 12:10:52,897 | INFO | [Inverse][gaussian|pts=1500|noise=0%] checkpoint saved at epoch=10499 -> outputs_refactor\full_matrix_rerun_20260214_112937\checkpoints\gaussian\inverse_pts_1500_noise_0_last.pth
2026-02-14 12:10:52,897 | INFO | [Inverse][gaussian|pts=1500|noise=0%] epoch=10499/11999 total=1.367e-03 pde=2.513e-04 bc=2.092e-05 data=9.062e-06 best=1.066e-03 lr=3.28e-04
2026-02-14 12:10:54,371 | INFO | [Inverse][gaussian|pts=1500|noise=0%] epoch=10599/11999 total=9.826e-04 pde=2.352e-04 bc=1.561e-05 data=5.913e-06 best=9.826e-04 lr=2.62e-04
2026-02-14 12:10:56,037 | INFO | [Inverse][gaussian|pts=1500|noise=0%] epoch=10699/11999 total=9.602e-04 pde=2.309e-04 bc=1.511e-05 data=5.782e-06 best=9.602e-04 lr=2.62e-04
2026-02-14 12:10:57,835 | INFO | [Inverse][gaussian|pts=1500|noise=0%] epoch=10799/11999 total=9.400e-04 pde=2.258e-04 bc=1.492e-05 data=5.650e-06 best=9.400e-04 lr=2.62e-04
2026-02-14 12:10:59,629 | INFO | [Inverse][gaussian|pts=1500|noise=0%] epoch=10899/11999 total=9.199e-04 pde=2.207e-04 bc=1.472e-05 data=5.520e-06 best=9.199e-04 lr=2.62e-04
2026-02-14 12:11:01,229 | INFO | [Inverse][gaussian|pts=1500|noise=0%] checkpoint saved at epoch=10999 -> outputs_refactor\full_matrix_rerun_20260214_112937\checkpoints\gaussian\inverse_pts_1500_noise_0_last.pth
2026-02-14 12:11:01,229 | INFO | [Inverse][gaussian|pts=1500|noise=0%] epoch=10999/11999 total=9.053e-04 pde=2.159e-04 bc=1.494e-05 data=5.400e-06 best=9.009e-04 lr=2.62e-04
2026-02-14 12:11:02,701 | INFO | [Inverse][gaussian|pts=1500|noise=0%] epoch=11099/11999 total=8.919e-04 pde=2.113e-04 bc=1.497e-05 data=5.309e-06 best=8.835e-04 lr=2.62e-04
2026-02-14 12:11:04,284 | INFO | [Inverse][gaussian|pts=1500|noise=0%] epoch=11199/11999 total=9.086e-04 pde=2.073e-04 bc=1.362e-05 data=5.651e-06 best=8.662e-04 lr=2.62e-04
2026-02-14 12:11:05,754 | INFO | [Inverse][gaussian|pts=1500|noise=0%] epoch=11299/11999 total=8.529e-04 pde=2.013e-04 bc=1.365e-05 data=5.151e-06 best=8.504e-04 lr=2.62e-04
2026-02-14 12:11:07,266 | INFO | [Inverse][gaussian|pts=1500|noise=0%] epoch=11399/11999 total=8.589e-04 pde=1.983e-04 bc=1.505e-05 data=5.100e-06 best=8.385e-04 lr=2.62e-04
2026-02-14 12:11:08,740 | INFO | [Inverse][gaussian|pts=1500|noise=0%] checkpoint saved at epoch=11499 -> outputs_refactor\full_matrix_rerun_20260214_112937\checkpoints\gaussian\inverse_pts_1500_noise_0_last.pth
2026-02-14 12:11:08,740 | INFO | [Inverse][gaussian|pts=1500|noise=0%] epoch=11499/11999 total=8.372e-04 pde=1.938e-04 bc=1.474e-05 data=4.960e-06 best=8.199e-04 lr=2.62e-04
2026-02-14 12:11:10,258 | INFO | [Inverse][gaussian|pts=1500|noise=0%] epoch=11599/11999 total=8.088e-04 pde=1.890e-04 bc=1.423e-05 data=4.776e-06 best=8.012e-04 lr=2.62e-04
2026-02-14 12:11:11,709 | INFO | [Inverse][gaussian|pts=1500|noise=0%] epoch=11699/11999 total=8.178e-04 pde=1.865e-04 bc=1.419e-05 data=4.894e-06 best=7.893e-04 lr=2.62e-04
2026-02-14 12:11:13,152 | INFO | [Inverse][gaussian|pts=1500|noise=0%] epoch=11799/11999 total=7.756e-04 pde=1.812e-04 bc=1.263e-05 data=4.681e-06 best=7.728e-04 lr=2.62e-04
2026-02-14 12:11:14,612 | INFO | [Inverse][gaussian|pts=1500|noise=0%] epoch=11899/11999 total=7.756e-04 pde=1.782e-04 bc=1.220e-05 data=4.753e-06 best=7.686e-04 lr=2.62e-04
2026-02-14 12:11:16,058 | INFO | [Inverse][gaussian|pts=1500|noise=0%] checkpoint saved at epoch=11999 -> outputs_refactor\full_matrix_rerun_20260214_112937\checkpoints\gaussian\inverse_pts_1500_noise_0_last.pth
2026-02-14 12:11:16,058 | INFO | [Inverse][gaussian|pts=1500|noise=0%] epoch=11999/11999 total=7.640e-04 pde=1.748e-04 bc=1.294e-05 data=4.597e-06 best=7.640e-04 lr=2.62e-04
2026-02-14 12:11:16,665 | INFO | [Inverse][pts_1500_noise_1] start training charge=gaussian points=1500 noise=1%
2026-02-14 12:11:16,688 | INFO | [Inverse][gaussian|pts=1500|noise=1%] epoch=0/11999 total=9.270e+00 pde=1.745e-02 bc=5.883e-02 data=8.664e-02 best=9.270e+00 lr=1.00e-03
2026-02-14 12:11:18,462 | INFO | [Inverse][gaussian|pts=1500|noise=1%] epoch=99/11999 total=5.279e-01 pde=2.321e-01 bc=1.494e-03 data=2.808e-03 best=5.279e-01 lr=1.00e-03
2026-02-14 12:11:20,096 | INFO | [Inverse][gaussian|pts=1500|noise=1%] epoch=199/11999 total=3.652e-01 pde=1.053e-01 bc=2.317e-03 data=2.368e-03 best=3.574e-01 lr=1.00e-03
2026-02-14 12:11:21,800 | INFO | [Inverse][gaussian|pts=1500|noise=1%] epoch=299/11999 total=2.733e-01 pde=5.215e-02 bc=2.178e-03 data=1.993e-03 best=2.654e-01 lr=1.00e-03
2026-02-14 12:11:23,510 | INFO | [Inverse][gaussian|pts=1500|noise=1%] epoch=399/11999 total=1.996e-01 pde=2.637e-02 bc=1.661e-03 data=1.566e-03 best=1.954e-01 lr=1.00e-03
2026-02-14 12:11:25,174 | INFO | [Inverse][gaussian|pts=1500|noise=1%] checkpoint saved at epoch=499 -> outputs_refactor\full_matrix_rerun_20260214_112937\checkpoints\gaussian\inverse_pts_1500_noise_1_last.pth
2026-02-14 12:11:25,174 | INFO | [Inverse][gaussian|pts=1500|noise=1%] epoch=499/11999 total=1.293e-01 pde=1.094e-02 bc=8.427e-04 data=1.099e-03 best=1.293e-01 lr=1.00e-03
2026-02-14 12:11:26,780 | INFO | [Inverse][gaussian|pts=1500|noise=1%] epoch=599/11999 total=1.126e-01 pde=1.166e-02 bc=7.404e-04 data=9.357e-04 best=1.005e-01 lr=1.00e-03
2026-02-14 12:11:28,299 | INFO | [Inverse][gaussian|pts=1500|noise=1%] epoch=699/11999 total=9.825e-02 pde=1.398e-02 bc=6.191e-04 data=7.808e-04 best=8.991e-02 lr=1.00e-03
2026-02-14 12:11:29,861 | INFO | [Inverse][gaussian|pts=1500|noise=1%] epoch=799/11999 total=9.019e-02 pde=1.549e-02 bc=6.806e-04 data=6.790e-04 best=8.335e-02 lr=1.00e-03
2026-02-14 12:11:31,397 | INFO | [Inverse][gaussian|pts=1500|noise=1%] epoch=899/11999 total=2.158e-01 pde=1.643e-02 bc=2.533e-03 data=1.741e-03 best=7.806e-02 lr=1.00e-03
2026-02-14 12:11:32,927 | INFO | [Inverse][gaussian|pts=1500|noise=1%] checkpoint saved at epoch=999 -> outputs_refactor\full_matrix_rerun_20260214_112937\checkpoints\gaussian\inverse_pts_1500_noise_1_last.pth
2026-02-14 12:11:32,927 | INFO | [Inverse][gaussian|pts=1500|noise=1%] epoch=999/11999 total=1.227e-01 pde=1.627e-02 bc=7.428e-04 data=9.898e-04 best=7.707e-02 lr=1.00e-03
2026-02-14 12:11:34,507 | INFO | [Inverse][gaussian|pts=1500|noise=1%] epoch=1099/11999 total=1.400e-01 pde=1.632e-02 bc=1.390e-03 data=1.098e-03 best=7.437e-02 lr=1.00e-03
2026-02-14 12:11:36,056 | INFO | [Inverse][gaussian|pts=1500|noise=1%] epoch=1199/11999 total=8.778e-02 pde=1.673e-02 bc=2.418e-04 data=6.863e-04 best=6.634e-02 lr=1.00e-03
2026-02-14 12:11:37,631 | INFO | [Inverse][gaussian|pts=1500|noise=1%] epoch=1299/11999 total=6.856e-02 pde=1.562e-02 bc=1.259e-04 data=5.168e-04 best=5.859e-02 lr=1.00e-03
2026-02-14 12:11:39,189 | INFO | [Inverse][gaussian|pts=1500|noise=1%] epoch=1399/11999 total=5.563e-02 pde=1.364e-02 bc=1.222e-04 data=4.077e-04 best=5.337e-02 lr=1.00e-03
2026-02-14 12:11:40,677 | INFO | [Inverse][gaussian|pts=1500|noise=1%] checkpoint saved at epoch=1499 -> outputs_refactor\full_matrix_rerun_20260214_112937\checkpoints\gaussian\inverse_pts_1500_noise_1_last.pth
2026-02-14 12:11:40,677 | INFO | [Inverse][gaussian|pts=1500|noise=1%] epoch=1499/11999 total=4.683e-02 pde=1.230e-02 bc=1.736e-04 data=3.279e-04 best=4.503e-02 lr=1.00e-03
2026-02-14 12:11:42,137 | INFO | [Inverse][gaussian|pts=1500|noise=1%] epoch=1599/11999 total=7.197e-02 pde=1.112e-02 bc=3.625e-04 data=5.722e-04 best=3.930e-02 lr=1.00e-03
2026-02-14 12:11:43,571 | INFO | [Inverse][gaussian|pts=1500|noise=1%] epoch=1699/11999 total=4.478e-02 pde=1.027e-02 bc=2.806e-04 data=3.171e-04 best=3.656e-02 lr=1.00e-03
2026-02-14 12:11:45,029 | INFO | [Inverse][gaussian|pts=1500|noise=1%] epoch=1799/11999 total=3.401e-02 pde=9.051e-03 bc=1.252e-04 data=2.370e-04 best=3.401e-02 lr=1.00e-03
2026-02-14 12:11:46,505 | INFO | [Inverse][gaussian|pts=1500|noise=1%] epoch=1899/11999 total=3.029e-02 pde=7.905e-03 bc=1.231e-04 data=2.116e-04 best=3.015e-02 lr=1.00e-03
2026-02-14 12:11:47,988 | INFO | [Inverse][gaussian|pts=1500|noise=1%] checkpoint saved at epoch=1999 -> outputs_refactor\full_matrix_rerun_20260214_112937\checkpoints\gaussian\inverse_pts_1500_noise_1_last.pth
2026-02-14 12:11:47,989 | INFO | [Inverse][gaussian|pts=1500|noise=1%] epoch=1999/11999 total=2.790e-02 pde=6.762e-03 bc=1.338e-04 data=1.980e-04 best=2.673e-02 lr=1.00e-03
2026-02-14 12:11:49,490 | INFO | [Inverse][gaussian|pts=1500|noise=1%] epoch=2099/11999 total=2.460e-02 pde=5.713e-03 bc=1.276e-04 data=1.761e-04 best=2.460e-02 lr=1.00e-03
2026-02-14 12:11:51,023 | INFO | [Inverse][gaussian|pts=1500|noise=1%] epoch=2199/11999 total=2.134e-02 pde=4.759e-03 bc=1.155e-04 data=1.542e-04 best=2.134e-02 lr=1.00e-03
2026-02-14 12:11:52,550 | INFO | [Inverse][gaussian|pts=1500|noise=1%] epoch=2299/11999 total=1.903e-02 pde=3.946e-03 bc=1.102e-04 data=1.398e-04 best=1.903e-02 lr=1.00e-03
2026-02-14 12:11:54,066 | INFO | [Inverse][gaussian|pts=1500|noise=1%] epoch=2399/11999 total=1.739e-02 pde=3.291e-03 bc=1.090e-04 data=1.301e-04 best=1.739e-02 lr=1.00e-03
2026-02-14 12:11:55,612 | INFO | [Inverse][gaussian|pts=1500|noise=1%] checkpoint saved at epoch=2499 -> outputs_refactor\full_matrix_rerun_20260214_112937\checkpoints\gaussian\inverse_pts_1500_noise_1_last.pth
2026-02-14 12:11:55,612 | INFO | [Inverse][gaussian|pts=1500|noise=1%] epoch=2499/11999 total=1.583e-02 pde=2.762e-03 bc=1.040e-04 data=1.203e-04 best=1.583e-02 lr=1.00e-03
2026-02-14 12:11:57,296 | INFO | [Inverse][gaussian|pts=1500|noise=1%] epoch=2599/11999 total=1.532e-02 pde=2.359e-03 bc=1.034e-04 data=1.193e-04 best=1.532e-02 lr=1.00e-03
2026-02-14 12:11:58,911 | INFO | [Inverse][gaussian|pts=1500|noise=1%] epoch=2699/11999 total=1.476e-02 pde=2.055e-03 bc=9.435e-05 data=1.177e-04 best=1.378e-02 lr=1.00e-03
2026-02-14 12:12:00,448 | INFO | [Inverse][gaussian|pts=1500|noise=1%] epoch=2799/11999 total=1.583e-02 pde=1.838e-03 bc=1.002e-04 data=1.299e-04 best=1.143e-02 lr=1.00e-03
2026-02-14 12:12:01,895 | INFO | [Inverse][gaussian|pts=1500|noise=1%] epoch=2899/11999 total=1.602e-02 pde=4.033e-03 bc=6.383e-05 data=1.135e-04 best=9.188e-03 lr=1.00e-03
2026-02-14 12:12:03,323 | INFO | [Inverse][gaussian|pts=1500|noise=1%] checkpoint saved at epoch=2999 -> outputs_refactor\full_matrix_rerun_20260214_112937\checkpoints\gaussian\inverse_pts_1500_noise_1_last.pth
2026-02-14 12:12:03,324 | INFO | [Inverse][gaussian|pts=1500|noise=1%] epoch=2999/11999 total=1.991e-02 pde=1.716e-03 bc=1.233e-04 data=1.696e-04 best=9.188e-03 lr=1.00e-03
2026-02-14 12:12:04,773 | INFO | [Inverse][gaussian|pts=1500|noise=1%] epoch=3099/11999 total=1.560e-02 pde=1.528e-03 bc=8.768e-05 data=1.319e-04 best=9.188e-03 lr=1.00e-03
2026-02-14 12:12:06,179 | INFO | [Inverse][gaussian|pts=1500|noise=1%] epoch=3199/11999 total=1.400e-02 pde=1.402e-03 bc=8.700e-05 data=1.173e-04 best=9.188e-03 lr=1.00e-03
2026-02-14 12:12:07,623 | INFO | [Inverse][gaussian|pts=1500|noise=1%] epoch=3299/11999 total=1.435e-02 pde=1.301e-03 bc=1.072e-04 data=1.198e-04 best=9.188e-03 lr=1.00e-03
2026-02-14 12:12:09,060 | INFO | [Inverse][gaussian|pts=1500|noise=1%] epoch=3399/11999 total=1.082e-02 pde=1.154e-03 bc=8.057e-05 data=8.864e-05 best=9.188e-03 lr=8.00e-04
2026-02-14 12:12:10,520 | INFO | [Inverse][gaussian|pts=1500|noise=1%] checkpoint saved at epoch=3499 -> outputs_refactor\full_matrix_rerun_20260214_112937\checkpoints\gaussian\inverse_pts_1500_noise_1_last.pth
2026-02-14 12:12:10,520 | INFO | [Inverse][gaussian|pts=1500|noise=1%] epoch=3499/11999 total=1.035e-02 pde=1.090e-03 bc=7.574e-05 data=8.501e-05 best=9.188e-03 lr=8.00e-04
2026-02-14 12:12:11,955 | INFO | [Inverse][gaussian|pts=1500|noise=1%] epoch=3599/11999 total=1.069e-02 pde=1.064e-03 bc=7.186e-05 data=8.911e-05 best=8.755e-03 lr=8.00e-04
2026-02-14 12:12:13,554 | INFO | [Inverse][gaussian|pts=1500|noise=1%] epoch=3699/11999 total=1.190e-02 pde=1.065e-03 bc=7.957e-05 data=1.004e-04 best=7.479e-03 lr=8.00e-04
2026-02-14 12:12:15,022 | INFO | [Inverse][gaussian|pts=1500|noise=1%] epoch=3799/11999 total=7.920e-03 pde=1.002e-03 bc=7.762e-05 data=6.141e-05 best=6.305e-03 lr=8.00e-04
2026-02-14 12:12:16,441 | INFO | [Inverse][gaussian|pts=1500|noise=1%] epoch=3899/11999 total=1.300e-02 pde=1.042e-03 bc=7.443e-05 data=1.121e-04 best=6.305e-03 lr=8.00e-04
2026-02-14 12:12:17,882 | INFO | [Inverse][gaussian|pts=1500|noise=1%] checkpoint saved at epoch=3999 -> outputs_refactor\full_matrix_rerun_20260214_112937\checkpoints\gaussian\inverse_pts_1500_noise_1_last.pth
2026-02-14 12:12:17,882 | INFO | [Inverse][gaussian|pts=1500|noise=1%] epoch=3999/11999 total=1.895e-02 pde=1.073e-03 bc=2.591e-04 data=1.528e-04 best=6.305e-03 lr=8.00e-04
2026-02-14 12:12:19,297 | INFO | [Inverse][gaussian|pts=1500|noise=1%] epoch=4099/11999 total=7.979e-03 pde=9.223e-04 bc=4.860e-05 data=6.571e-05 best=6.305e-03 lr=8.00e-04
2026-02-14 12:12:20,706 | INFO | [Inverse][gaussian|pts=1500|noise=1%] epoch=4199/11999 total=1.455e-02 pde=1.026e-03 bc=1.216e-04 data=1.231e-04 best=6.305e-03 lr=8.00e-04
2026-02-14 12:12:22,106 | INFO | [Inverse][gaussian|pts=1500|noise=1%] epoch=4299/11999 total=9.611e-03 pde=9.022e-04 bc=1.215e-04 data=7.494e-05 best=5.894e-03 lr=8.00e-04
2026-02-14 12:12:23,508 | INFO | [Inverse][gaussian|pts=1500|noise=1%] epoch=4399/11999 total=8.236e-03 pde=8.870e-04 bc=1.021e-04 data=6.328e-05 best=5.894e-03 lr=8.00e-04
2026-02-14 12:12:24,915 | INFO | [Inverse][gaussian|pts=1500|noise=1%] checkpoint saved at epoch=4499 -> outputs_refactor\full_matrix_rerun_20260214_112937\checkpoints\gaussian\inverse_pts_1500_noise_1_last.pth
2026-02-14 12:12:24,915 | INFO | [Inverse][gaussian|pts=1500|noise=1%] epoch=4499/11999 total=8.331e-03 pde=8.871e-04 bc=1.045e-04 data=6.399e-05 best=5.894e-03 lr=8.00e-04
2026-02-14 12:12:26,357 | INFO | [Inverse][gaussian|pts=1500|noise=1%] epoch=4599/11999 total=8.292e-03 pde=8.820e-04 bc=1.064e-04 data=6.346e-05 best=5.894e-03 lr=8.00e-04
2026-02-14 12:12:27,783 | INFO | [Inverse][gaussian|pts=1500|noise=1%] epoch=4699/11999 total=8.015e-03 pde=8.712e-04 bc=1.060e-04 data=6.084e-05 best=5.894e-03 lr=8.00e-04
2026-02-14 12:12:29,244 | INFO | [Inverse][gaussian|pts=1500|noise=1%] epoch=4799/11999 total=5.996e-03 pde=8.465e-04 bc=7.285e-05 data=4.421e-05 best=5.894e-03 lr=6.40e-04
2026-02-14 12:12:30,708 | INFO | [Inverse][gaussian|pts=1500|noise=1%] epoch=4899/11999 total=5.839e-03 pde=8.431e-04 bc=7.156e-05 data=4.280e-05 best=5.839e-03 lr=6.40e-04
2026-02-14 12:12:32,155 | INFO | [Inverse][gaussian|pts=1500|noise=1%] checkpoint saved at epoch=4999 -> outputs_refactor\full_matrix_rerun_20260214_112937\checkpoints\gaussian\inverse_pts_1500_noise_1_last.pth
2026-02-14 12:12:32,155 | INFO | [Inverse][gaussian|pts=1500|noise=1%] epoch=4999/11999 total=6.657e-03 pde=8.488e-04 bc=8.676e-05 data=4.941e-05 best=5.835e-03 lr=6.40e-04
2026-02-14 12:12:33,571 | INFO | [Inverse][gaussian|pts=1500|noise=1%] epoch=5099/11999 total=6.461e-03 pde=8.433e-04 bc=8.408e-05 data=4.777e-05 best=5.835e-03 lr=6.40e-04
2026-02-14 12:12:34,997 | INFO | [Inverse][gaussian|pts=1500|noise=1%] epoch=5199/11999 total=6.263e-03 pde=8.408e-04 bc=8.296e-05 data=4.593e-05 best=5.835e-03 lr=6.40e-04
2026-02-14 12:12:36,448 | INFO | [Inverse][gaussian|pts=1500|noise=1%] epoch=5299/11999 total=6.362e-03 pde=8.399e-04 bc=8.549e-05 data=4.667e-05 best=5.725e-03 lr=6.40e-04
2026-02-14 12:12:37,955 | INFO | [Inverse][gaussian|pts=1500|noise=1%] epoch=5399/11999 total=6.617e-03 pde=8.388e-04 bc=8.976e-05 data=4.880e-05 best=5.252e-03 lr=6.40e-04
2026-02-14 12:12:39,534 | INFO | [Inverse][gaussian|pts=1500|noise=1%] checkpoint saved at epoch=5499 -> outputs_refactor\full_matrix_rerun_20260214_112937\checkpoints\gaussian\inverse_pts_1500_noise_1_last.pth
2026-02-14 12:12:39,535 | INFO | [Inverse][gaussian|pts=1500|noise=1%] epoch=5499/11999 total=5.195e-03 pde=8.056e-04 bc=4.089e-05 data=3.981e-05 best=4.429e-03 lr=6.40e-04
2026-02-14 12:12:41,075 | INFO | [Inverse][gaussian|pts=1500|noise=1%] epoch=5599/11999 total=6.098e-03 pde=1.189e-03 bc=6.802e-05 data=4.229e-05 best=4.423e-03 lr=6.40e-04
2026-02-14 12:12:42,507 | INFO | [Inverse][gaussian|pts=1500|noise=1%] epoch=5699/11999 total=1.119e-02 pde=8.688e-04 bc=1.427e-04 data=8.897e-05 best=4.320e-03 lr=6.40e-04
2026-02-14 12:12:43,929 | INFO | [Inverse][gaussian|pts=1500|noise=1%] epoch=5799/11999 total=5.646e-03 pde=7.709e-04 bc=5.739e-05 data=4.301e-05 best=4.320e-03 lr=6.40e-04
2026-02-14 12:12:45,436 | INFO | [Inverse][gaussian|pts=1500|noise=1%] epoch=5899/11999 total=7.278e-03 pde=7.996e-04 bc=8.749e-05 data=5.603e-05 best=4.211e-03 lr=6.40e-04
2026-02-14 12:12:46,892 | INFO | [Inverse][gaussian|pts=1500|noise=1%] checkpoint saved at epoch=5999 -> outputs_refactor\full_matrix_rerun_20260214_112937\checkpoints\gaussian\inverse_pts_1500_noise_1_last.pth
2026-02-14 12:12:46,893 | INFO | [Inverse][gaussian|pts=1500|noise=1%] epoch=5999/11999 total=6.138e-03 pde=7.715e-04 bc=7.163e-05 data=4.650e-05 best=4.211e-03 lr=6.40e-04
2026-02-14 12:12:48,326 | INFO | [Inverse][gaussian|pts=1500|noise=1%] epoch=6099/11999 total=5.301e-03 pde=7.450e-04 bc=6.044e-05 data=3.952e-05 best=4.211e-03 lr=6.40e-04
2026-02-14 12:12:49,753 | INFO | [Inverse][gaussian|pts=1500|noise=1%] epoch=6199/11999 total=6.095e-03 pde=7.498e-04 bc=7.207e-05 data=4.625e-05 best=4.211e-03 lr=6.40e-04
2026-02-14 12:12:51,193 | INFO | [Inverse][gaussian|pts=1500|noise=1%] epoch=6299/11999 total=5.089e-03 pde=7.193e-04 bc=5.847e-05 data=3.785e-05 best=4.211e-03 lr=6.40e-04
2026-02-14 12:12:52,621 | INFO | [Inverse][gaussian|pts=1500|noise=1%] epoch=6399/11999 total=5.013e-03 pde=7.051e-04 bc=6.689e-05 data=3.639e-05 best=3.841e-03 lr=5.12e-04
2026-02-14 12:12:54,047 | INFO | [Inverse][gaussian|pts=1500|noise=1%] checkpoint saved at epoch=6499 -> outputs_refactor\full_matrix_rerun_20260214_112937\checkpoints\gaussian\inverse_pts_1500_noise_1_last.pth
2026-02-14 12:12:54,048 | INFO | [Inverse][gaussian|pts=1500|noise=1%] epoch=6499/11999 total=5.712e-03 pde=7.154e-04 bc=7.645e-05 data=4.233e-05 best=3.841e-03 lr=5.12e-04
2026-02-14 12:12:55,486 | INFO | [Inverse][gaussian|pts=1500|noise=1%] epoch=6599/11999 total=1.189e-02 pde=8.489e-04 bc=3.632e-05 data=1.067e-04 best=3.841e-03 lr=5.12e-04
2026-02-14 12:12:56,909 | INFO | [Inverse][gaussian|pts=1500|noise=1%] epoch=6699/11999 total=4.965e-03 pde=1.038e-03 bc=6.203e-05 data=3.307e-05 best=3.841e-03 lr=5.12e-04
2026-02-14 12:12:58,352 | INFO | [Inverse][gaussian|pts=1500|noise=1%] epoch=6799/11999 total=6.218e-03 pde=7.098e-04 bc=8.334e-05 data=4.675e-05 best=3.841e-03 lr=5.12e-04
2026-02-14 12:12:59,799 | INFO | [Inverse][gaussian|pts=1500|noise=1%] epoch=6899/11999 total=7.840e-03 pde=7.410e-04 bc=2.531e-05 data=6.846e-05 best=3.814e-03 lr=4.10e-04
2026-02-14 12:13:01,239 | INFO | [Inverse][gaussian|pts=1500|noise=1%] checkpoint saved at epoch=6999 -> outputs_refactor\full_matrix_rerun_20260214_112937\checkpoints\gaussian\inverse_pts_1500_noise_1_last.pth
2026-02-14 12:13:01,239 | INFO | [Inverse][gaussian|pts=1500|noise=1%] epoch=6999/11999 total=6.852e-03 pde=1.074e-03 bc=5.294e-05 data=5.249e-05 best=3.622e-03 lr=4.10e-04
2026-02-14 12:13:02,661 | INFO | [Inverse][gaussian|pts=1500|noise=1%] epoch=7099/11999 total=4.355e-03 pde=6.560e-04 bc=4.164e-05 data=3.282e-05 best=3.622e-03 lr=4.10e-04
2026-02-14 12:13:04,072 | INFO | [Inverse][gaussian|pts=1500|noise=1%] epoch=7199/11999 total=4.094e-03 pde=6.401e-04 bc=3.906e-05 data=3.064e-05 best=3.622e-03 lr=4.10e-04
2026-02-14 12:13:05,501 | INFO | [Inverse][gaussian|pts=1500|noise=1%] epoch=7299/11999 total=3.957e-03 pde=6.281e-04 bc=3.789e-05 data=2.950e-05 best=3.622e-03 lr=4.10e-04
2026-02-14 12:13:06,923 | INFO | [Inverse][gaussian|pts=1500|noise=1%] epoch=7399/11999 total=3.875e-03 pde=6.181e-04 bc=3.734e-05 data=2.884e-05 best=3.622e-03 lr=4.10e-04
2026-02-14 12:13:08,371 | INFO | [Inverse][gaussian|pts=1500|noise=1%] checkpoint saved at epoch=7499 -> outputs_refactor\full_matrix_rerun_20260214_112937\checkpoints\gaussian\inverse_pts_1500_noise_1_last.pth
2026-02-14 12:13:08,371 | INFO | [Inverse][gaussian|pts=1500|noise=1%] epoch=7499/11999 total=3.805e-03 pde=6.093e-04 bc=3.692e-05 data=2.826e-05 best=3.396e-03 lr=3.28e-04
2026-02-14 12:13:09,848 | INFO | [Inverse][gaussian|pts=1500|noise=1%] epoch=7599/11999 total=3.240e-03 pde=5.898e-04 bc=3.068e-05 data=2.343e-05 best=3.114e-03 lr=3.28e-04
2026-02-14 12:13:11,320 | INFO | [Inverse][gaussian|pts=1500|noise=1%] epoch=7699/11999 total=3.275e-03 pde=5.847e-04 bc=3.249e-05 data=2.366e-05 best=3.006e-03 lr=3.28e-04
2026-02-14 12:13:12,739 | INFO | [Inverse][gaussian|pts=1500|noise=1%] epoch=7799/11999 total=3.373e-03 pde=5.775e-04 bc=4.160e-05 data=2.379e-05 best=3.006e-03 lr=3.28e-04
2026-02-14 12:13:14,193 | INFO | [Inverse][gaussian|pts=1500|noise=1%] epoch=7899/11999 total=3.027e-03 pde=5.685e-04 bc=3.363e-05 data=2.122e-05 best=2.934e-03 lr=3.28e-04
2026-02-14 12:13:15,658 | INFO | [Inverse][gaussian|pts=1500|noise=1%] checkpoint saved at epoch=7999 -> outputs_refactor\full_matrix_rerun_20260214_112937\checkpoints\gaussian\inverse_pts_1500_noise_1_last.pth
2026-02-14 12:13:15,659 | INFO | [Inverse][gaussian|pts=1500|noise=1%] epoch=7999/11999 total=2.925e-03 pde=5.622e-04 bc=2.827e-05 data=2.080e-05 best=2.908e-03 lr=3.28e-04
2026-02-14 12:13:17,149 | INFO | [Inverse][gaussian|pts=1500|noise=1%] epoch=8099/11999 total=2.938e-03 pde=5.547e-04 bc=3.192e-05 data=2.064e-05 best=2.801e-03 lr=3.28e-04
2026-02-14 12:13:18,660 | INFO | [Inverse][gaussian|pts=1500|noise=1%] epoch=8199/11999 total=2.707e-03 pde=5.432e-04 bc=2.718e-05 data=1.892e-05 best=2.707e-03 lr=3.28e-04
2026-02-14 12:13:20,138 | INFO | [Inverse][gaussian|pts=1500|noise=1%] epoch=8299/11999 total=3.720e-03 pde=5.583e-04 bc=3.493e-05 data=2.812e-05 best=2.666e-03 lr=3.28e-04
2026-02-14 12:13:21,557 | INFO | [Inverse][gaussian|pts=1500|noise=1%] epoch=8399/11999 total=3.457e-03 pde=5.491e-04 bc=3.215e-05 data=2.586e-05 best=2.666e-03 lr=3.28e-04
2026-02-14 12:13:22,980 | INFO | [Inverse][gaussian|pts=1500|noise=1%] checkpoint saved at epoch=8499 -> outputs_refactor\full_matrix_rerun_20260214_112937\checkpoints\gaussian\inverse_pts_1500_noise_1_last.pth
2026-02-14 12:13:22,981 | INFO | [Inverse][gaussian|pts=1500|noise=1%] epoch=8499/11999 total=3.437e-03 pde=5.426e-04 bc=3.212e-05 data=2.573e-05 best=2.666e-03 lr=3.28e-04
2026-02-14 12:13:24,399 | INFO | [Inverse][gaussian|pts=1500|noise=1%] epoch=8599/11999 total=3.050e-03 pde=5.276e-04 bc=2.868e-05 data=2.236e-05 best=2.666e-03 lr=3.28e-04
2026-02-14 12:13:25,846 | INFO | [Inverse][gaussian|pts=1500|noise=1%] epoch=8699/11999 total=3.011e-03 pde=5.210e-04 bc=2.847e-05 data=2.205e-05 best=2.666e-03 lr=3.28e-04
2026-02-14 12:13:27,267 | INFO | [Inverse][gaussian|pts=1500|noise=1%] epoch=8799/11999 total=2.466e-03 pde=5.051e-04 bc=2.499e-05 data=1.711e-05 best=2.466e-03 lr=2.62e-04
2026-02-14 12:13:28,912 | INFO | [Inverse][gaussian|pts=1500|noise=1%] epoch=8899/11999 total=2.413e-03 pde=4.987e-04 bc=2.431e-05 data=1.671e-05 best=2.413e-03 lr=2.62e-04
2026-02-14 12:13:30,693 | INFO | [Inverse][gaussian|pts=1500|noise=1%] checkpoint saved at epoch=8999 -> outputs_refactor\full_matrix_rerun_20260214_112937\checkpoints\gaussian\inverse_pts_1500_noise_1_last.pth
2026-02-14 12:13:30,694 | INFO | [Inverse][gaussian|pts=1500|noise=1%] epoch=8999/11999 total=2.359e-03 pde=4.910e-04 bc=2.382e-05 data=1.630e-05 best=2.359e-03 lr=2.62e-04
2026-02-14 12:13:32,478 | INFO | [Inverse][gaussian|pts=1500|noise=1%] epoch=9099/11999 total=2.304e-03 pde=4.824e-04 bc=2.331e-05 data=1.589e-05 best=2.304e-03 lr=2.62e-04
2026-02-14 12:13:34,309 | INFO | [Inverse][gaussian|pts=1500|noise=1%] epoch=9199/11999 total=2.250e-03 pde=4.732e-04 bc=2.280e-05 data=1.548e-05 best=2.250e-03 lr=2.62e-04
2026-02-14 12:13:36,092 | INFO | [Inverse][gaussian|pts=1500|noise=1%] epoch=9299/11999 total=2.195e-03 pde=4.636e-04 bc=2.232e-05 data=1.508e-05 best=2.195e-03 lr=2.62e-04
2026-02-14 12:13:37,607 | INFO | [Inverse][gaussian|pts=1500|noise=1%] epoch=9399/11999 total=2.141e-03 pde=4.535e-04 bc=2.181e-05 data=1.469e-05 best=2.141e-03 lr=2.62e-04
2026-02-14 12:13:39,185 | INFO | [Inverse][gaussian|pts=1500|noise=1%] checkpoint saved at epoch=9499 -> outputs_refactor\full_matrix_rerun_20260214_112937\checkpoints\gaussian\inverse_pts_1500_noise_1_last.pth
2026-02-14 12:13:39,185 | INFO | [Inverse][gaussian|pts=1500|noise=1%] epoch=9499/11999 total=2.091e-03 pde=4.435e-04 bc=2.128e-05 data=1.435e-05 best=2.091e-03 lr=2.62e-04
2026-02-14 12:13:40,761 | INFO | [Inverse][gaussian|pts=1500|noise=1%] epoch=9599/11999 total=2.170e-03 pde=4.374e-04 bc=2.057e-05 data=1.527e-05 best=2.071e-03 lr=2.62e-04
2026-02-14 12:13:42,190 | INFO | [Inverse][gaussian|pts=1500|noise=1%] epoch=9699/11999 total=2.089e-03 pde=4.269e-04 bc=1.956e-05 data=1.467e-05 best=2.024e-03 lr=2.62e-04
2026-02-14 12:13:43,627 | INFO | [Inverse][gaussian|pts=1500|noise=1%] epoch=9799/11999 total=2.036e-03 pde=4.159e-04 bc=2.082e-05 data=1.412e-05 best=1.957e-03 lr=2.62e-04
2026-02-14 12:13:45,083 | INFO | [Inverse][gaussian|pts=1500|noise=1%] epoch=9899/11999 total=2.072e-03 pde=4.071e-04 bc=2.499e-05 data=1.415e-05 best=1.907e-03 lr=2.62e-04
2026-02-14 12:13:46,551 | INFO | [Inverse][gaussian|pts=1500|noise=1%] checkpoint saved at epoch=9999 -> outputs_refactor\full_matrix_rerun_20260214_112937\checkpoints\gaussian\inverse_pts_1500_noise_1_last.pth
2026-02-14 12:13:46,551 | INFO | [Inverse][gaussian|pts=1500|noise=1%] epoch=9999/11999 total=1.910e-03 pde=3.975e-04 bc=1.961e-05 data=1.316e-05 best=1.858e-03 lr=2.62e-04
2026-02-14 12:13:47,993 | INFO | [Inverse][gaussian|pts=1500|noise=1%] epoch=10099/11999 total=2.241e-03 pde=3.986e-04 bc=2.427e-05 data=1.599e-05 best=1.831e-03 lr=2.62e-04
2026-02-14 12:13:49,421 | INFO | [Inverse][gaussian|pts=1500|noise=1%] epoch=10199/11999 total=3.011e-03 pde=6.396e-04 bc=3.715e-05 data=2.000e-05 best=1.831e-03 lr=2.62e-04
2026-02-14 12:13:50,886 | INFO | [Inverse][gaussian|pts=1500|noise=1%] epoch=10299/11999 total=2.995e-03 pde=4.205e-04 bc=1.627e-05 data=2.412e-05 best=1.831e-03 lr=2.62e-04
2026-02-14 12:13:52,301 | INFO | [Inverse][gaussian|pts=1500|noise=1%] epoch=10399/11999 total=2.837e-03 pde=8.254e-04 bc=3.296e-05 data=1.682e-05 best=1.831e-03 lr=2.62e-04
2026-02-14 12:13:53,714 | INFO | [Inverse][gaussian|pts=1500|noise=1%] checkpoint saved at epoch=10499 -> outputs_refactor\full_matrix_rerun_20260214_112937\checkpoints\gaussian\inverse_pts_1500_noise_1_last.pth
2026-02-14 12:13:53,714 | INFO | [Inverse][gaussian|pts=1500|noise=1%] epoch=10499/11999 total=2.747e-03 pde=5.061e-04 bc=1.556e-05 data=2.085e-05 best=1.831e-03 lr=2.62e-04
2026-02-14 12:13:55,132 | INFO | [Inverse][gaussian|pts=1500|noise=1%] epoch=10599/11999 total=2.290e-03 pde=4.510e-04 bc=3.009e-05 data=1.538e-05 best=1.831e-03 lr=2.10e-04
2026-02-14 12:13:56,540 | INFO | [Inverse][gaussian|pts=1500|noise=1%] epoch=10699/11999 total=2.213e-03 pde=3.850e-04 bc=1.546e-05 data=1.673e-05 best=1.831e-03 lr=2.10e-04
2026-02-14 12:13:57,978 | INFO | [Inverse][gaussian|pts=1500|noise=1%] epoch=10799/11999 total=2.365e-03 pde=5.930e-04 bc=2.917e-05 data=1.480e-05 best=1.831e-03 lr=2.10e-04
2026-02-14 12:13:59,393 | INFO | [Inverse][gaussian|pts=1500|noise=1%] epoch=10899/11999 total=2.259e-03 pde=5.383e-04 bc=1.571e-05 data=1.563e-05 best=1.831e-03 lr=2.10e-04
2026-02-14 12:14:00,850 | INFO | [Inverse][gaussian|pts=1500|noise=1%] checkpoint saved at epoch=10999 -> outputs_refactor\full_matrix_rerun_20260214_112937\checkpoints\gaussian\inverse_pts_1500_noise_1_last.pth
2026-02-14 12:14:00,850 | INFO | [Inverse][gaussian|pts=1500|noise=1%] epoch=10999/11999 total=2.098e-03 pde=3.718e-04 bc=2.851e-05 data=1.441e-05 best=1.831e-03 lr=2.10e-04
2026-02-14 12:14:02,273 | INFO | [Inverse][gaussian|pts=1500|noise=1%] epoch=11099/11999 total=1.826e-03 pde=3.653e-04 bc=2.319e-05 data=1.229e-05 best=1.740e-03 lr=1.68e-04
2026-02-14 12:14:03,931 | INFO | [Inverse][gaussian|pts=1500|noise=1%] epoch=11199/11999 total=1.721e-03 pde=3.599e-04 bc=1.902e-05 data=1.171e-05 best=1.721e-03 lr=1.68e-04
2026-02-14 12:14:05,794 | INFO | [Inverse][gaussian|pts=1500|noise=1%] epoch=11299/11999 total=1.703e-03 pde=3.552e-04 bc=1.880e-05 data=1.160e-05 best=1.703e-03 lr=1.68e-04
2026-02-14 12:14:07,614 | INFO | [Inverse][gaussian|pts=1500|noise=1%] epoch=11399/11999 total=1.685e-03 pde=3.505e-04 bc=1.857e-05 data=1.148e-05 best=1.685e-03 lr=1.68e-04
2026-02-14 12:14:09,425 | INFO | [Inverse][gaussian|pts=1500|noise=1%] checkpoint saved at epoch=11499 -> outputs_refactor\full_matrix_rerun_20260214_112937\checkpoints\gaussian\inverse_pts_1500_noise_1_last.pth
2026-02-14 12:14:09,425 | INFO | [Inverse][gaussian|pts=1500|noise=1%] epoch=11499/11999 total=1.666e-03 pde=3.457e-04 bc=1.835e-05 data=1.137e-05 best=1.666e-03 lr=1.68e-04
2026-02-14 12:14:11,209 | INFO | [Inverse][gaussian|pts=1500|noise=1%] epoch=11599/11999 total=1.647e-03 pde=3.408e-04 bc=1.814e-05 data=1.124e-05 best=1.647e-03 lr=1.68e-04
2026-02-14 12:14:13,033 | INFO | [Inverse][gaussian|pts=1500|noise=1%] epoch=11699/11999 total=1.627e-03 pde=3.357e-04 bc=1.793e-05 data=1.112e-05 best=1.627e-03 lr=1.68e-04
2026-02-14 12:14:14,828 | INFO | [Inverse][gaussian|pts=1500|noise=1%] epoch=11799/11999 total=1.606e-03 pde=3.305e-04 bc=1.772e-05 data=1.099e-05 best=1.606e-03 lr=1.68e-04
2026-02-14 12:14:16,400 | INFO | [Inverse][gaussian|pts=1500|noise=1%] epoch=11899/11999 total=1.590e-03 pde=3.253e-04 bc=1.764e-05 data=1.089e-05 best=1.586e-03 lr=1.68e-04
2026-02-14 12:14:17,935 | INFO | [Inverse][gaussian|pts=1500|noise=1%] checkpoint saved at epoch=11999 -> outputs_refactor\full_matrix_rerun_20260214_112937\checkpoints\gaussian\inverse_pts_1500_noise_1_last.pth
2026-02-14 12:14:17,936 | INFO | [Inverse][gaussian|pts=1500|noise=1%] epoch=11999/11999 total=1.570e-03 pde=3.203e-04 bc=1.703e-05 data=1.080e-05 best=1.568e-03 lr=1.68e-04
2026-02-14 12:14:18,509 | INFO | [Inverse][pts_1500_noise_2] start training charge=gaussian points=1500 noise=2%
2026-02-14 12:14:18,531 | INFO | [Inverse][gaussian|pts=1500|noise=2%] epoch=0/11999 total=1.545e+01 pde=4.507e-03 bc=1.478e-01 data=1.396e-01 best=1.545e+01 lr=1.00e-03
2026-02-14 12:14:20,263 | INFO | [Inverse][gaussian|pts=1500|noise=2%] epoch=99/11999 total=5.337e-01 pde=2.024e-01 bc=1.721e-03 data=3.141e-03 best=5.337e-01 lr=1.00e-03
2026-02-14 12:14:21,846 | INFO | [Inverse][gaussian|pts=1500|noise=2%] epoch=199/11999 total=3.272e-01 pde=8.597e-02 bc=1.744e-03 data=2.238e-03 best=3.272e-01 lr=1.00e-03
2026-02-14 12:14:23,373 | INFO | [Inverse][gaussian|pts=1500|noise=2%] epoch=299/11999 total=2.526e-01 pde=4.360e-02 bc=1.094e-03 data=1.981e-03 best=2.521e-01 lr=1.00e-03
2026-02-14 12:14:24,962 | INFO | [Inverse][gaussian|pts=1500|noise=2%] epoch=399/11999 total=1.787e-01 pde=2.454e-02 bc=5.599e-04 data=1.485e-03 best=1.755e-01 lr=1.00e-03
2026-02-14 12:14:26,549 | INFO | [Inverse][gaussian|pts=1500|noise=2%] checkpoint saved at epoch=499 -> outputs_refactor\full_matrix_rerun_20260214_112937\checkpoints\gaussian\inverse_pts_1500_noise_2_last.pth
2026-02-14 12:14:26,549 | INFO | [Inverse][gaussian|pts=1500|noise=2%] epoch=499/11999 total=1.267e-01 pde=1.881e-02 bc=7.006e-04 data=1.009e-03 best=1.245e-01 lr=1.00e-03
2026-02-14 12:14:28,082 | INFO | [Inverse][gaussian|pts=1500|noise=2%] epoch=599/11999 total=1.052e-01 pde=2.244e-02 bc=4.782e-04 data=7.795e-04 best=1.049e-01 lr=1.00e-03
2026-02-14 12:14:29,567 | INFO | [Inverse][gaussian|pts=1500|noise=2%] epoch=699/11999 total=9.927e-02 pde=2.264e-02 bc=2.263e-04 data=7.437e-04 best=9.399e-02 lr=1.00e-03
2026-02-14 12:14:31,064 | INFO | [Inverse][gaussian|pts=1500|noise=2%] epoch=799/11999 total=9.689e-02 pde=2.198e-02 bc=2.901e-04 data=7.201e-04 best=8.839e-02 lr=1.00e-03
2026-02-14 12:14:32,536 | INFO | [Inverse][gaussian|pts=1500|noise=2%] epoch=899/11999 total=8.649e-02 pde=2.028e-02 bc=3.287e-04 data=6.293e-04 best=8.393e-02 lr=1.00e-03
2026-02-14 12:14:34,059 | INFO | [Inverse][gaussian|pts=1500|noise=2%] checkpoint saved at epoch=999 -> outputs_refactor\full_matrix_rerun_20260214_112937\checkpoints\gaussian\inverse_pts_1500_noise_2_last.pth
2026-02-14 12:14:34,059 | INFO | [Inverse][gaussian|pts=1500|noise=2%] epoch=999/11999 total=7.767e-02 pde=1.769e-02 bc=2.692e-04 data=5.729e-04 best=7.554e-02 lr=1.00e-03
2026-02-14 12:14:35,583 | INFO | [Inverse][gaussian|pts=1500|noise=2%] epoch=1099/11999 total=6.896e-02 pde=1.518e-02 bc=2.705e-04 data=5.108e-04 best=6.656e-02 lr=1.00e-03
2026-02-14 12:14:37,102 | INFO | [Inverse][gaussian|pts=1500|noise=2%] epoch=1199/11999 total=6.123e-02 pde=1.358e-02 bc=2.461e-04 data=4.519e-04 best=5.765e-02 lr=1.00e-03
2026-02-14 12:14:38,660 | INFO | [Inverse][gaussian|pts=1500|noise=2%] epoch=1299/11999 total=5.255e-02 pde=1.232e-02 bc=1.631e-04 data=3.860e-04 best=4.985e-02 lr=1.00e-03
2026-02-14 12:14:40,191 | INFO | [Inverse][gaussian|pts=1500|noise=2%] epoch=1399/11999 total=4.407e-02 pde=1.087e-02 bc=8.709e-05 data=3.233e-04 best=4.319e-02 lr=1.00e-03
2026-02-14 12:14:41,720 | INFO | [Inverse][gaussian|pts=1500|noise=2%] checkpoint saved at epoch=1499 -> outputs_refactor\full_matrix_rerun_20260214_112937\checkpoints\gaussian\inverse_pts_1500_noise_2_last.pth
2026-02-14 12:14:41,720 | INFO | [Inverse][gaussian|pts=1500|noise=2%] epoch=1499/11999 total=3.390e-02 pde=9.044e-03 bc=6.178e-05 data=2.424e-04 best=3.365e-02 lr=1.00e-03
2026-02-14 12:14:43,139 | INFO | [Inverse][gaussian|pts=1500|noise=2%] epoch=1599/11999 total=3.856e-02 pde=7.591e-03 bc=2.184e-04 data=2.879e-04 best=3.090e-02 lr=1.00e-03
2026-02-14 12:14:44,605 | INFO | [Inverse][gaussian|pts=1500|noise=2%] epoch=1699/11999 total=3.254e-02 pde=6.025e-03 bc=1.876e-04 data=2.463e-04 best=2.547e-02 lr=1.00e-03
2026-02-14 12:14:46,029 | INFO | [Inverse][gaussian|pts=1500|noise=2%] epoch=1799/11999 total=2.426e-02 pde=4.826e-03 bc=1.328e-04 data=1.810e-04 best=2.373e-02 lr=1.00e-03
2026-02-14 12:14:47,538 | INFO | [Inverse][gaussian|pts=1500|noise=2%] epoch=1899/11999 total=2.202e-02 pde=4.042e-03 bc=1.388e-04 data=1.659e-04 best=1.978e-02 lr=1.00e-03
2026-02-14 12:14:49,077 | INFO | [Inverse][gaussian|pts=1500|noise=2%] checkpoint saved at epoch=1999 -> outputs_refactor\full_matrix_rerun_20260214_112937\checkpoints\gaussian\inverse_pts_1500_noise_2_last.pth
2026-02-14 12:14:49,077 | INFO | [Inverse][gaussian|pts=1500|noise=2%] epoch=1999/11999 total=1.975e-02 pde=3.409e-03 bc=1.345e-04 data=1.499e-04 best=1.686e-02 lr=1.00e-03
2026-02-14 12:14:50,557 | INFO | [Inverse][gaussian|pts=1500|noise=2%] epoch=2099/11999 total=1.575e-02 pde=2.863e-03 bc=1.005e-04 data=1.188e-04 best=1.575e-02 lr=1.00e-03
2026-02-14 12:14:52,058 | INFO | [Inverse][gaussian|pts=1500|noise=2%] epoch=2199/11999 total=1.171e-02 pde=2.363e-03 bc=7.065e-05 data=8.638e-05 best=1.171e-02 lr=1.00e-03
2026-02-14 12:14:53,491 | INFO | [Inverse][gaussian|pts=1500|noise=2%] epoch=2299/11999 total=1.391e-02 pde=2.042e-03 bc=1.306e-04 data=1.056e-04 best=1.171e-02 lr=1.00e-03
2026-02-14 12:14:54,961 | INFO | [Inverse][gaussian|pts=1500|noise=2%] epoch=2399/11999 total=1.236e-02 pde=1.706e-03 bc=1.182e-04 data=9.468e-05 best=1.023e-02 lr=1.00e-03
2026-02-14 12:14:56,410 | INFO | [Inverse][gaussian|pts=1500|noise=2%] checkpoint saved at epoch=2499 -> outputs_refactor\full_matrix_rerun_20260214_112937\checkpoints\gaussian\inverse_pts_1500_noise_2_last.pth
2026-02-14 12:14:56,411 | INFO | [Inverse][gaussian|pts=1500|noise=2%] epoch=2499/11999 total=1.738e-02 pde=1.627e-03 bc=1.620e-04 data=1.414e-04 best=8.548e-03 lr=1.00e-03
2026-02-14 12:14:57,837 | INFO | [Inverse][gaussian|pts=1500|noise=2%] epoch=2599/11999 total=1.540e-02 pde=1.445e-03 bc=1.475e-04 data=1.248e-04 best=8.548e-03 lr=1.00e-03
2026-02-14 12:14:59,256 | INFO | [Inverse][gaussian|pts=1500|noise=2%] epoch=2699/11999 total=1.327e-02 pde=1.295e-03 bc=1.277e-04 data=1.070e-04 best=8.548e-03 lr=1.00e-03
2026-02-14 12:15:00,693 | INFO | [Inverse][gaussian|pts=1500|noise=2%] epoch=2799/11999 total=1.013e-02 pde=1.162e-03 bc=9.030e-05 data=8.070e-05 best=7.765e-03 lr=1.00e-03
2026-02-14 12:15:02,128 | INFO | [Inverse][gaussian|pts=1500|noise=2%] epoch=2899/11999 total=1.260e-02 pde=1.173e-03 bc=1.215e-04 data=1.021e-04 best=7.765e-03 lr=1.00e-03
2026-02-14 12:15:03,575 | INFO | [Inverse][gaussian|pts=1500|noise=2%] checkpoint saved at epoch=2999 -> outputs_refactor\full_matrix_rerun_20260214_112937\checkpoints\gaussian\inverse_pts_1500_noise_2_last.pth
2026-02-14 12:15:03,576 | INFO | [Inverse][gaussian|pts=1500|noise=2%] epoch=2999/11999 total=1.044e-02 pde=1.082e-03 bc=9.927e-05 data=8.364e-05 best=7.765e-03 lr=1.00e-03
2026-02-14 12:15:05,004 | INFO | [Inverse][gaussian|pts=1500|noise=2%] epoch=3099/11999 total=1.076e-02 pde=1.056e-03 bc=1.052e-04 data=8.655e-05 best=7.765e-03 lr=1.00e-03
2026-02-14 12:15:06,430 | INFO | [Inverse][gaussian|pts=1500|noise=2%] epoch=3199/11999 total=1.013e-02 pde=1.012e-03 bc=9.782e-05 data=8.137e-05 best=7.765e-03 lr=1.00e-03
2026-02-14 12:15:07,861 | INFO | [Inverse][gaussian|pts=1500|noise=2%] epoch=3299/11999 total=7.539e-03 pde=9.296e-04 bc=6.348e-05 data=5.974e-05 best=6.583e-03 lr=8.00e-04
2026-02-14 12:15:09,311 | INFO | [Inverse][gaussian|pts=1500|noise=2%] epoch=3399/11999 total=7.553e-03 pde=9.183e-04 bc=5.476e-05 data=6.087e-05 best=6.583e-03 lr=8.00e-04
2026-02-14 12:15:10,751 | INFO | [Inverse][gaussian|pts=1500|noise=2%] checkpoint saved at epoch=3499 -> outputs_refactor\full_matrix_rerun_20260214_112937\checkpoints\gaussian\inverse_pts_1500_noise_2_last.pth
2026-02-14 12:15:10,752 | INFO | [Inverse][gaussian|pts=1500|noise=2%] epoch=3499/11999 total=7.419e-03 pde=8.990e-04 bc=4.483e-05 data=6.072e-05 best=6.583e-03 lr=8.00e-04
2026-02-14 12:15:12,167 | INFO | [Inverse][gaussian|pts=1500|noise=2%] epoch=3599/11999 total=7.046e-03 pde=8.657e-04 bc=3.590e-05 data=5.821e-05 best=6.583e-03 lr=8.00e-04
2026-02-14 12:15:13,611 | INFO | [Inverse][gaussian|pts=1500|noise=2%] epoch=3699/11999 total=6.219e-03 pde=8.114e-04 bc=2.975e-05 data=5.110e-05 best=6.219e-03 lr=8.00e-04
2026-02-14 12:15:15,053 | INFO | [Inverse][gaussian|pts=1500|noise=2%] epoch=3799/11999 total=7.371e-03 pde=7.616e-04 bc=6.012e-05 data=6.008e-05 best=4.825e-03 lr=8.00e-04
2026-02-14 12:15:16,477 | INFO | [Inverse][gaussian|pts=1500|noise=2%] epoch=3899/11999 total=6.500e-03 pde=7.176e-04 bc=5.145e-05 data=5.268e-05 best=4.825e-03 lr=8.00e-04
2026-02-14 12:15:17,944 | INFO | [Inverse][gaussian|pts=1500|noise=2%] checkpoint saved at epoch=3999 -> outputs_refactor\full_matrix_rerun_20260214_112937\checkpoints\gaussian\inverse_pts_1500_noise_2_last.pth
2026-02-14 12:15:17,945 | INFO | [Inverse][gaussian|pts=1500|noise=2%] epoch=3999/11999 total=5.682e-03 pde=6.804e-04 bc=4.700e-05 data=4.532e-05 best=4.825e-03 lr=8.00e-04
2026-02-14 12:15:19,373 | INFO | [Inverse][gaussian|pts=1500|noise=2%] epoch=4099/11999 total=5.952e-03 pde=6.664e-04 bc=5.158e-05 data=4.770e-05 best=4.825e-03 lr=8.00e-04
2026-02-14 12:15:20,785 | INFO | [Inverse][gaussian|pts=1500|noise=2%] epoch=4199/11999 total=6.789e-03 pde=6.677e-04 bc=6.174e-05 data=5.504e-05 best=4.825e-03 lr=8.00e-04
2026-02-14 12:15:22,226 | INFO | [Inverse][gaussian|pts=1500|noise=2%] epoch=4299/11999 total=5.344e-03 pde=1.360e-03 bc=2.515e-05 data=3.732e-05 best=4.045e-03 lr=6.40e-04
2026-02-14 12:15:23,645 | INFO | [Inverse][gaussian|pts=1500|noise=2%] epoch=4399/11999 total=5.394e-03 pde=6.446e-04 bc=6.432e-05 data=4.107e-05 best=4.045e-03 lr=6.40e-04
2026-02-14 12:15:25,096 | INFO | [Inverse][gaussian|pts=1500|noise=2%] checkpoint saved at epoch=4499 -> outputs_refactor\full_matrix_rerun_20260214_112937\checkpoints\gaussian\inverse_pts_1500_noise_2_last.pth
2026-02-14 12:15:25,097 | INFO | [Inverse][gaussian|pts=1500|noise=2%] epoch=4499/11999 total=5.725e-03 pde=6.129e-04 bc=7.038e-05 data=4.408e-05 best=4.045e-03 lr=6.40e-04
2026-02-14 12:15:26,526 | INFO | [Inverse][gaussian|pts=1500|noise=2%] epoch=4599/11999 total=5.745e-03 pde=6.118e-04 bc=7.075e-05 data=4.426e-05 best=4.045e-03 lr=6.40e-04
2026-02-14 12:15:27,939 | INFO | [Inverse][gaussian|pts=1500|noise=2%] epoch=4699/11999 total=5.838e-03 pde=6.082e-04 bc=7.237e-05 data=4.506e-05 best=4.045e-03 lr=6.40e-04
2026-02-14 12:15:29,356 | INFO | [Inverse][gaussian|pts=1500|noise=2%] epoch=4799/11999 total=5.316e-03 pde=5.936e-04 bc=6.468e-05 data=4.075e-05 best=4.045e-03 lr=5.12e-04
2026-02-14 12:15:30,768 | INFO | [Inverse][gaussian|pts=1500|noise=2%] epoch=4899/11999 total=5.085e-03 pde=5.855e-04 bc=6.134e-05 data=3.886e-05 best=4.045e-03 lr=5.12e-04
2026-02-14 12:15:32,203 | INFO | [Inverse][gaussian|pts=1500|noise=2%] checkpoint saved at epoch=4999 -> outputs_refactor\full_matrix_rerun_20260214_112937\checkpoints\gaussian\inverse_pts_1500_noise_2_last.pth
2026-02-14 12:15:32,204 | INFO | [Inverse][gaussian|pts=1500|noise=2%] epoch=4999/11999 total=4.985e-03 pde=5.799e-04 bc=6.005e-05 data=3.805e-05 best=4.045e-03 lr=5.12e-04
2026-02-14 12:15:33,657 | INFO | [Inverse][gaussian|pts=1500|noise=2%] epoch=5099/11999 total=4.840e-03 pde=5.733e-04 bc=5.787e-05 data=3.688e-05 best=4.045e-03 lr=5.12e-04
2026-02-14 12:15:35,064 | INFO | [Inverse][gaussian|pts=1500|noise=2%] epoch=5199/11999 total=4.649e-03 pde=5.658e-04 bc=5.452e-05 data=3.538e-05 best=4.045e-03 lr=5.12e-04
2026-02-14 12:15:36,528 | INFO | [Inverse][gaussian|pts=1500|noise=2%] epoch=5299/11999 total=3.733e-03 pde=5.407e-04 bc=3.969e-05 data=2.795e-05 best=3.733e-03 lr=4.10e-04
2026-02-14 12:15:38,046 | INFO | [Inverse][gaussian|pts=1500|noise=2%] epoch=5399/11999 total=3.545e-03 pde=5.318e-04 bc=3.669e-05 data=2.647e-05 best=3.545e-03 lr=4.10e-04
2026-02-14 12:15:39,662 | INFO | [Inverse][gaussian|pts=1500|noise=2%] checkpoint saved at epoch=5499 -> outputs_refactor\full_matrix_rerun_20260214_112937\checkpoints\gaussian\inverse_pts_1500_noise_2_last.pth
2026-02-14 12:15:39,663 | INFO | [Inverse][gaussian|pts=1500|noise=2%] epoch=5499/11999 total=3.736e-03 pde=5.320e-04 bc=3.990e-05 data=2.805e-05 best=3.487e-03 lr=4.10e-04
2026-02-14 12:15:41,216 | INFO | [Inverse][gaussian|pts=1500|noise=2%] epoch=5599/11999 total=3.551e-03 pde=5.228e-04 bc=3.701e-05 data=2.658e-05 best=3.487e-03 lr=4.10e-04
2026-02-14 12:15:42,702 | INFO | [Inverse][gaussian|pts=1500|noise=2%] epoch=5699/11999 total=5.212e-03 pde=5.454e-04 bc=5.762e-05 data=4.091e-05 best=3.407e-03 lr=4.10e-04
2026-02-14 12:15:44,145 | INFO | [Inverse][gaussian|pts=1500|noise=2%] epoch=5799/11999 total=7.911e-03 pde=6.387e-04 bc=8.714e-05 data=6.401e-05 best=3.259e-03 lr=4.10e-04
2026-02-14 12:15:45,573 | INFO | [Inverse][gaussian|pts=1500|noise=2%] epoch=5899/11999 total=4.196e-03 pde=5.296e-04 bc=4.584e-05 data=3.208e-05 best=3.259e-03 lr=4.10e-04
2026-02-14 12:15:47,020 | INFO | [Inverse][gaussian|pts=1500|noise=2%] checkpoint saved at epoch=5999 -> outputs_refactor\full_matrix_rerun_20260214_112937\checkpoints\gaussian\inverse_pts_1500_noise_2_last.pth
2026-02-14 12:15:47,021 | INFO | [Inverse][gaussian|pts=1500|noise=2%] epoch=5999/11999 total=5.081e-03 pde=5.554e-04 bc=5.763e-05 data=3.949e-05 best=3.259e-03 lr=4.10e-04
2026-02-14 12:15:48,452 | INFO | [Inverse][gaussian|pts=1500|noise=2%] epoch=6099/11999 total=6.843e-03 pde=6.114e-04 bc=7.450e-05 data=5.487e-05 best=3.259e-03 lr=4.10e-04
2026-02-14 12:15:49,929 | INFO | [Inverse][gaussian|pts=1500|noise=2%] epoch=6199/11999 total=4.290e-03 pde=5.288e-04 bc=4.609e-05 data=3.300e-05 best=3.259e-03 lr=4.10e-04
2026-02-14 12:15:51,372 | INFO | [Inverse][gaussian|pts=1500|noise=2%] epoch=6299/11999 total=3.984e-03 pde=5.246e-04 bc=4.143e-05 data=3.045e-05 best=3.232e-03 lr=3.28e-04
2026-02-14 12:15:52,787 | INFO | [Inverse][gaussian|pts=1500|noise=2%] epoch=6399/11999 total=5.881e-03 pde=5.751e-04 bc=6.326e-05 data=4.673e-05 best=3.232e-03 lr=3.28e-04
2026-02-14 12:15:54,195 | INFO | [Inverse][gaussian|pts=1500|noise=2%] checkpoint saved at epoch=6499 -> outputs_refactor\full_matrix_rerun_20260214_112937\checkpoints\gaussian\inverse_pts_1500_noise_2_last.pth
2026-02-14 12:15:54,196 | INFO | [Inverse][gaussian|pts=1500|noise=2%] epoch=6499/11999 total=3.560e-03 pde=4.947e-04 bc=3.644e-05 data=2.701e-05 best=3.232e-03 lr=3.28e-04
2026-02-14 12:15:55,649 | INFO | [Inverse][gaussian|pts=1500|noise=2%] epoch=6599/11999 total=3.196e-03 pde=4.816e-04 bc=2.762e-05 data=2.438e-05 best=3.013e-03 lr=3.28e-04
2026-02-14 12:15:57,187 | INFO | [Inverse][gaussian|pts=1500|noise=2%] epoch=6699/11999 total=4.720e-03 pde=5.144e-04 bc=5.867e-05 data=3.619e-05 best=2.908e-03 lr=3.28e-04
2026-02-14 12:15:58,619 | INFO | [Inverse][gaussian|pts=1500|noise=2%] epoch=6799/11999 total=4.043e-03 pde=4.798e-04 bc=4.154e-05 data=3.148e-05 best=2.908e-03 lr=3.28e-04
2026-02-14 12:16:00,052 | INFO | [Inverse][gaussian|pts=1500|noise=2%] epoch=6899/11999 total=3.943e-03 pde=4.746e-04 bc=3.976e-05 data=3.071e-05 best=2.908e-03 lr=3.28e-04
2026-02-14 12:16:01,452 | INFO | [Inverse][gaussian|pts=1500|noise=2%] checkpoint saved at epoch=6999 -> outputs_refactor\full_matrix_rerun_20260214_112937\checkpoints\gaussian\inverse_pts_1500_noise_2_last.pth
2026-02-14 12:16:01,452 | INFO | [Inverse][gaussian|pts=1500|noise=2%] epoch=6999/11999 total=3.567e-03 pde=4.616e-04 bc=3.632e-05 data=2.742e-05 best=2.908e-03 lr=3.28e-04
2026-02-14 12:16:02,866 | INFO | [Inverse][gaussian|pts=1500|noise=2%] epoch=7099/11999 total=3.700e-03 pde=4.606e-04 bc=3.783e-05 data=2.861e-05 best=2.908e-03 lr=3.28e-04
2026-02-14 12:16:04,285 | INFO | [Inverse][gaussian|pts=1500|noise=2%] epoch=7199/11999 total=3.627e-03 pde=4.582e-04 bc=3.424e-05 data=2.826e-05 best=2.805e-03 lr=2.62e-04
2026-02-14 12:16:05,683 | INFO | [Inverse][gaussian|pts=1500|noise=2%] epoch=7299/11999 total=2.751e-03 pde=4.323e-04 bc=2.559e-05 data=2.063e-05 best=2.751e-03 lr=2.62e-04
2026-02-14 12:16:07,389 | INFO | [Inverse][gaussian|pts=1500|noise=2%] epoch=7399/11999 total=2.714e-03 pde=4.263e-04 bc=2.531e-05 data=2.034e-05 best=2.714e-03 lr=2.62e-04
2026-02-14 12:16:09,197 | INFO | [Inverse][gaussian|pts=1500|noise=2%] checkpoint saved at epoch=7499 -> outputs_refactor\full_matrix_rerun_20260214_112937\checkpoints\gaussian\inverse_pts_1500_noise_2_last.pth
2026-02-14 12:16:09,198 | INFO | [Inverse][gaussian|pts=1500|noise=2%] epoch=7499/11999 total=2.677e-03 pde=4.192e-04 bc=2.496e-05 data=2.009e-05 best=2.677e-03 lr=2.62e-04
2026-02-14 12:16:11,020 | INFO | [Inverse][gaussian|pts=1500|noise=2%] epoch=7599/11999 total=2.641e-03 pde=4.116e-04 bc=2.460e-05 data=1.983e-05 best=2.641e-03 lr=2.62e-04
2026-02-14 12:16:12,793 | INFO | [Inverse][gaussian|pts=1500|noise=2%] epoch=7699/11999 total=2.604e-03 pde=4.035e-04 bc=2.423e-05 data=1.958e-05 best=2.604e-03 lr=2.62e-04
2026-02-14 12:16:14,578 | INFO | [Inverse][gaussian|pts=1500|noise=2%] epoch=7799/11999 total=2.566e-03 pde=3.951e-04 bc=2.385e-05 data=1.933e-05 best=2.566e-03 lr=2.62e-04
2026-02-14 12:16:16,345 | INFO | [Inverse][gaussian|pts=1500|noise=2%] epoch=7899/11999 total=2.529e-03 pde=3.864e-04 bc=2.367e-05 data=1.906e-05 best=2.529e-03 lr=2.62e-04
2026-02-14 12:16:17,836 | INFO | [Inverse][gaussian|pts=1500|noise=2%] checkpoint saved at epoch=7999 -> outputs_refactor\full_matrix_rerun_20260214_112937\checkpoints\gaussian\inverse_pts_1500_noise_2_last.pth
2026-02-14 12:16:17,837 | INFO | [Inverse][gaussian|pts=1500|noise=2%] epoch=7999/11999 total=2.494e-03 pde=3.775e-04 bc=2.345e-05 data=1.882e-05 best=2.494e-03 lr=2.62e-04
2026-02-14 12:16:19,297 | INFO | [Inverse][gaussian|pts=1500|noise=2%] epoch=8099/11999 total=2.476e-03 pde=3.696e-04 bc=2.107e-05 data=1.895e-05 best=2.463e-03 lr=2.62e-04
2026-02-14 12:16:20,757 | INFO | [Inverse][gaussian|pts=1500|noise=2%] epoch=8199/11999 total=2.549e-03 pde=3.641e-04 bc=2.214e-05 data=1.963e-05 best=2.434e-03 lr=2.62e-04
2026-02-14 12:16:22,170 | INFO | [Inverse][gaussian|pts=1500|noise=2%] epoch=8299/11999 total=2.613e-03 pde=3.594e-04 bc=2.784e-05 data=1.976e-05 best=2.412e-03 lr=2.62e-04
2026-02-14 12:16:23,608 | INFO | [Inverse][gaussian|pts=1500|noise=2%] epoch=8399/11999 total=2.422e-03 pde=3.457e-04 bc=2.357e-05 data=1.840e-05 best=2.365e-03 lr=2.62e-04
2026-02-14 12:16:25,048 | INFO | [Inverse][gaussian|pts=1500|noise=2%] checkpoint saved at epoch=8499 -> outputs_refactor\full_matrix_rerun_20260214_112937\checkpoints\gaussian\inverse_pts_1500_noise_2_last.pth
2026-02-14 12:16:25,049 | INFO | [Inverse][gaussian|pts=1500|noise=2%] epoch=8499/11999 total=2.410e-03 pde=3.384e-04 bc=2.327e-05 data=1.839e-05 best=2.344e-03 lr=2.62e-04
2026-02-14 12:16:26,504 | INFO | [Inverse][gaussian|pts=1500|noise=2%] epoch=8599/11999 total=2.308e-03 pde=3.283e-04 bc=2.170e-05 data=1.763e-05 best=2.297e-03 lr=2.62e-04
2026-02-14 12:16:27,929 | INFO | [Inverse][gaussian|pts=1500|noise=2%] epoch=8699/11999 total=2.281e-03 pde=3.208e-04 bc=2.146e-05 data=1.745e-05 best=2.280e-03 lr=2.62e-04
2026-02-14 12:16:29,340 | INFO | [Inverse][gaussian|pts=1500|noise=2%] epoch=8799/11999 total=2.391e-03 pde=3.167e-04 bc=2.548e-05 data=1.820e-05 best=2.264e-03 lr=2.62e-04
2026-02-14 12:16:30,799 | INFO | [Inverse][gaussian|pts=1500|noise=2%] epoch=8899/11999 total=2.311e-03 pde=3.094e-04 bc=2.206e-05 data=1.781e-05 best=2.230e-03 lr=2.62e-04
2026-02-14 12:16:32,313 | INFO | [Inverse][gaussian|pts=1500|noise=2%] checkpoint saved at epoch=8999 -> outputs_refactor\full_matrix_rerun_20260214_112937\checkpoints\gaussian\inverse_pts_1500_noise_2_last.pth
2026-02-14 12:16:32,314 | INFO | [Inverse][gaussian|pts=1500|noise=2%] epoch=8999/11999 total=2.317e-03 pde=3.025e-04 bc=1.968e-05 data=1.817e-05 best=2.187e-03 lr=2.62e-04
2026-02-14 12:16:33,809 | INFO | [Inverse][gaussian|pts=1500|noise=2%] epoch=9099/11999 total=2.369e-03 pde=2.982e-04 bc=2.128e-05 data=1.858e-05 best=2.165e-03 lr=2.62e-04
2026-02-14 12:16:35,238 | INFO | [Inverse][gaussian|pts=1500|noise=2%] epoch=9199/11999 total=2.297e-03 pde=2.920e-04 bc=1.976e-05 data=1.807e-05 best=2.163e-03 lr=2.62e-04
2026-02-14 12:16:36,702 | INFO | [Inverse][gaussian|pts=1500|noise=2%] epoch=9299/11999 total=2.134e-03 pde=2.815e-04 bc=1.973e-05 data=1.655e-05 best=2.116e-03 lr=2.62e-04
2026-02-14 12:16:38,135 | INFO | [Inverse][gaussian|pts=1500|noise=2%] epoch=9399/11999 total=2.214e-03 pde=2.790e-04 bc=1.982e-05 data=1.737e-05 best=2.098e-03 lr=2.62e-04
2026-02-14 12:16:39,732 | INFO | [Inverse][gaussian|pts=1500|noise=2%] checkpoint saved at epoch=9499 -> outputs_refactor\full_matrix_rerun_20260214_112937\checkpoints\gaussian\inverse_pts_1500_noise_2_last.pth
2026-02-14 12:16:39,732 | INFO | [Inverse][gaussian|pts=1500|noise=2%] epoch=9499/11999 total=4.112e-03 pde=3.417e-04 bc=1.661e-05 data=3.604e-05 best=2.088e-03 lr=2.62e-04
2026-02-14 12:16:41,233 | INFO | [Inverse][gaussian|pts=1500|noise=2%] epoch=9599/11999 total=4.839e-03 pde=3.713e-04 bc=5.623e-05 data=3.906e-05 best=2.088e-03 lr=2.62e-04
2026-02-14 12:16:42,655 | INFO | [Inverse][gaussian|pts=1500|noise=2%] epoch=9699/11999 total=2.973e-03 pde=2.903e-04 bc=1.445e-05 data=2.538e-05 best=2.088e-03 lr=2.62e-04
2026-02-14 12:16:44,088 | INFO | [Inverse][gaussian|pts=1500|noise=2%] epoch=9799/11999 total=2.995e-03 pde=3.295e-04 bc=1.437e-05 data=2.522e-05 best=2.088e-03 lr=2.62e-04
2026-02-14 12:16:45,494 | INFO | [Inverse][gaussian|pts=1500|noise=2%] epoch=9899/11999 total=3.755e-03 pde=3.272e-04 bc=4.468e-05 data=2.981e-05 best=2.088e-03 lr=2.62e-04
2026-02-14 12:16:46,945 | INFO | [Inverse][gaussian|pts=1500|noise=2%] checkpoint saved at epoch=9999 -> outputs_refactor\full_matrix_rerun_20260214_112937\checkpoints\gaussian\inverse_pts_1500_noise_2_last.pth
2026-02-14 12:16:46,946 | INFO | [Inverse][gaussian|pts=1500|noise=2%] epoch=9999/11999 total=2.037e-03 pde=2.583e-04 bc=1.857e-05 data=1.593e-05 best=2.036e-03 lr=2.10e-04
2026-02-14 12:16:48,729 | INFO | [Inverse][gaussian|pts=1500|noise=2%] epoch=10099/11999 total=2.024e-03 pde=2.554e-04 bc=1.871e-05 data=1.582e-05 best=2.024e-03 lr=2.10e-04
2026-02-14 12:16:50,530 | INFO | [Inverse][gaussian|pts=1500|noise=2%] epoch=10199/11999 total=2.013e-03 pde=2.526e-04 bc=1.851e-05 data=1.575e-05 best=2.013e-03 lr=2.10e-04
2026-02-14 12:16:52,340 | INFO | [Inverse][gaussian|pts=1500|noise=2%] epoch=10299/11999 total=2.001e-03 pde=2.498e-04 bc=1.832e-05 data=1.568e-05 best=2.001e-03 lr=2.10e-04
2026-02-14 12:16:54,091 | INFO | [Inverse][gaussian|pts=1500|noise=2%] epoch=10399/11999 total=2.126e-03 pde=2.510e-04 bc=2.033e-05 data=1.672e-05 best=1.990e-03 lr=2.10e-04
2026-02-14 12:16:55,518 | INFO | [Inverse][gaussian|pts=1500|noise=2%] checkpoint saved at epoch=10499 -> outputs_refactor\full_matrix_rerun_20260214_112937\checkpoints\gaussian\inverse_pts_1500_noise_2_last.pth
2026-02-14 12:16:55,518 | INFO | [Inverse][gaussian|pts=1500|noise=2%] epoch=10499/11999 total=2.002e-03 pde=2.453e-04 bc=1.808e-05 data=1.576e-05 best=1.984e-03 lr=2.10e-04
2026-02-14 12:16:57,014 | INFO | [Inverse][gaussian|pts=1500|noise=2%] epoch=10599/11999 total=1.970e-03 pde=2.416e-04 bc=1.782e-05 data=1.550e-05 best=1.970e-03 lr=2.10e-04
2026-02-14 12:16:58,502 | INFO | [Inverse][gaussian|pts=1500|noise=2%] epoch=10699/11999 total=1.959e-03 pde=2.392e-04 bc=1.774e-05 data=1.542e-05 best=1.958e-03 lr=2.10e-04
2026-02-14 12:16:59,924 | INFO | [Inverse][gaussian|pts=1500|noise=2%] epoch=10799/11999 total=2.062e-03 pde=2.405e-04 bc=1.981e-05 data=1.623e-05 best=1.951e-03 lr=2.10e-04
2026-02-14 12:17:01,414 | INFO | [Inverse][gaussian|pts=1500|noise=2%] epoch=10899/11999 total=1.943e-03 pde=2.343e-04 bc=1.709e-05 data=1.538e-05 best=1.936e-03 lr=2.10e-04
2026-02-14 12:17:02,893 | INFO | [Inverse][gaussian|pts=1500|noise=2%] checkpoint saved at epoch=10999 -> outputs_refactor\full_matrix_rerun_20260214_112937\checkpoints\gaussian\inverse_pts_1500_noise_2_last.pth
2026-02-14 12:17:02,894 | INFO | [Inverse][gaussian|pts=1500|noise=2%] epoch=10999/11999 total=1.937e-03 pde=2.318e-04 bc=1.765e-05 data=1.529e-05 best=1.925e-03 lr=2.10e-04
2026-02-14 12:17:04,379 | INFO | [Inverse][gaussian|pts=1500|noise=2%] epoch=11099/11999 total=2.026e-03 pde=2.327e-04 bc=1.724e-05 data=1.621e-05 best=1.914e-03 lr=2.10e-04
2026-02-14 12:17:05,823 | INFO | [Inverse][gaussian|pts=1500|noise=2%] epoch=11199/11999 total=2.049e-03 pde=2.314e-04 bc=1.729e-05 data=1.644e-05 best=1.912e-03 lr=2.10e-04
2026-02-14 12:17:07,271 | INFO | [Inverse][gaussian|pts=1500|noise=2%] epoch=11299/11999 total=1.970e-03 pde=2.264e-04 bc=1.836e-05 data=1.560e-05 best=1.897e-03 lr=2.10e-04
2026-02-14 12:17:08,735 | INFO | [Inverse][gaussian|pts=1500|noise=2%] epoch=11399/11999 total=1.884e-03 pde=2.212e-04 bc=1.644e-05 data=1.498e-05 best=1.882e-03 lr=2.10e-04
2026-02-14 12:17:10,176 | INFO | [Inverse][gaussian|pts=1500|noise=2%] checkpoint saved at epoch=11499 -> outputs_refactor\full_matrix_rerun_20260214_112937\checkpoints\gaussian\inverse_pts_1500_noise_2_last.pth
2026-02-14 12:17:10,176 | INFO | [Inverse][gaussian|pts=1500|noise=2%] epoch=11499/11999 total=1.887e-03 pde=2.191e-04 bc=1.686e-05 data=1.499e-05 best=1.871e-03 lr=2.10e-04
2026-02-14 12:17:11,623 | INFO | [Inverse][gaussian|pts=1500|noise=2%] epoch=11599/11999 total=1.916e-03 pde=2.180e-04 bc=1.754e-05 data=1.523e-05 best=1.864e-03 lr=2.10e-04
2026-02-14 12:17:13,055 | INFO | [Inverse][gaussian|pts=1500|noise=2%] epoch=11699/11999 total=1.866e-03 pde=2.142e-04 bc=1.577e-05 data=1.495e-05 best=1.864e-03 lr=2.10e-04
2026-02-14 12:17:14,518 | INFO | [Inverse][gaussian|pts=1500|noise=2%] epoch=11799/11999 total=1.867e-03 pde=2.122e-04 bc=1.686e-05 data=1.487e-05 best=1.841e-03 lr=2.10e-04
2026-02-14 12:17:15,955 | INFO | [Inverse][gaussian|pts=1500|noise=2%] epoch=11899/11999 total=1.912e-03 pde=2.113e-04 bc=1.679e-05 data=1.532e-05 best=1.830e-03 lr=2.10e-04
2026-02-14 12:17:17,411 | INFO | [Inverse][gaussian|pts=1500|noise=2%] checkpoint saved at epoch=11999 -> outputs_refactor\full_matrix_rerun_20260214_112937\checkpoints\gaussian\inverse_pts_1500_noise_2_last.pth
2026-02-14 12:17:17,411 | INFO | [Inverse][gaussian|pts=1500|noise=2%] epoch=11999/11999 total=1.816e-03 pde=2.061e-04 bc=1.551e-05 data=1.455e-05 best=1.816e-03 lr=2.10e-04
2026-02-14 12:17:18,240 | INFO | [Inverse][pts_1500_noise_5] start training charge=gaussian points=1500 noise=5%
2026-02-14 12:17:18,263 | INFO | [Inverse][gaussian|pts=1500|noise=5%] epoch=0/11999 total=8.651e+00 pde=1.027e-02 bc=4.606e-02 data=8.180e-02 best=8.651e+00 lr=1.00e-03
2026-02-14 12:17:19,960 | INFO | [Inverse][gaussian|pts=1500|noise=5%] epoch=99/11999 total=5.728e-01 pde=2.457e-01 bc=1.506e-03 data=3.121e-03 best=5.728e-01 lr=1.00e-03
2026-02-14 12:17:21,686 | INFO | [Inverse][gaussian|pts=1500|noise=5%] epoch=199/11999 total=3.101e-01 pde=7.572e-02 bc=1.491e-03 data=2.195e-03 best=3.076e-01 lr=1.00e-03
2026-02-14 12:17:23,209 | INFO | [Inverse][gaussian|pts=1500|noise=5%] epoch=299/11999 total=2.189e-01 pde=3.536e-02 bc=1.563e-03 data=1.679e-03 best=2.170e-01 lr=1.00e-03
2026-02-14 12:17:24,723 | INFO | [Inverse][gaussian|pts=1500|noise=5%] epoch=399/11999 total=1.499e-01 pde=2.159e-02 bc=5.807e-04 data=1.225e-03 best=1.499e-01 lr=1.00e-03
2026-02-14 12:17:26,204 | INFO | [Inverse][gaussian|pts=1500|noise=5%] checkpoint saved at epoch=499 -> outputs_refactor\full_matrix_rerun_20260214_112937\checkpoints\gaussian\inverse_pts_1500_noise_5_last.pth
2026-02-14 12:17:26,204 | INFO | [Inverse][gaussian|pts=1500|noise=5%] epoch=499/11999 total=1.321e-01 pde=2.230e-02 bc=5.328e-04 data=1.045e-03 best=1.269e-01 lr=1.00e-03
2026-02-14 12:17:27,711 | INFO | [Inverse][gaussian|pts=1500|noise=5%] epoch=599/11999 total=1.269e-01 pde=2.280e-02 bc=9.600e-04 data=9.445e-04 best=1.076e-01 lr=1.00e-03
2026-02-14 12:17:29,190 | INFO | [Inverse][gaussian|pts=1500|noise=5%] epoch=699/11999 total=9.310e-02 pde=2.006e-02 bc=2.671e-04 data=7.037e-04 best=9.310e-02 lr=1.00e-03
2026-02-14 12:17:30,687 | INFO | [Inverse][gaussian|pts=1500|noise=5%] epoch=799/11999 total=8.982e-02 pde=1.753e-02 bc=2.162e-04 data=7.012e-04 best=8.030e-02 lr=1.00e-03
2026-02-14 12:17:32,173 | INFO | [Inverse][gaussian|pts=1500|noise=5%] epoch=899/11999 total=8.898e-02 pde=1.537e-02 bc=6.830e-04 data=6.678e-04 best=6.915e-02 lr=1.00e-03
2026-02-14 12:17:33,641 | INFO | [Inverse][gaussian|pts=1500|noise=5%] checkpoint saved at epoch=999 -> outputs_refactor\full_matrix_rerun_20260214_112937\checkpoints\gaussian\inverse_pts_1500_noise_5_last.pth
2026-02-14 12:17:33,642 | INFO | [Inverse][gaussian|pts=1500|noise=5%] epoch=999/11999 total=7.244e-02 pde=1.339e-02 bc=4.730e-04 data=5.432e-04 best=6.257e-02 lr=1.00e-03
2026-02-14 12:17:35,168 | INFO | [Inverse][gaussian|pts=1500|noise=5%] epoch=1099/11999 total=6.745e-02 pde=1.202e-02 bc=4.435e-04 data=5.100e-04 best=5.542e-02 lr=1.00e-03
2026-02-14 12:17:36,640 | INFO | [Inverse][gaussian|pts=1500|noise=5%] epoch=1199/11999 total=5.447e-02 pde=1.086e-02 bc=2.725e-04 data=4.088e-04 best=5.352e-02 lr=1.00e-03
2026-02-14 12:17:38,214 | INFO | [Inverse][gaussian|pts=1500|noise=5%] epoch=1299/11999 total=4.949e-02 pde=9.870e-03 bc=2.153e-04 data=3.747e-04 best=4.863e-02 lr=1.00e-03
2026-02-14 12:17:39,928 | INFO | [Inverse][gaussian|pts=1500|noise=5%] epoch=1399/11999 total=4.286e-02 pde=8.753e-03 bc=1.407e-04 data=3.270e-04 best=4.189e-02 lr=1.00e-03
2026-02-14 12:17:41,598 | INFO | [Inverse][gaussian|pts=1500|noise=5%] checkpoint saved at epoch=1499 -> outputs_refactor\full_matrix_rerun_20260214_112937\checkpoints\gaussian\inverse_pts_1500_noise_5_last.pth
2026-02-14 12:17:41,598 | INFO | [Inverse][gaussian|pts=1500|noise=5%] epoch=1499/11999 total=3.733e-02 pde=7.588e-03 bc=1.072e-04 data=2.867e-04 best=3.587e-02 lr=1.00e-03
2026-02-14 12:17:43,089 | INFO | [Inverse][gaussian|pts=1500|noise=5%] epoch=1599/11999 total=3.435e-02 pde=6.489e-03 bc=1.144e-04 data=2.672e-04 best=3.340e-02 lr=1.00e-03
2026-02-14 12:17:44,620 | INFO | [Inverse][gaussian|pts=1500|noise=5%] epoch=1699/11999 total=2.812e-02 pde=5.398e-03 bc=6.932e-05 data=2.203e-04 best=2.765e-02 lr=1.00e-03
2026-02-14 12:17:46,089 | INFO | [Inverse][gaussian|pts=1500|noise=5%] epoch=1799/11999 total=4.082e-02 pde=4.685e-03 bc=2.818e-04 data=3.332e-04 best=2.454e-02 lr=1.00e-03
2026-02-14 12:17:47,524 | INFO | [Inverse][gaussian|pts=1500|noise=5%] epoch=1899/11999 total=2.887e-02 pde=4.129e-03 bc=1.405e-04 data=2.334e-04 best=2.313e-02 lr=1.00e-03
2026-02-14 12:17:48,984 | INFO | [Inverse][gaussian|pts=1500|noise=5%] checkpoint saved at epoch=1999 -> outputs_refactor\full_matrix_rerun_20260214_112937\checkpoints\gaussian\inverse_pts_1500_noise_5_last.pth
2026-02-14 12:17:48,984 | INFO | [Inverse][gaussian|pts=1500|noise=5%] epoch=1999/11999 total=2.714e-02 pde=3.699e-03 bc=1.472e-04 data=2.197e-04 best=2.305e-02 lr=1.00e-03
2026-02-14 12:17:50,450 | INFO | [Inverse][gaussian|pts=1500|noise=5%] epoch=2099/11999 total=2.713e-02 pde=3.370e-03 bc=1.706e-04 data=2.205e-04 best=2.153e-02 lr=1.00e-03
2026-02-14 12:17:51,903 | INFO | [Inverse][gaussian|pts=1500|noise=5%] epoch=2199/11999 total=2.261e-02 pde=3.010e-03 bc=1.308e-04 data=1.829e-04 best=2.117e-02 lr=1.00e-03
2026-02-14 12:17:53,333 | INFO | [Inverse][gaussian|pts=1500|noise=5%] epoch=2299/11999 total=2.219e-02 pde=2.726e-03 bc=1.467e-04 data=1.800e-04 best=2.091e-02 lr=1.00e-03
2026-02-14 12:17:54,790 | INFO | [Inverse][gaussian|pts=1500|noise=5%] epoch=2399/11999 total=2.082e-02 pde=2.462e-03 bc=1.448e-04 data=1.691e-04 best=2.006e-02 lr=1.00e-03
2026-02-14 12:17:56,242 | INFO | [Inverse][gaussian|pts=1500|noise=5%] checkpoint saved at epoch=2499 -> outputs_refactor\full_matrix_rerun_20260214_112937\checkpoints\gaussian\inverse_pts_1500_noise_5_last.pth
2026-02-14 12:17:56,242 | INFO | [Inverse][gaussian|pts=1500|noise=5%] epoch=2499/11999 total=2.057e-02 pde=2.250e-03 bc=1.591e-04 data=1.673e-04 best=1.945e-02 lr=1.00e-03
2026-02-14 12:17:57,782 | INFO | [Inverse][gaussian|pts=1500|noise=5%] epoch=2599/11999 total=2.457e-02 pde=2.101e-03 bc=2.316e-04 data=2.015e-04 best=1.615e-02 lr=1.00e-03
2026-02-14 12:17:59,275 | INFO | [Inverse][gaussian|pts=1500|noise=5%] epoch=2699/11999 total=2.431e-02 pde=6.401e-03 bc=1.269e-04 data=1.664e-04 best=1.595e-02 lr=1.00e-03
2026-02-14 12:18:00,752 | INFO | [Inverse][gaussian|pts=1500|noise=5%] epoch=2799/11999 total=2.208e-02 pde=1.795e-03 bc=1.520e-04 data=1.876e-04 best=1.595e-02 lr=1.00e-03
2026-02-14 12:18:02,176 | INFO | [Inverse][gaussian|pts=1500|noise=5%] epoch=2899/11999 total=1.973e-02 pde=1.651e-03 bc=1.296e-04 data=1.678e-04 best=1.595e-02 lr=1.00e-03
2026-02-14 12:18:03,609 | INFO | [Inverse][gaussian|pts=1500|noise=5%] checkpoint saved at epoch=2999 -> outputs_refactor\full_matrix_rerun_20260214_112937\checkpoints\gaussian\inverse_pts_1500_noise_5_last.pth
2026-02-14 12:18:03,609 | INFO | [Inverse][gaussian|pts=1500|noise=5%] epoch=2999/11999 total=1.927e-02 pde=1.556e-03 bc=1.229e-04 data=1.649e-04 best=1.595e-02 lr=1.00e-03
2026-02-14 12:18:05,036 | INFO | [Inverse][gaussian|pts=1500|noise=5%] epoch=3099/11999 total=1.897e-02 pde=1.473e-03 bc=1.089e-04 data=1.641e-04 best=1.595e-02 lr=1.00e-03
2026-02-14 12:18:06,442 | INFO | [Inverse][gaussian|pts=1500|noise=5%] epoch=3199/11999 total=1.586e-02 pde=1.365e-03 bc=7.404e-05 data=1.375e-04 best=1.534e-02 lr=8.00e-04
2026-02-14 12:18:07,854 | INFO | [Inverse][gaussian|pts=1500|noise=5%] epoch=3299/11999 total=1.674e-02 pde=1.298e-03 bc=8.527e-05 data=1.459e-04 best=1.499e-02 lr=8.00e-04
2026-02-14 12:18:09,329 | INFO | [Inverse][gaussian|pts=1500|noise=5%] epoch=3399/11999 total=2.273e-02 pde=1.290e-03 bc=1.974e-04 data=1.946e-04 best=1.409e-02 lr=8.00e-04
2026-02-14 12:18:10,766 | INFO | [Inverse][gaussian|pts=1500|noise=5%] checkpoint saved at epoch=3499 -> outputs_refactor\full_matrix_rerun_20260214_112937\checkpoints\gaussian\inverse_pts_1500_noise_5_last.pth
2026-02-14 12:18:10,767 | INFO | [Inverse][gaussian|pts=1500|noise=5%] epoch=3499/11999 total=1.541e-02 pde=1.168e-03 bc=1.034e-04 data=1.320e-04 best=1.409e-02 lr=8.00e-04
2026-02-14 12:18:12,172 | INFO | [Inverse][gaussian|pts=1500|noise=5%] epoch=3599/11999 total=1.519e-02 pde=1.121e-03 bc=1.052e-04 data=1.301e-04 best=1.409e-02 lr=8.00e-04
2026-02-14 12:18:13,596 | INFO | [Inverse][gaussian|pts=1500|noise=5%] epoch=3699/11999 total=1.580e-02 pde=1.088e-03 bc=1.221e-04 data=1.349e-04 best=1.409e-02 lr=8.00e-04
2026-02-14 12:18:15,064 | INFO | [Inverse][gaussian|pts=1500|noise=5%] epoch=3799/11999 total=1.556e-02 pde=1.054e-03 bc=1.160e-04 data=1.335e-04 best=1.409e-02 lr=8.00e-04
2026-02-14 12:18:16,519 | INFO | [Inverse][gaussian|pts=1500|noise=5%] epoch=3899/11999 total=1.509e-02 pde=1.025e-03 bc=8.747e-05 data=1.319e-04 best=1.295e-02 lr=6.40e-04
2026-02-14 12:18:17,961 | INFO | [Inverse][gaussian|pts=1500|noise=5%] checkpoint saved at epoch=3999 -> outputs_refactor\full_matrix_rerun_20260214_112937\checkpoints\gaussian\inverse_pts_1500_noise_5_last.pth
2026-02-14 12:18:17,961 | INFO | [Inverse][gaussian|pts=1500|noise=5%] epoch=3999/11999 total=1.396e-02 pde=9.864e-04 bc=7.023e-05 data=1.228e-04 best=1.289e-02 lr=6.40e-04
2026-02-14 12:18:19,379 | INFO | [Inverse][gaussian|pts=1500|noise=5%] epoch=4099/11999 total=1.359e-02 pde=9.626e-04 bc=6.342e-05 data=1.200e-04 best=1.289e-02 lr=6.40e-04
2026-02-14 12:18:20,811 | INFO | [Inverse][gaussian|pts=1500|noise=5%] epoch=4199/11999 total=1.361e-02 pde=9.611e-04 bc=4.655e-05 data=1.219e-04 best=1.268e-02 lr=6.40e-04
2026-02-14 12:18:22,342 | INFO | [Inverse][gaussian|pts=1500|noise=5%] epoch=4299/11999 total=1.424e-02 pde=9.588e-04 bc=4.406e-05 data=1.284e-04 best=1.171e-02 lr=6.40e-04
2026-02-14 12:18:23,828 | INFO | [Inverse][gaussian|pts=1500|noise=5%] epoch=4399/11999 total=1.517e-02 pde=9.098e-04 bc=1.332e-04 data=1.293e-04 best=1.103e-02 lr=6.40e-04
2026-02-14 12:18:25,285 | INFO | [Inverse][gaussian|pts=1500|noise=5%] checkpoint saved at epoch=4499 -> outputs_refactor\full_matrix_rerun_20260214_112937\checkpoints\gaussian\inverse_pts_1500_noise_5_last.pth
2026-02-14 12:18:25,285 | INFO | [Inverse][gaussian|pts=1500|noise=5%] epoch=4499/11999 total=1.238e-02 pde=8.572e-04 bc=8.926e-05 data=1.063e-04 best=1.103e-02 lr=6.40e-04
2026-02-14 12:18:26,700 | INFO | [Inverse][gaussian|pts=1500|noise=5%] epoch=4599/11999 total=1.262e-02 pde=8.447e-04 bc=9.431e-05 data=1.083e-04 best=1.103e-02 lr=6.40e-04
2026-02-14 12:18:28,121 | INFO | [Inverse][gaussian|pts=1500|noise=5%] epoch=4699/11999 total=1.277e-02 pde=8.313e-04 bc=9.654e-05 data=1.097e-04 best=1.103e-02 lr=6.40e-04
2026-02-14 12:18:29,541 | INFO | [Inverse][gaussian|pts=1500|noise=5%] epoch=4799/11999 total=1.294e-02 pde=8.178e-04 bc=9.915e-05 data=1.113e-04 best=1.102e-02 lr=6.40e-04
2026-02-14 12:18:30,986 | INFO | [Inverse][gaussian|pts=1500|noise=5%] epoch=4899/11999 total=1.245e-02 pde=7.940e-04 bc=8.922e-05 data=1.077e-04 best=1.101e-02 lr=6.40e-04
2026-02-14 12:18:32,486 | INFO | [Inverse][gaussian|pts=1500|noise=5%] checkpoint saved at epoch=4999 -> outputs_refactor\full_matrix_rerun_20260214_112937\checkpoints\gaussian\inverse_pts_1500_noise_5_last.pth
2026-02-14 12:18:32,486 | INFO | [Inverse][gaussian|pts=1500|noise=5%] epoch=4999/11999 total=1.184e-02 pde=7.673e-04 bc=7.773e-05 data=1.030e-04 best=1.091e-02 lr=6.40e-04
2026-02-14 12:18:33,953 | INFO | [Inverse][gaussian|pts=1500|noise=5%] epoch=5099/11999 total=1.187e-02 pde=7.534e-04 bc=7.775e-05 data=1.034e-04 best=1.087e-02 lr=6.40e-04
2026-02-14 12:18:35,401 | INFO | [Inverse][gaussian|pts=1500|noise=5%] epoch=5199/11999 total=1.124e-02 pde=7.252e-04 bc=6.820e-05 data=9.834e-05 best=1.087e-02 lr=6.40e-04
2026-02-14 12:18:36,830 | INFO | [Inverse][gaussian|pts=1500|noise=5%] epoch=5299/11999 total=1.105e-02 pde=7.048e-04 bc=6.814e-05 data=9.660e-05 best=1.087e-02 lr=6.40e-04
2026-02-14 12:18:38,290 | INFO | [Inverse][gaussian|pts=1500|noise=5%] epoch=5399/11999 total=1.100e-02 pde=6.905e-04 bc=7.061e-05 data=9.606e-05 best=1.075e-02 lr=6.40e-04
2026-02-14 12:18:39,981 | INFO | [Inverse][gaussian|pts=1500|noise=5%] checkpoint saved at epoch=5499 -> outputs_refactor\full_matrix_rerun_20260214_112937\checkpoints\gaussian\inverse_pts_1500_noise_5_last.pth
2026-02-14 12:18:39,981 | INFO | [Inverse][gaussian|pts=1500|noise=5%] epoch=5499/11999 total=1.102e-02 pde=6.808e-04 bc=7.269e-05 data=9.607e-05 best=1.050e-02 lr=6.40e-04
2026-02-14 12:18:41,630 | INFO | [Inverse][gaussian|pts=1500|noise=5%] epoch=5599/11999 total=1.099e-02 pde=6.708e-04 bc=7.338e-05 data=9.588e-05 best=1.027e-02 lr=6.40e-04
2026-02-14 12:18:43,153 | INFO | [Inverse][gaussian|pts=1500|noise=5%] epoch=5699/11999 total=1.093e-02 pde=6.586e-04 bc=7.286e-05 data=9.540e-05 best=1.006e-02 lr=6.40e-04
2026-02-14 12:18:44,633 | INFO | [Inverse][gaussian|pts=1500|noise=5%] epoch=5799/11999 total=1.189e-02 pde=6.645e-04 bc=5.456e-05 data=1.068e-04 best=9.272e-03 lr=6.40e-04
2026-02-14 12:18:46,066 | INFO | [Inverse][gaussian|pts=1500|noise=5%] epoch=5899/11999 total=1.201e-02 pde=6.504e-04 bc=5.666e-05 data=1.079e-04 best=9.272e-03 lr=6.40e-04
2026-02-14 12:18:47,485 | INFO | [Inverse][gaussian|pts=1500|noise=5%] checkpoint saved at epoch=5999 -> outputs_refactor\full_matrix_rerun_20260214_112937\checkpoints\gaussian\inverse_pts_1500_noise_5_last.pth
2026-02-14 12:18:47,486 | INFO | [Inverse][gaussian|pts=1500|noise=5%] epoch=5999/11999 total=1.134e-02 pde=6.208e-04 bc=4.867e-05 data=1.023e-04 best=9.272e-03 lr=6.40e-04
2026-02-14 12:18:48,913 | INFO | [Inverse][gaussian|pts=1500|noise=5%] epoch=6099/11999 total=1.151e-02 pde=6.118e-04 bc=5.047e-05 data=1.040e-04 best=9.272e-03 lr=6.40e-04
2026-02-14 12:18:50,373 | INFO | [Inverse][gaussian|pts=1500|noise=5%] epoch=6199/11999 total=1.102e-02 pde=5.884e-04 bc=4.690e-05 data=9.959e-05 best=9.272e-03 lr=6.40e-04
2026-02-14 12:18:51,834 | INFO | [Inverse][gaussian|pts=1500|noise=5%] epoch=6299/11999 total=9.997e-03 pde=5.590e-04 bc=3.339e-05 data=9.105e-05 best=9.112e-03 lr=5.12e-04
2026-02-14 12:18:53,269 | INFO | [Inverse][gaussian|pts=1500|noise=5%] epoch=6399/11999 total=1.000e-02 pde=5.523e-04 bc=2.840e-05 data=9.165e-05 best=9.107e-03 lr=5.12e-04
2026-02-14 12:18:54,765 | INFO | [Inverse][gaussian|pts=1500|noise=5%] checkpoint saved at epoch=6499 -> outputs_refactor\full_matrix_rerun_20260214_112937\checkpoints\gaussian\inverse_pts_1500_noise_5_last.pth
2026-02-14 12:18:54,766 | INFO | [Inverse][gaussian|pts=1500|noise=5%] epoch=6499/11999 total=1.468e-02 pde=6.810e-04 bc=7.036e-05 data=1.330e-04 best=8.549e-03 lr=5.12e-04
2026-02-14 12:18:56,239 | INFO | [Inverse][gaussian|pts=1500|noise=5%] epoch=6599/11999 total=1.015e-02 pde=5.319e-04 bc=4.729e-05 data=9.143e-05 best=8.549e-03 lr=5.12e-04
2026-02-14 12:18:57,731 | INFO | [Inverse][gaussian|pts=1500|noise=5%] epoch=6699/11999 total=9.291e-03 pde=5.007e-04 bc=3.548e-05 data=8.436e-05 best=8.549e-03 lr=5.12e-04
2026-02-14 12:18:59,135 | INFO | [Inverse][gaussian|pts=1500|noise=5%] epoch=6799/11999 total=9.132e-03 pde=4.915e-04 bc=3.362e-05 data=8.304e-05 best=8.549e-03 lr=5.12e-04
2026-02-14 12:19:00,556 | INFO | [Inverse][gaussian|pts=1500|noise=5%] epoch=6899/11999 total=9.133e-03 pde=4.852e-04 bc=3.252e-05 data=8.323e-05 best=8.549e-03 lr=5.12e-04
2026-02-14 12:19:01,980 | INFO | [Inverse][gaussian|pts=1500|noise=5%] checkpoint saved at epoch=6999 -> outputs_refactor\full_matrix_rerun_20260214_112937\checkpoints\gaussian\inverse_pts_1500_noise_5_last.pth
2026-02-14 12:19:01,980 | INFO | [Inverse][gaussian|pts=1500|noise=5%] epoch=6999/11999 total=8.678e-03 pde=4.716e-04 bc=2.863e-05 data=7.920e-05 best=8.485e-03 lr=4.10e-04
2026-02-14 12:19:03,411 | INFO | [Inverse][gaussian|pts=1500|noise=5%] epoch=7099/11999 total=8.862e-03 pde=4.709e-04 bc=3.228e-05 data=8.068e-05 best=8.485e-03 lr=4.10e-04
2026-02-14 12:19:04,823 | INFO | [Inverse][gaussian|pts=1500|noise=5%] epoch=7199/11999 total=8.793e-03 pde=4.649e-04 bc=3.246e-05 data=8.004e-05 best=8.485e-03 lr=4.10e-04
2026-02-14 12:19:06,270 | INFO | [Inverse][gaussian|pts=1500|noise=5%] epoch=7299/11999 total=8.782e-03 pde=4.606e-04 bc=3.394e-05 data=7.982e-05 best=8.485e-03 lr=4.10e-04
2026-02-14 12:19:07,737 | INFO | [Inverse][gaussian|pts=1500|noise=5%] epoch=7399/11999 total=8.783e-03 pde=4.571e-04 bc=3.785e-05 data=7.947e-05 best=8.485e-03 lr=4.10e-04
2026-02-14 12:19:09,177 | INFO | [Inverse][gaussian|pts=1500|noise=5%] checkpoint saved at epoch=7499 -> outputs_refactor\full_matrix_rerun_20260214_112937\checkpoints\gaussian\inverse_pts_1500_noise_5_last.pth
2026-02-14 12:19:09,177 | INFO | [Inverse][gaussian|pts=1500|noise=5%] epoch=7499/11999 total=8.612e-03 pde=4.481e-04 bc=3.675e-05 data=7.796e-05 best=8.006e-03 lr=3.28e-04
2026-02-14 12:19:10,729 | INFO | [Inverse][gaussian|pts=1500|noise=5%] epoch=7599/11999 total=7.907e-03 pde=4.246e-04 bc=2.064e-05 data=7.276e-05 best=7.903e-03 lr=3.28e-04
2026-02-14 12:19:12,212 | INFO | [Inverse][gaussian|pts=1500|noise=5%] epoch=7699/11999 total=7.879e-03 pde=4.169e-04 bc=2.179e-05 data=7.244e-05 best=7.876e-03 lr=3.28e-04
2026-02-14 12:19:13,693 | INFO | [Inverse][gaussian|pts=1500|noise=5%] epoch=7799/11999 total=7.943e-03 pde=4.112e-04 bc=2.327e-05 data=7.299e-05 best=7.814e-03 lr=3.28e-04
2026-02-14 12:19:15,175 | INFO | [Inverse][gaussian|pts=1500|noise=5%] epoch=7899/11999 total=7.863e-03 pde=4.017e-04 bc=2.232e-05 data=7.238e-05 best=7.751e-03 lr=3.28e-04
2026-02-14 12:19:16,644 | INFO | [Inverse][gaussian|pts=1500|noise=5%] checkpoint saved at epoch=7999 -> outputs_refactor\full_matrix_rerun_20260214_112937\checkpoints\gaussian\inverse_pts_1500_noise_5_last.pth
2026-02-14 12:19:16,644 | INFO | [Inverse][gaussian|pts=1500|noise=5%] epoch=7999/11999 total=8.382e-03 pde=4.001e-04 bc=2.041e-05 data=7.778e-05 best=7.712e-03 lr=3.28e-04
2026-02-14 12:19:18,086 | INFO | [Inverse][gaussian|pts=1500|noise=5%] epoch=8099/11999 total=7.721e-03 pde=3.853e-04 bc=1.622e-05 data=7.174e-05 best=7.676e-03 lr=3.28e-04
2026-02-14 12:19:19,529 | INFO | [Inverse][gaussian|pts=1500|noise=5%] epoch=8199/11999 total=7.705e-03 pde=3.781e-04 bc=2.020e-05 data=7.125e-05 best=7.636e-03 lr=3.28e-04
2026-02-14 12:19:20,991 | INFO | [Inverse][gaussian|pts=1500|noise=5%] epoch=8299/11999 total=9.715e-03 pde=4.415e-04 bc=5.455e-05 data=8.728e-05 best=7.636e-03 lr=3.28e-04
2026-02-14 12:19:22,425 | INFO | [Inverse][gaussian|pts=1500|noise=5%] epoch=8399/11999 total=1.136e-02 pde=4.409e-04 bc=1.725e-05 data=1.075e-04 best=7.636e-03 lr=3.28e-04
2026-02-14 12:19:23,884 | INFO | [Inverse][gaussian|pts=1500|noise=5%] checkpoint saved at epoch=8499 -> outputs_refactor\full_matrix_rerun_20260214_112937\checkpoints\gaussian\inverse_pts_1500_noise_5_last.pth
2026-02-14 12:19:23,884 | INFO | [Inverse][gaussian|pts=1500|noise=5%] epoch=8499/11999 total=8.062e-03 pde=3.738e-04 bc=3.220e-05 data=7.366e-05 best=7.636e-03 lr=3.28e-04
2026-02-14 12:19:25,326 | INFO | [Inverse][gaussian|pts=1500|noise=5%] epoch=8599/11999 total=8.823e-03 pde=4.815e-04 bc=4.251e-05 data=7.917e-05 best=7.636e-03 lr=3.28e-04
2026-02-14 12:19:26,748 | INFO | [Inverse][gaussian|pts=1500|noise=5%] epoch=8699/11999 total=8.894e-03 pde=3.766e-04 bc=1.148e-05 data=8.403e-05 best=7.636e-03 lr=2.62e-04
2026-02-14 12:19:28,298 | INFO | [Inverse][gaussian|pts=1500|noise=5%] epoch=8799/11999 total=7.524e-03 pde=3.496e-04 bc=1.817e-05 data=6.993e-05 best=7.524e-03 lr=2.62e-04
2026-02-14 12:19:30,098 | INFO | [Inverse][gaussian|pts=1500|noise=5%] epoch=8899/11999 total=7.498e-03 pde=3.425e-04 bc=1.808e-05 data=6.974e-05 best=7.498e-03 lr=2.62e-04
2026-02-14 12:19:31,686 | INFO | [Inverse][gaussian|pts=1500|noise=5%] checkpoint saved at epoch=8999 -> outputs_refactor\full_matrix_rerun_20260214_112937\checkpoints\gaussian\inverse_pts_1500_noise_5_last.pth
2026-02-14 12:19:31,686 | INFO | [Inverse][gaussian|pts=1500|noise=5%] epoch=8999/11999 total=7.503e-03 pde=3.368e-04 bc=1.870e-05 data=6.979e-05 best=7.483e-03 lr=2.62e-04
2026-02-14 12:19:33,248 | INFO | [Inverse][gaussian|pts=1500|noise=5%] epoch=9099/11999 total=7.472e-03 pde=3.301e-04 bc=1.820e-05 data=6.960e-05 best=7.452e-03 lr=2.62e-04
2026-02-14 12:19:34,672 | INFO | [Inverse][gaussian|pts=1500|noise=5%] epoch=9199/11999 total=7.433e-03 pde=3.228e-04 bc=1.776e-05 data=6.933e-05 best=7.433e-03 lr=2.62e-04
2026-02-14 12:19:36,186 | INFO | [Inverse][gaussian|pts=1500|noise=5%] epoch=9299/11999 total=7.505e-03 pde=3.184e-04 bc=1.806e-05 data=7.006e-05 best=7.403e-03 lr=2.62e-04
2026-02-14 12:19:37,639 | INFO | [Inverse][gaussian|pts=1500|noise=5%] epoch=9399/11999 total=7.483e-03 pde=3.119e-04 bc=1.778e-05 data=6.993e-05 best=7.382e-03 lr=2.62e-04
2026-02-14 12:19:39,196 | INFO | [Inverse][gaussian|pts=1500|noise=5%] checkpoint saved at epoch=9499 -> outputs_refactor\full_matrix_rerun_20260214_112937\checkpoints\gaussian\inverse_pts_1500_noise_5_last.pth
2026-02-14 12:19:39,196 | INFO | [Inverse][gaussian|pts=1500|noise=5%] epoch=9499/11999 total=7.407e-03 pde=3.044e-04 bc=1.747e-05 data=6.928e-05 best=7.368e-03 lr=2.62e-04
2026-02-14 12:19:40,773 | INFO | [Inverse][gaussian|pts=1500|noise=5%] epoch=9599/11999 total=7.522e-03 pde=3.017e-04 bc=1.870e-05 data=7.033e-05 best=7.340e-03 lr=2.62e-04
2026-02-14 12:19:42,216 | INFO | [Inverse][gaussian|pts=1500|noise=5%] epoch=9699/11999 total=7.701e-03 pde=3.042e-04 bc=2.226e-05 data=7.174e-05 best=7.317e-03 lr=2.62e-04
2026-02-14 12:19:43,648 | INFO | [Inverse][gaussian|pts=1500|noise=5%] epoch=9799/11999 total=7.920e-03 pde=3.042e-04 bc=2.477e-05 data=7.368e-05 best=7.317e-03 lr=2.62e-04
2026-02-14 12:19:45,079 | INFO | [Inverse][gaussian|pts=1500|noise=5%] epoch=9899/11999 total=7.984e-03 pde=3.018e-04 bc=2.548e-05 data=7.427e-05 best=7.317e-03 lr=2.62e-04
2026-02-14 12:19:46,528 | INFO | [Inverse][gaussian|pts=1500|noise=5%] checkpoint saved at epoch=9999 -> outputs_refactor\full_matrix_rerun_20260214_112937\checkpoints\gaussian\inverse_pts_1500_noise_5_last.pth
2026-02-14 12:19:46,529 | INFO | [Inverse][gaussian|pts=1500|noise=5%] epoch=9999/11999 total=8.106e-03 pde=3.011e-04 bc=2.706e-05 data=7.534e-05 best=7.317e-03 lr=2.62e-04
2026-02-14 12:19:47,956 | INFO | [Inverse][gaussian|pts=1500|noise=5%] epoch=10099/11999 total=7.984e-03 pde=2.943e-04 bc=2.552e-05 data=7.435e-05 best=7.317e-03 lr=2.62e-04
2026-02-14 12:19:49,419 | INFO | [Inverse][gaussian|pts=1500|noise=5%] epoch=10199/11999 total=7.574e-03 pde=2.802e-04 bc=2.020e-05 data=7.092e-05 best=7.317e-03 lr=2.10e-04
2026-02-14 12:19:50,837 | INFO | [Inverse][gaussian|pts=1500|noise=5%] epoch=10299/11999 total=7.530e-03 pde=2.757e-04 bc=1.973e-05 data=7.057e-05 best=7.317e-03 lr=2.10e-04
2026-02-14 12:19:52,272 | INFO | [Inverse][gaussian|pts=1500|noise=5%] epoch=10399/11999 total=7.496e-03 pde=2.715e-04 bc=1.908e-05 data=7.034e-05 best=7.317e-03 lr=2.10e-04
2026-02-14 12:19:53,707 | INFO | [Inverse][gaussian|pts=1500|noise=5%] checkpoint saved at epoch=10499 -> outputs_refactor\full_matrix_rerun_20260214_112937\checkpoints\gaussian\inverse_pts_1500_noise_5_last.pth
2026-02-14 12:19:53,708 | INFO | [Inverse][gaussian|pts=1500|noise=5%] epoch=10499/11999 total=7.445e-03 pde=2.667e-04 bc=1.837e-05 data=6.994e-05 best=7.317e-03 lr=2.10e-04
2026-02-14 12:19:55,167 | INFO | [Inverse][gaussian|pts=1500|noise=5%] epoch=10599/11999 total=7.261e-03 pde=2.579e-04 bc=1.626e-05 data=6.841e-05 best=7.210e-03 lr=2.10e-04
2026-02-14 12:19:56,812 | INFO | [Inverse][gaussian|pts=1500|noise=5%] epoch=10699/11999 total=7.195e-03 pde=2.520e-04 bc=1.574e-05 data=6.785e-05 best=7.195e-03 lr=2.10e-04
2026-02-14 12:19:58,637 | INFO | [Inverse][gaussian|pts=1500|noise=5%] epoch=10799/11999 total=7.181e-03 pde=2.478e-04 bc=1.568e-05 data=6.777e-05 best=7.181e-03 lr=2.10e-04
2026-02-14 12:20:00,134 | INFO | [Inverse][gaussian|pts=1500|noise=5%] epoch=10899/11999 total=7.185e-03 pde=2.442e-04 bc=1.581e-05 data=6.783e-05 best=7.170e-03 lr=2.10e-04
2026-02-14 12:20:01,623 | INFO | [Inverse][gaussian|pts=1500|noise=5%] checkpoint saved at epoch=10999 -> outputs_refactor\full_matrix_rerun_20260214_112937\checkpoints\gaussian\inverse_pts_1500_noise_5_last.pth
2026-02-14 12:20:01,624 | INFO | [Inverse][gaussian|pts=1500|noise=5%] epoch=10999/11999 total=7.159e-03 pde=2.394e-04 bc=1.559e-05 data=6.764e-05 best=7.155e-03 lr=2.10e-04
2026-02-14 12:20:03,113 | INFO | [Inverse][gaussian|pts=1500|noise=5%] epoch=11099/11999 total=7.143e-03 pde=2.350e-04 bc=1.551e-05 data=6.753e-05 best=7.142e-03 lr=2.10e-04
2026-02-14 12:20:04,563 | INFO | [Inverse][gaussian|pts=1500|noise=5%] epoch=11199/11999 total=7.245e-03 pde=2.339e-04 bc=1.700e-05 data=6.841e-05 best=7.132e-03 lr=2.10e-04
2026-02-14 12:20:06,059 | INFO | [Inverse][gaussian|pts=1500|noise=5%] epoch=11299/11999 total=7.128e-03 pde=2.271e-04 bc=1.540e-05 data=6.747e-05 best=7.122e-03 lr=2.10e-04
2026-02-14 12:20:07,532 | INFO | [Inverse][gaussian|pts=1500|noise=5%] epoch=11399/11999 total=7.106e-03 pde=2.225e-04 bc=1.532e-05 data=6.731e-05 best=7.106e-03 lr=2.10e-04
2026-02-14 12:20:09,031 | INFO | [Inverse][gaussian|pts=1500|noise=5%] checkpoint saved at epoch=11499 -> outputs_refactor\full_matrix_rerun_20260214_112937\checkpoints\gaussian\inverse_pts_1500_noise_5_last.pth
2026-02-14 12:20:09,031 | INFO | [Inverse][gaussian|pts=1500|noise=5%] epoch=11499/11999 total=7.099e-03 pde=2.186e-04 bc=1.533e-05 data=6.727e-05 best=7.093e-03 lr=2.10e-04
2026-02-14 12:20:10,469 | INFO | [Inverse][gaussian|pts=1500|noise=5%] epoch=11599/11999 total=7.195e-03 pde=2.181e-04 bc=1.683e-05 data=6.809e-05 best=7.084e-03 lr=2.10e-04
2026-02-14 12:20:11,959 | INFO | [Inverse][gaussian|pts=1500|noise=5%] epoch=11699/11999 total=7.070e-03 pde=2.106e-04 bc=1.507e-05 data=6.709e-05 best=7.070e-03 lr=2.10e-04
2026-02-14 12:20:13,435 | INFO | [Inverse][gaussian|pts=1500|noise=5%] epoch=11799/11999 total=7.175e-03 pde=2.107e-04 bc=1.677e-05 data=6.797e-05 best=7.061e-03 lr=2.10e-04
2026-02-14 12:20:14,888 | INFO | [Inverse][gaussian|pts=1500|noise=5%] epoch=11899/11999 total=7.125e-03 pde=2.064e-04 bc=1.547e-05 data=6.764e-05 best=7.051e-03 lr=2.10e-04
2026-02-14 12:20:16,355 | INFO | [Inverse][gaussian|pts=1500|noise=5%] checkpoint saved at epoch=11999 -> outputs_refactor\full_matrix_rerun_20260214_112937\checkpoints\gaussian\inverse_pts_1500_noise_5_last.pth
2026-02-14 12:20:16,355 | INFO | [Inverse][gaussian|pts=1500|noise=5%] epoch=11999/11999 total=7.143e-03 pde=2.040e-04 bc=1.568e-05 data=6.782e-05 best=7.040e-03 lr=2.10e-04
2026-02-14 12:20:16,954 | INFO | Done charge pipeline: gaussian
2026-02-14 12:20:16,954 | INFO | Start charge pipeline: square
2026-02-14 12:20:16,957 | INFO | [Forward][square] start training
2026-02-14 12:20:16,990 | INFO | [Forward][square] epoch=0/11999 total=4.624e+00 pde=2.281e+00 bc=2.344e-01 best=4.624e+00 lr=1.00e-03
2026-02-14 12:20:18,438 | INFO | [Forward][square] epoch=99/11999 total=5.000e-01 pde=4.964e-01 bc=3.560e-04 best=5.000e-01 lr=1.00e-03
2026-02-14 12:20:19,890 | INFO | [Forward][square] epoch=199/11999 total=4.564e-01 pde=4.525e-01 bc=3.917e-04 best=4.564e-01 lr=1.00e-03
2026-02-14 12:20:21,327 | INFO | [Forward][square] epoch=299/11999 total=4.449e-01 pde=4.397e-01 bc=5.221e-04 best=4.449e-01 lr=1.00e-03
2026-02-14 12:20:22,744 | INFO | [Forward][square] epoch=399/11999 total=4.093e-01 pde=4.033e-01 bc=5.984e-04 best=4.093e-01 lr=1.00e-03
2026-02-14 12:20:24,183 | INFO | [Forward][square] checkpoint saved at epoch=499 -> outputs_refactor\full_matrix_rerun_20260214_112937\checkpoints\square\forward_last.pth
2026-02-14 12:20:24,183 | INFO | [Forward][square] epoch=499/11999 total=3.427e-01 pde=3.360e-01 bc=6.622e-04 best=3.423e-01 lr=1.00e-03
2026-02-14 12:20:25,627 | INFO | [Forward][square] epoch=599/11999 total=2.461e-01 pde=2.419e-01 bc=4.247e-04 best=2.461e-01 lr=1.00e-03
2026-02-14 12:20:26,939 | INFO | [Forward][square] epoch=699/11999 total=2.324e-01 pde=2.280e-01 bc=4.489e-04 best=2.314e-01 lr=1.00e-03
2026-02-14 12:20:28,297 | INFO | [Forward][square] epoch=799/11999 total=2.196e-01 pde=2.146e-01 bc=4.927e-04 best=2.173e-01 lr=1.00e-03
2026-02-14 12:20:29,624 | INFO | [Forward][square] epoch=899/11999 total=2.117e-01 pde=2.070e-01 bc=4.687e-04 best=1.996e-01 lr=1.00e-03
2026-02-14 12:20:30,984 | INFO | [Forward][square] checkpoint saved at epoch=999 -> outputs_refactor\full_matrix_rerun_20260214_112937\checkpoints\square\forward_last.pth
2026-02-14 12:20:30,985 | INFO | [Forward][square] epoch=999/11999 total=1.711e-01 pde=1.676e-01 bc=3.456e-04 best=1.710e-01 lr=1.00e-03
2026-02-14 12:20:32,327 | INFO | [Forward][square] epoch=1099/11999 total=1.460e-01 pde=1.420e-01 bc=3.967e-04 best=1.453e-01 lr=1.00e-03
2026-02-14 12:20:33,692 | INFO | [Forward][square] epoch=1199/11999 total=1.327e-01 pde=1.292e-01 bc=3.530e-04 best=1.308e-01 lr=1.00e-03
2026-02-14 12:20:35,012 | INFO | [Forward][square] epoch=1299/11999 total=1.216e-01 pde=1.189e-01 bc=2.674e-04 best=1.212e-01 lr=1.00e-03
2026-02-14 12:20:36,306 | INFO | [Forward][square] epoch=1399/11999 total=1.125e-01 pde=1.104e-01 bc=2.132e-04 best=1.121e-01 lr=1.00e-03
2026-02-14 12:20:37,614 | INFO | [Forward][square] checkpoint saved at epoch=1499 -> outputs_refactor\full_matrix_rerun_20260214_112937\checkpoints\square\forward_last.pth
2026-02-14 12:20:37,614 | INFO | [Forward][square] epoch=1499/11999 total=1.042e-01 pde=1.022e-01 bc=1.996e-04 best=1.016e-01 lr=1.00e-03
2026-02-14 12:20:38,998 | INFO | [Forward][square] epoch=1599/11999 total=1.044e-01 pde=1.029e-01 bc=1.524e-04 best=9.274e-02 lr=1.00e-03
2026-02-14 12:20:40,402 | INFO | [Forward][square] epoch=1699/11999 total=8.996e-02 pde=8.854e-02 bc=1.416e-04 best=8.924e-02 lr=1.00e-03
2026-02-14 12:20:41,802 | INFO | [Forward][square] epoch=1799/11999 total=8.481e-02 pde=8.337e-02 bc=1.445e-04 best=8.415e-02 lr=1.00e-03
2026-02-14 12:20:43,132 | INFO | [Forward][square] epoch=1899/11999 total=8.115e-02 pde=7.975e-02 bc=1.395e-04 best=8.038e-02 lr=1.00e-03
2026-02-14 12:20:44,471 | INFO | [Forward][square] checkpoint saved at epoch=1999 -> outputs_refactor\full_matrix_rerun_20260214_112937\checkpoints\square\forward_last.pth
2026-02-14 12:20:44,472 | INFO | [Forward][square] epoch=1999/11999 total=7.957e-02 pde=7.808e-02 bc=1.493e-04 best=7.642e-02 lr=1.00e-03
2026-02-14 12:20:45,744 | INFO | [Forward][square] epoch=2099/11999 total=7.819e-02 pde=7.705e-02 bc=1.139e-04 best=7.470e-02 lr=1.00e-03
2026-02-14 12:20:47,023 | INFO | [Forward][square] epoch=2199/11999 total=7.455e-02 pde=7.332e-02 bc=1.227e-04 best=7.388e-02 lr=1.00e-03
2026-02-14 12:20:48,336 | INFO | [Forward][square] epoch=2299/11999 total=7.269e-02 pde=7.156e-02 bc=1.134e-04 best=7.099e-02 lr=1.00e-03
2026-02-14 12:20:49,649 | INFO | [Forward][square] epoch=2399/11999 total=6.986e-02 pde=6.889e-02 bc=9.649e-05 best=6.903e-02 lr=1.00e-03
2026-02-14 12:20:50,959 | INFO | [Forward][square] checkpoint saved at epoch=2499 -> outputs_refactor\full_matrix_rerun_20260214_112937\checkpoints\square\forward_last.pth
2026-02-14 12:20:50,959 | INFO | [Forward][square] epoch=2499/11999 total=6.785e-02 pde=6.696e-02 bc=8.947e-05 best=6.741e-02 lr=1.00e-03
2026-02-14 12:20:52,295 | INFO | [Forward][square] epoch=2599/11999 total=6.554e-02 pde=6.463e-02 bc=9.146e-05 best=6.469e-02 lr=1.00e-03
2026-02-14 12:20:53,565 | INFO | [Forward][square] epoch=2699/11999 total=7.532e-02 pde=7.373e-02 bc=1.590e-04 best=6.185e-02 lr=1.00e-03
2026-02-14 12:20:54,806 | INFO | [Forward][square] epoch=2799/11999 total=6.527e-02 pde=6.407e-02 bc=1.203e-04 best=6.185e-02 lr=1.00e-03
2026-02-14 12:20:56,049 | INFO | [Forward][square] epoch=2899/11999 total=6.206e-02 pde=6.112e-02 bc=9.412e-05 best=6.185e-02 lr=1.00e-03
2026-02-14 12:20:57,386 | INFO | [Forward][square] checkpoint saved at epoch=2999 -> outputs_refactor\full_matrix_rerun_20260214_112937\checkpoints\square\forward_last.pth
2026-02-14 12:20:57,387 | INFO | [Forward][square] epoch=2999/11999 total=6.010e-02 pde=5.925e-02 bc=8.564e-05 best=6.010e-02 lr=1.00e-03
2026-02-14 12:20:58,695 | INFO | [Forward][square] epoch=3099/11999 total=5.919e-02 pde=5.827e-02 bc=9.183e-05 best=5.919e-02 lr=1.00e-03
2026-02-14 12:21:00,010 | INFO | [Forward][square] epoch=3199/11999 total=5.765e-02 pde=5.678e-02 bc=8.637e-05 best=5.765e-02 lr=1.00e-03
2026-02-14 12:21:01,306 | INFO | [Forward][square] epoch=3299/11999 total=5.602e-02 pde=5.530e-02 bc=7.192e-05 best=5.602e-02 lr=1.00e-03
2026-02-14 12:21:02,618 | INFO | [Forward][square] epoch=3399/11999 total=6.402e-02 pde=6.329e-02 bc=7.333e-05 best=5.446e-02 lr=1.00e-03
2026-02-14 12:21:03,884 | INFO | [Forward][square] checkpoint saved at epoch=3499 -> outputs_refactor\full_matrix_rerun_20260214_112937\checkpoints\square\forward_last.pth
2026-02-14 12:21:03,884 | INFO | [Forward][square] epoch=3499/11999 total=5.982e-02 pde=5.887e-02 bc=9.513e-05 best=5.446e-02 lr=1.00e-03
2026-02-14 12:21:05,121 | INFO | [Forward][square] epoch=3599/11999 total=5.765e-02 pde=5.654e-02 bc=1.111e-04 best=5.446e-02 lr=1.00e-03
2026-02-14 12:21:06,393 | INFO | [Forward][square] epoch=3699/11999 total=5.842e-02 pde=5.693e-02 bc=1.487e-04 best=5.423e-02 lr=1.00e-03
2026-02-14 12:21:07,649 | INFO | [Forward][square] epoch=3799/11999 total=5.564e-02 pde=5.453e-02 bc=1.109e-04 best=5.411e-02 lr=1.00e-03
2026-02-14 12:21:08,939 | INFO | [Forward][square] epoch=3899/11999 total=5.489e-02 pde=5.365e-02 bc=1.236e-04 best=5.328e-02 lr=1.00e-03
2026-02-14 12:21:10,260 | INFO | [Forward][square] checkpoint saved at epoch=3999 -> outputs_refactor\full_matrix_rerun_20260214_112937\checkpoints\square\forward_last.pth
2026-02-14 12:21:10,260 | INFO | [Forward][square] epoch=3999/11999 total=5.396e-02 pde=5.273e-02 bc=1.229e-04 best=5.283e-02 lr=1.00e-03
2026-02-14 12:21:11,610 | INFO | [Forward][square] epoch=4099/11999 total=5.313e-02 pde=5.202e-02 bc=1.115e-04 best=5.254e-02 lr=1.00e-03
2026-02-14 12:21:12,922 | INFO | [Forward][square] epoch=4199/11999 total=5.242e-02 pde=5.162e-02 bc=8.063e-05 best=5.114e-02 lr=1.00e-03
2026-02-14 12:21:14,236 | INFO | [Forward][square] epoch=4299/11999 total=6.183e-02 pde=6.102e-02 bc=8.123e-05 best=4.849e-02 lr=1.00e-03
2026-02-14 12:21:15,486 | INFO | [Forward][square] epoch=4399/11999 total=5.234e-02 pde=5.151e-02 bc=8.279e-05 best=4.849e-02 lr=1.00e-03
2026-02-14 12:21:16,746 | INFO | [Forward][square] checkpoint saved at epoch=4499 -> outputs_refactor\full_matrix_rerun_20260214_112937\checkpoints\square\forward_last.pth
2026-02-14 12:21:16,747 | INFO | [Forward][square] epoch=4499/11999 total=5.029e-02 pde=4.964e-02 bc=6.496e-05 best=4.849e-02 lr=1.00e-03
2026-02-14 12:21:18,010 | INFO | [Forward][square] epoch=4599/11999 total=4.992e-02 pde=4.927e-02 bc=6.519e-05 best=4.849e-02 lr=1.00e-03
2026-02-14 12:21:19,279 | INFO | [Forward][square] epoch=4699/11999 total=4.940e-02 pde=4.872e-02 bc=6.841e-05 best=4.845e-02 lr=1.00e-03
2026-02-14 12:21:20,608 | INFO | [Forward][square] epoch=4799/11999 total=4.944e-02 pde=4.855e-02 bc=8.858e-05 best=4.838e-02 lr=1.00e-03
2026-02-14 12:21:21,861 | INFO | [Forward][square] epoch=4899/11999 total=4.807e-02 pde=4.745e-02 bc=6.241e-05 best=4.807e-02 lr=1.00e-03
2026-02-14 12:21:23,186 | INFO | [Forward][square] checkpoint saved at epoch=4999 -> outputs_refactor\full_matrix_rerun_20260214_112937\checkpoints\square\forward_last.pth
2026-02-14 12:21:23,187 | INFO | [Forward][square] epoch=4999/11999 total=4.931e-02 pde=4.889e-02 bc=4.256e-05 best=4.438e-02 lr=1.00e-03
2026-02-14 12:21:24,452 | INFO | [Forward][square] epoch=5099/11999 total=4.896e-02 pde=4.858e-02 bc=3.811e-05 best=4.438e-02 lr=1.00e-03
2026-02-14 12:21:25,719 | INFO | [Forward][square] epoch=5199/11999 total=4.737e-02 pde=4.699e-02 bc=3.727e-05 best=4.438e-02 lr=1.00e-03
2026-02-14 12:21:26,987 | INFO | [Forward][square] epoch=5299/11999 total=4.660e-02 pde=4.617e-02 bc=4.282e-05 best=4.438e-02 lr=1.00e-03
2026-02-14 12:21:28,251 | INFO | [Forward][square] epoch=5399/11999 total=4.550e-02 pde=4.509e-02 bc=4.155e-05 best=4.438e-02 lr=1.00e-03
2026-02-14 12:21:29,530 | INFO | [Forward][square] checkpoint saved at epoch=5499 -> outputs_refactor\full_matrix_rerun_20260214_112937\checkpoints\square\forward_last.pth
2026-02-14 12:21:29,530 | INFO | [Forward][square] epoch=5499/11999 total=4.365e-02 pde=4.325e-02 bc=3.974e-05 best=4.256e-02 lr=8.00e-04
2026-02-14 12:21:30,787 | INFO | [Forward][square] epoch=5599/11999 total=4.365e-02 pde=4.260e-02 bc=1.049e-04 best=4.192e-02 lr=8.00e-04
2026-02-14 12:21:32,038 | INFO | [Forward][square] epoch=5699/11999 total=4.376e-02 pde=4.338e-02 bc=3.767e-05 best=4.192e-02 lr=8.00e-04
2026-02-14 12:21:33,304 | INFO | [Forward][square] epoch=5799/11999 total=4.559e-02 pde=4.513e-02 bc=4.573e-05 best=4.151e-02 lr=8.00e-04
2026-02-14 12:21:34,542 | INFO | [Forward][square] epoch=5899/11999 total=4.342e-02 pde=4.298e-02 bc=4.373e-05 best=4.151e-02 lr=8.00e-04
2026-02-14 12:21:35,801 | INFO | [Forward][square] checkpoint saved at epoch=5999 -> outputs_refactor\full_matrix_rerun_20260214_112937\checkpoints\square\forward_last.pth
2026-02-14 12:21:35,801 | INFO | [Forward][square] epoch=5999/11999 total=4.257e-02 pde=4.212e-02 bc=4.476e-05 best=4.151e-02 lr=8.00e-04
2026-02-14 12:21:37,056 | INFO | [Forward][square] epoch=6099/11999 total=4.235e-02 pde=4.187e-02 bc=4.800e-05 best=4.150e-02 lr=8.00e-04
2026-02-14 12:21:38,351 | INFO | [Forward][square] epoch=6199/11999 total=4.138e-02 pde=4.090e-02 bc=4.812e-05 best=4.121e-02 lr=8.00e-04
2026-02-14 12:21:39,804 | INFO | [Forward][square] epoch=6299/11999 total=4.080e-02 pde=4.019e-02 bc=6.169e-05 best=4.080e-02 lr=8.00e-04
2026-02-14 12:21:41,251 | INFO | [Forward][square] epoch=6399/11999 total=4.002e-02 pde=3.937e-02 bc=6.479e-05 best=4.002e-02 lr=8.00e-04
2026-02-14 12:21:42,580 | INFO | [Forward][square] checkpoint saved at epoch=6499 -> outputs_refactor\full_matrix_rerun_20260214_112937\checkpoints\square\forward_last.pth
2026-02-14 12:21:42,581 | INFO | [Forward][square] epoch=6499/11999 total=3.915e-02 pde=3.864e-02 bc=5.081e-05 best=3.915e-02 lr=8.00e-04
2026-02-14 12:21:43,916 | INFO | [Forward][square] epoch=6599/11999 total=3.855e-02 pde=3.804e-02 bc=5.057e-05 best=3.855e-02 lr=8.00e-04
2026-02-14 12:21:45,254 | INFO | [Forward][square] epoch=6699/11999 total=3.768e-02 pde=3.726e-02 bc=4.252e-05 best=3.765e-02 lr=8.00e-04
2026-02-14 12:21:46,585 | INFO | [Forward][square] epoch=6799/11999 total=3.707e-02 pde=3.668e-02 bc=3.940e-05 best=3.698e-02 lr=8.00e-04
2026-02-14 12:21:47,915 | INFO | [Forward][square] epoch=6899/11999 total=3.644e-02 pde=3.606e-02 bc=3.757e-05 best=3.636e-02 lr=8.00e-04
2026-02-14 12:21:49,241 | INFO | [Forward][square] checkpoint saved at epoch=6999 -> outputs_refactor\full_matrix_rerun_20260214_112937\checkpoints\square\forward_last.pth
2026-02-14 12:21:49,241 | INFO | [Forward][square] epoch=6999/11999 total=7.262e-02 pde=7.207e-02 bc=5.494e-05 best=3.518e-02 lr=8.00e-04
2026-02-14 12:21:50,526 | INFO | [Forward][square] epoch=7099/11999 total=4.002e-02 pde=3.938e-02 bc=6.398e-05 best=3.518e-02 lr=8.00e-04
2026-02-14 12:21:51,773 | INFO | [Forward][square] epoch=7199/11999 total=4.496e-02 pde=4.457e-02 bc=3.933e-05 best=3.490e-02 lr=8.00e-04
2026-02-14 12:21:53,021 | INFO | [Forward][square] epoch=7299/11999 total=3.977e-02 pde=3.932e-02 bc=4.446e-05 best=3.490e-02 lr=8.00e-04
2026-02-14 12:21:54,281 | INFO | [Forward][square] epoch=7399/11999 total=3.689e-02 pde=3.641e-02 bc=4.812e-05 best=3.490e-02 lr=8.00e-04
2026-02-14 12:21:55,549 | INFO | [Forward][square] checkpoint saved at epoch=7499 -> outputs_refactor\full_matrix_rerun_20260214_112937\checkpoints\square\forward_last.pth
2026-02-14 12:21:55,549 | INFO | [Forward][square] epoch=7499/11999 total=3.596e-02 pde=3.554e-02 bc=4.191e-05 best=3.490e-02 lr=8.00e-04
2026-02-14 12:21:56,858 | INFO | [Forward][square] epoch=7599/11999 total=3.517e-02 pde=3.481e-02 bc=3.556e-05 best=3.425e-02 lr=8.00e-04
2026-02-14 12:21:58,176 | INFO | [Forward][square] epoch=7699/11999 total=4.047e-02 pde=4.002e-02 bc=4.411e-05 best=3.293e-02 lr=8.00e-04
2026-02-14 12:21:59,440 | INFO | [Forward][square] epoch=7799/11999 total=3.599e-02 pde=3.565e-02 bc=3.495e-05 best=3.293e-02 lr=8.00e-04
2026-02-14 12:22:00,714 | INFO | [Forward][square] epoch=7899/11999 total=3.575e-02 pde=3.539e-02 bc=3.585e-05 best=3.293e-02 lr=8.00e-04
2026-02-14 12:22:02,002 | INFO | [Forward][square] checkpoint saved at epoch=7999 -> outputs_refactor\full_matrix_rerun_20260214_112937\checkpoints\square\forward_last.pth
2026-02-14 12:22:02,003 | INFO | [Forward][square] epoch=7999/11999 total=3.487e-02 pde=3.452e-02 bc=3.457e-05 best=3.293e-02 lr=8.00e-04
2026-02-14 12:22:03,255 | INFO | [Forward][square] epoch=8099/11999 total=3.451e-02 pde=3.412e-02 bc=3.828e-05 best=3.293e-02 lr=8.00e-04
2026-02-14 12:22:04,532 | INFO | [Forward][square] epoch=8199/11999 total=3.244e-02 pde=3.205e-02 bc=3.850e-05 best=3.244e-02 lr=6.40e-04
2026-02-14 12:22:05,802 | INFO | [Forward][square] epoch=8299/11999 total=3.251e-02 pde=3.211e-02 bc=3.920e-05 best=3.230e-02 lr=6.40e-04
2026-02-14 12:22:07,086 | INFO | [Forward][square] epoch=8399/11999 total=3.896e-02 pde=3.853e-02 bc=4.272e-05 best=3.158e-02 lr=6.40e-04
2026-02-14 12:22:08,333 | INFO | [Forward][square] checkpoint saved at epoch=8499 -> outputs_refactor\full_matrix_rerun_20260214_112937\checkpoints\square\forward_last.pth
2026-02-14 12:22:08,334 | INFO | [Forward][square] epoch=8499/11999 total=3.305e-02 pde=3.267e-02 bc=3.799e-05 best=3.158e-02 lr=6.40e-04
2026-02-14 12:22:09,591 | INFO | [Forward][square] epoch=8599/11999 total=3.165e-02 pde=3.130e-02 bc=3.584e-05 best=3.158e-02 lr=6.40e-04
2026-02-14 12:22:10,914 | INFO | [Forward][square] epoch=8699/11999 total=3.103e-02 pde=3.071e-02 bc=3.264e-05 best=3.103e-02 lr=6.40e-04
2026-02-14 12:22:12,187 | INFO | [Forward][square] epoch=8799/11999 total=3.103e-02 pde=3.071e-02 bc=3.185e-05 best=3.100e-02 lr=6.40e-04
2026-02-14 12:22:13,460 | INFO | [Forward][square] epoch=8899/11999 total=3.101e-02 pde=3.068e-02 bc=3.295e-05 best=3.099e-02 lr=6.40e-04
2026-02-14 12:22:14,761 | INFO | [Forward][square] checkpoint saved at epoch=8999 -> outputs_refactor\full_matrix_rerun_20260214_112937\checkpoints\square\forward_last.pth
2026-02-14 12:22:14,761 | INFO | [Forward][square] epoch=8999/11999 total=3.104e-02 pde=3.068e-02 bc=3.603e-05 best=3.093e-02 lr=6.40e-04
2026-02-14 12:22:16,081 | INFO | [Forward][square] epoch=9099/11999 total=3.085e-02 pde=3.047e-02 bc=3.833e-05 best=3.039e-02 lr=6.40e-04
2026-02-14 12:22:17,376 | INFO | [Forward][square] epoch=9199/11999 total=2.991e-02 pde=2.952e-02 bc=3.933e-05 best=2.981e-02 lr=6.40e-04
2026-02-14 12:22:18,685 | INFO | [Forward][square] epoch=9299/11999 total=2.891e-02 pde=2.855e-02 bc=3.589e-05 best=2.889e-02 lr=6.40e-04
2026-02-14 12:22:20,007 | INFO | [Forward][square] epoch=9399/11999 total=2.828e-02 pde=2.793e-02 bc=3.544e-05 best=2.828e-02 lr=6.40e-04
2026-02-14 12:22:21,326 | INFO | [Forward][square] checkpoint saved at epoch=9499 -> outputs_refactor\full_matrix_rerun_20260214_112937\checkpoints\square\forward_last.pth
2026-02-14 12:22:21,326 | INFO | [Forward][square] epoch=9499/11999 total=9.031e-02 pde=8.873e-02 bc=1.587e-04 best=2.665e-02 lr=6.40e-04
2026-02-14 12:22:22,605 | INFO | [Forward][square] epoch=9599/11999 total=3.449e-02 pde=3.415e-02 bc=3.306e-05 best=2.665e-02 lr=6.40e-04
2026-02-14 12:22:23,863 | INFO | [Forward][square] epoch=9699/11999 total=3.036e-02 pde=3.008e-02 bc=2.825e-05 best=2.665e-02 lr=6.40e-04
2026-02-14 12:22:25,127 | INFO | [Forward][square] epoch=9799/11999 total=2.760e-02 pde=2.734e-02 bc=2.660e-05 best=2.665e-02 lr=6.40e-04
2026-02-14 12:22:26,382 | INFO | [Forward][square] epoch=9899/11999 total=2.742e-02 pde=2.716e-02 bc=2.530e-05 best=2.665e-02 lr=6.40e-04
2026-02-14 12:22:27,687 | INFO | [Forward][square] checkpoint saved at epoch=9999 -> outputs_refactor\full_matrix_rerun_20260214_112937\checkpoints\square\forward_last.pth
2026-02-14 12:22:27,687 | INFO | [Forward][square] epoch=9999/11999 total=2.616e-02 pde=2.592e-02 bc=2.382e-05 best=2.616e-02 lr=5.12e-04
2026-02-14 12:22:28,974 | INFO | [Forward][square] epoch=10099/11999 total=2.602e-02 pde=2.578e-02 bc=2.351e-05 best=2.601e-02 lr=5.12e-04
2026-02-14 12:22:30,284 | INFO | [Forward][square] epoch=10199/11999 total=2.557e-02 pde=2.534e-02 bc=2.270e-05 best=2.556e-02 lr=5.12e-04
2026-02-14 12:22:31,627 | INFO | [Forward][square] epoch=10299/11999 total=2.520e-02 pde=2.497e-02 bc=2.223e-05 best=2.520e-02 lr=5.12e-04
2026-02-14 12:22:32,943 | INFO | [Forward][square] epoch=10399/11999 total=2.474e-02 pde=2.452e-02 bc=2.173e-05 best=2.474e-02 lr=5.12e-04
2026-02-14 12:22:34,269 | INFO | [Forward][square] checkpoint saved at epoch=10499 -> outputs_refactor\full_matrix_rerun_20260214_112937\checkpoints\square\forward_last.pth
2026-02-14 12:22:34,269 | INFO | [Forward][square] epoch=10499/11999 total=2.796e-02 pde=2.768e-02 bc=2.776e-05 best=2.370e-02 lr=5.12e-04
2026-02-14 12:22:35,533 | INFO | [Forward][square] epoch=10599/11999 total=2.702e-02 pde=2.673e-02 bc=2.876e-05 best=2.370e-02 lr=5.12e-04
2026-02-14 12:22:36,806 | INFO | [Forward][square] epoch=10699/11999 total=2.591e-02 pde=2.567e-02 bc=2.373e-05 best=2.370e-02 lr=5.12e-04
2026-02-14 12:22:38,089 | INFO | [Forward][square] epoch=10799/11999 total=2.379e-02 pde=2.358e-02 bc=2.089e-05 best=2.356e-02 lr=5.12e-04
2026-02-14 12:22:39,514 | INFO | [Forward][square] epoch=10899/11999 total=2.376e-02 pde=2.355e-02 bc=2.142e-05 best=2.283e-02 lr=5.12e-04
2026-02-14 12:22:40,944 | INFO | [Forward][square] checkpoint saved at epoch=10999 -> outputs_refactor\full_matrix_rerun_20260214_112937\checkpoints\square\forward_last.pth
2026-02-14 12:22:40,944 | INFO | [Forward][square] epoch=10999/11999 total=2.319e-02 pde=2.298e-02 bc=2.120e-05 best=2.276e-02 lr=5.12e-04
2026-02-14 12:22:42,267 | INFO | [Forward][square] epoch=11099/11999 total=2.310e-02 pde=2.291e-02 bc=1.914e-05 best=2.276e-02 lr=5.12e-04
2026-02-14 12:22:43,557 | INFO | [Forward][square] epoch=11199/11999 total=2.265e-02 pde=2.246e-02 bc=1.868e-05 best=2.265e-02 lr=5.12e-04
2026-02-14 12:22:44,879 | INFO | [Forward][square] epoch=11299/11999 total=2.235e-02 pde=2.216e-02 bc=1.836e-05 best=2.235e-02 lr=5.12e-04
2026-02-14 12:22:46,225 | INFO | [Forward][square] epoch=11399/11999 total=2.210e-02 pde=2.192e-02 bc=1.802e-05 best=2.210e-02 lr=5.12e-04
2026-02-14 12:22:47,553 | INFO | [Forward][square] checkpoint saved at epoch=11499 -> outputs_refactor\full_matrix_rerun_20260214_112937\checkpoints\square\forward_last.pth
2026-02-14 12:22:47,553 | INFO | [Forward][square] epoch=11499/11999 total=2.207e-02 pde=2.189e-02 bc=1.715e-05 best=2.207e-02 lr=5.12e-04
2026-02-14 12:22:48,858 | INFO | [Forward][square] epoch=11599/11999 total=2.196e-02 pde=2.179e-02 bc=1.696e-05 best=2.176e-02 lr=5.12e-04
2026-02-14 12:22:50,128 | INFO | [Forward][square] epoch=11699/11999 total=2.157e-02 pde=2.137e-02 bc=1.974e-05 best=2.093e-02 lr=5.12e-04
2026-02-14 12:22:51,397 | INFO | [Forward][square] epoch=11799/11999 total=2.121e-02 pde=2.089e-02 bc=3.227e-05 best=2.078e-02 lr=5.12e-04
2026-02-14 12:22:52,701 | INFO | [Forward][square] epoch=11899/11999 total=2.046e-02 pde=2.022e-02 bc=2.382e-05 best=2.035e-02 lr=5.12e-04
2026-02-14 12:22:54,016 | INFO | [Forward][square] checkpoint saved at epoch=11999 -> outputs_refactor\full_matrix_rerun_20260214_112937\checkpoints\square\forward_last.pth
2026-02-14 12:22:54,017 | INFO | [Forward][square] epoch=11999/11999 total=2.020e-02 pde=1.995e-02 bc=2.509e-05 best=2.011e-02 lr=5.12e-04
2026-02-14 12:22:54,468 | INFO | [Inverse][pts_200_noise_0] start training charge=square points=200 noise=0%
2026-02-14 12:22:54,491 | INFO | [Inverse][square|pts=200|noise=0%] epoch=0/11999 total=5.581e+00 pde=3.888e-02 bc=3.741e-02 data=5.168e-02 best=5.581e+00 lr=1.00e-03
2026-02-14 12:22:56,150 | INFO | [Inverse][square|pts=200|noise=0%] epoch=99/11999 total=3.577e-01 pde=1.591e-01 bc=1.221e-03 data=1.865e-03 best=3.557e-01 lr=1.00e-03
2026-02-14 12:22:57,756 | INFO | [Inverse][square|pts=200|noise=0%] epoch=199/11999 total=2.317e-01 pde=7.598e-02 bc=9.046e-04 data=1.467e-03 best=2.317e-01 lr=1.00e-03
2026-02-14 12:22:59,366 | INFO | [Inverse][square|pts=200|noise=0%] epoch=299/11999 total=1.629e-01 pde=3.460e-02 bc=9.066e-04 data=1.192e-03 best=1.629e-01 lr=1.00e-03
2026-02-14 12:23:00,964 | INFO | [Inverse][square|pts=200|noise=0%] epoch=399/11999 total=1.037e-01 pde=1.198e-02 bc=6.943e-04 data=8.478e-04 best=1.037e-01 lr=1.00e-03
2026-02-14 12:23:02,448 | INFO | [Inverse][square|pts=200|noise=0%] checkpoint saved at epoch=499 -> outputs_refactor\full_matrix_rerun_20260214_112937\checkpoints\square\inverse_pts_200_noise_0_last.pth
2026-02-14 12:23:02,448 | INFO | [Inverse][square|pts=200|noise=0%] epoch=499/11999 total=1.573e-01 pde=9.174e-03 bc=2.233e-03 data=1.258e-03 best=8.696e-02 lr=1.00e-03
2026-02-14 12:23:03,908 | INFO | [Inverse][square|pts=200|noise=0%] epoch=599/11999 total=1.176e-01 pde=7.537e-03 bc=4.916e-04 data=1.052e-03 best=7.782e-02 lr=1.00e-03
2026-02-14 12:23:05,377 | INFO | [Inverse][square|pts=200|noise=0%] epoch=699/11999 total=1.286e-01 pde=8.425e-03 bc=1.843e-03 data=1.017e-03 best=6.506e-02 lr=1.00e-03
2026-02-14 12:23:07,092 | INFO | [Inverse][square|pts=200|noise=0%] epoch=799/11999 total=5.832e-02 pde=9.472e-03 bc=2.926e-04 data=4.592e-04 best=5.638e-02 lr=1.00e-03
2026-02-14 12:23:08,979 | INFO | [Inverse][square|pts=200|noise=0%] epoch=899/11999 total=5.323e-02 pde=1.059e-02 bc=2.004e-04 data=4.064e-04 best=5.091e-02 lr=1.00e-03
2026-02-14 12:23:10,954 | INFO | [Inverse][square|pts=200|noise=0%] checkpoint saved at epoch=999 -> outputs_refactor\full_matrix_rerun_20260214_112937\checkpoints\square\inverse_pts_200_noise_0_last.pth
2026-02-14 12:23:10,954 | INFO | [Inverse][square|pts=200|noise=0%] epoch=999/11999 total=5.238e-02 pde=1.061e-02 bc=4.153e-04 data=3.762e-04 best=4.621e-02 lr=1.00e-03
2026-02-14 12:23:13,058 | INFO | [Inverse][square|pts=200|noise=0%] epoch=1099/11999 total=4.966e-02 pde=1.036e-02 bc=2.432e-04 data=3.687e-04 best=4.246e-02 lr=1.00e-03
2026-02-14 12:23:14,732 | INFO | [Inverse][square|pts=200|noise=0%] epoch=1199/11999 total=3.882e-02 pde=9.556e-03 bc=1.853e-04 data=2.741e-04 best=3.837e-02 lr=1.00e-03
2026-02-14 12:23:16,323 | INFO | [Inverse][square|pts=200|noise=0%] epoch=1299/11999 total=3.851e-02 pde=8.776e-03 bc=2.395e-04 data=2.734e-04 best=3.755e-02 lr=1.00e-03
2026-02-14 12:23:18,043 | INFO | [Inverse][square|pts=200|noise=0%] epoch=1399/11999 total=3.162e-02 pde=7.912e-03 bc=1.804e-04 data=2.190e-04 best=3.107e-02 lr=1.00e-03
2026-02-14 12:23:19,968 | INFO | [Inverse][square|pts=200|noise=0%] checkpoint saved at epoch=1499 -> outputs_refactor\full_matrix_rerun_20260214_112937\checkpoints\square\inverse_pts_200_noise_0_last.pth
2026-02-14 12:23:19,969 | INFO | [Inverse][square|pts=200|noise=0%] epoch=1499/11999 total=3.144e-02 pde=7.019e-03 bc=2.119e-04 data=2.230e-04 best=2.869e-02 lr=1.00e-03
2026-02-14 12:23:21,672 | INFO | [Inverse][square|pts=200|noise=0%] epoch=1599/11999 total=2.906e-02 pde=6.362e-03 bc=1.971e-04 data=2.073e-04 best=2.482e-02 lr=1.00e-03
2026-02-14 12:23:23,327 | INFO | [Inverse][square|pts=200|noise=0%] epoch=1699/11999 total=2.469e-02 pde=5.847e-03 bc=1.507e-04 data=1.734e-04 best=2.333e-02 lr=1.00e-03
2026-02-14 12:23:24,981 | INFO | [Inverse][square|pts=200|noise=0%] epoch=1799/11999 total=2.297e-02 pde=5.273e-03 bc=1.277e-04 data=1.642e-04 best=2.034e-02 lr=1.00e-03
2026-02-14 12:23:26,561 | INFO | [Inverse][square|pts=200|noise=0%] epoch=1899/11999 total=1.516e-01 pde=5.853e-03 bc=1.740e-03 data=1.284e-03 best=1.586e-02 lr=1.00e-03
2026-02-14 12:23:28,283 | INFO | [Inverse][square|pts=200|noise=0%] checkpoint saved at epoch=1999 -> outputs_refactor\full_matrix_rerun_20260214_112937\checkpoints\square\inverse_pts_200_noise_0_last.pth
2026-02-14 12:23:28,284 | INFO | [Inverse][square|pts=200|noise=0%] epoch=1999/11999 total=2.325e-02 pde=4.176e-03 bc=1.525e-04 data=1.755e-04 best=1.510e-02 lr=1.00e-03
2026-02-14 12:23:29,960 | INFO | [Inverse][square|pts=200|noise=0%] epoch=2099/11999 total=1.940e-02 pde=3.801e-03 bc=1.260e-04 data=1.434e-04 best=1.510e-02 lr=1.00e-03
2026-02-14 12:23:31,538 | INFO | [Inverse][square|pts=200|noise=0%] epoch=2199/11999 total=1.399e-02 pde=3.485e-03 bc=7.149e-05 data=9.795e-05 best=1.399e-02 lr=1.00e-03
2026-02-14 12:23:33,112 | INFO | [Inverse][square|pts=200|noise=0%] epoch=2299/11999 total=1.499e-02 pde=3.283e-03 bc=8.562e-05 data=1.085e-04 best=1.399e-02 lr=1.00e-03
2026-02-14 12:23:34,796 | INFO | [Inverse][square|pts=200|noise=0%] epoch=2399/11999 total=1.070e-02 pde=3.043e-03 bc=5.442e-05 data=7.113e-05 best=1.070e-02 lr=1.00e-03
2026-02-14 12:23:36,399 | INFO | [Inverse][square|pts=200|noise=0%] checkpoint saved at epoch=2499 -> outputs_refactor\full_matrix_rerun_20260214_112937\checkpoints\square\inverse_pts_200_noise_0_last.pth
2026-02-14 12:23:36,399 | INFO | [Inverse][square|pts=200|noise=0%] epoch=2499/11999 total=6.799e-02 pde=3.319e-03 bc=6.417e-04 data=5.826e-04 best=9.617e-03 lr=1.00e-03
2026-02-14 12:23:37,996 | INFO | [Inverse][square|pts=200|noise=0%] epoch=2599/11999 total=4.461e-02 pde=3.080e-03 bc=3.688e-04 data=3.784e-04 best=9.617e-03 lr=1.00e-03
2026-02-14 12:23:39,544 | INFO | [Inverse][square|pts=200|noise=0%] epoch=2699/11999 total=6.388e-02 pde=6.749e-03 bc=5.317e-04 data=5.182e-04 best=9.617e-03 lr=1.00e-03
2026-02-14 12:23:41,492 | INFO | [Inverse][square|pts=200|noise=0%] epoch=2799/11999 total=1.278e-02 pde=2.556e-03 bc=9.082e-05 data=9.316e-05 best=9.255e-03 lr=1.00e-03
2026-02-14 12:23:43,399 | INFO | [Inverse][square|pts=200|noise=0%] epoch=2899/11999 total=1.159e-02 pde=2.318e-03 bc=1.019e-04 data=8.257e-05 best=9.255e-03 lr=1.00e-03
2026-02-14 12:23:45,013 | INFO | [Inverse][square|pts=200|noise=0%] checkpoint saved at epoch=2999 -> outputs_refactor\full_matrix_rerun_20260214_112937\checkpoints\square\inverse_pts_200_noise_0_last.pth
2026-02-14 12:23:45,013 | INFO | [Inverse][square|pts=200|noise=0%] epoch=2999/11999 total=1.461e-02 pde=2.167e-03 bc=1.506e-04 data=1.093e-04 best=8.895e-03 lr=1.00e-03
2026-02-14 12:23:46,767 | INFO | [Inverse][square|pts=200|noise=0%] epoch=3099/11999 total=1.025e-02 pde=1.976e-03 bc=9.677e-05 data=7.304e-05 best=8.895e-03 lr=1.00e-03
2026-02-14 12:23:48,387 | INFO | [Inverse][square|pts=200|noise=0%] epoch=3199/11999 total=8.468e-03 pde=1.793e-03 bc=5.308e-05 data=6.144e-05 best=7.029e-03 lr=1.00e-03
2026-02-14 12:23:49,928 | INFO | [Inverse][square|pts=200|noise=0%] epoch=3299/11999 total=1.231e-02 pde=1.712e-03 bc=1.344e-04 data=9.251e-05 best=6.810e-03 lr=1.00e-03
2026-02-14 12:23:51,503 | INFO | [Inverse][square|pts=200|noise=0%] epoch=3399/11999 total=1.116e-02 pde=1.589e-03 bc=1.178e-04 data=8.390e-05 best=6.810e-03 lr=1.00e-03
2026-02-14 12:23:52,987 | INFO | [Inverse][square|pts=200|noise=0%] checkpoint saved at epoch=3499 -> outputs_refactor\full_matrix_rerun_20260214_112937\checkpoints\square\inverse_pts_200_noise_0_last.pth
2026-02-14 12:23:52,987 | INFO | [Inverse][square|pts=200|noise=0%] epoch=3499/11999 total=1.036e-02 pde=1.513e-03 bc=1.071e-04 data=7.778e-05 best=6.810e-03 lr=1.00e-03
2026-02-14 12:23:54,520 | INFO | [Inverse][square|pts=200|noise=0%] epoch=3599/11999 total=9.911e-03 pde=1.453e-03 bc=1.016e-04 data=7.441e-05 best=6.810e-03 lr=1.00e-03
2026-02-14 12:23:56,095 | INFO | [Inverse][square|pts=200|noise=0%] epoch=3699/11999 total=9.529e-03 pde=1.401e-03 bc=9.731e-05 data=7.156e-05 best=6.810e-03 lr=1.00e-03
2026-02-14 12:23:57,888 | INFO | [Inverse][square|pts=200|noise=0%] epoch=3799/11999 total=7.743e-03 pde=1.325e-03 bc=7.727e-05 data=5.646e-05 best=6.810e-03 lr=8.00e-04
2026-02-14 12:23:59,450 | INFO | [Inverse][square|pts=200|noise=0%] epoch=3899/11999 total=7.127e-03 pde=1.264e-03 bc=7.235e-05 data=5.140e-05 best=6.810e-03 lr=8.00e-04
2026-02-14 12:24:01,108 | INFO | [Inverse][square|pts=200|noise=0%] checkpoint saved at epoch=3999 -> outputs_refactor\full_matrix_rerun_20260214_112937\checkpoints\square\inverse_pts_200_noise_0_last.pth
2026-02-14 12:24:01,109 | INFO | [Inverse][square|pts=200|noise=0%] epoch=3999/11999 total=6.557e-03 pde=1.206e-03 bc=6.671e-05 data=4.684e-05 best=6.552e-03 lr=8.00e-04
2026-02-14 12:24:02,672 | INFO | [Inverse][square|pts=200|noise=0%] epoch=4099/11999 total=6.764e-03 pde=1.165e-03 bc=7.315e-05 data=4.867e-05 best=6.552e-03 lr=8.00e-04
2026-02-14 12:24:04,293 | INFO | [Inverse][square|pts=200|noise=0%] epoch=4199/11999 total=6.203e-03 pde=1.116e-03 bc=6.644e-05 data=4.423e-05 best=6.203e-03 lr=8.00e-04
2026-02-14 12:24:05,877 | INFO | [Inverse][square|pts=200|noise=0%] epoch=4299/11999 total=5.383e-03 pde=1.066e-03 bc=5.555e-05 data=3.762e-05 best=5.383e-03 lr=8.00e-04
2026-02-14 12:24:07,415 | INFO | [Inverse][square|pts=200|noise=0%] epoch=4399/11999 total=1.627e-02 pde=1.018e-02 bc=8.023e-05 data=5.289e-05 best=4.579e-03 lr=8.00e-04
2026-02-14 12:24:08,901 | INFO | [Inverse][square|pts=200|noise=0%] checkpoint saved at epoch=4499 -> outputs_refactor\full_matrix_rerun_20260214_112937\checkpoints\square\inverse_pts_200_noise_0_last.pth
2026-02-14 12:24:08,901 | INFO | [Inverse][square|pts=200|noise=0%] epoch=4499/11999 total=8.672e-03 pde=1.104e-03 bc=9.340e-05 data=6.634e-05 best=4.579e-03 lr=8.00e-04
2026-02-14 12:24:10,394 | INFO | [Inverse][square|pts=200|noise=0%] epoch=4599/11999 total=6.915e-03 pde=1.023e-03 bc=7.724e-05 data=5.119e-05 best=4.579e-03 lr=8.00e-04
2026-02-14 12:24:11,873 | INFO | [Inverse][square|pts=200|noise=0%] epoch=4699/11999 total=6.546e-03 pde=9.850e-04 bc=7.621e-05 data=4.799e-05 best=4.579e-03 lr=8.00e-04
2026-02-14 12:24:13,335 | INFO | [Inverse][square|pts=200|noise=0%] epoch=4799/11999 total=6.381e-03 pde=9.589e-04 bc=7.226e-05 data=4.700e-05 best=4.579e-03 lr=8.00e-04
2026-02-14 12:24:15,083 | INFO | [Inverse][square|pts=200|noise=0%] epoch=4899/11999 total=6.253e-03 pde=9.407e-04 bc=6.037e-05 data=4.708e-05 best=4.501e-03 lr=6.40e-04
2026-02-14 12:24:16,774 | INFO | [Inverse][square|pts=200|noise=0%] checkpoint saved at epoch=4999 -> outputs_refactor\full_matrix_rerun_20260214_112937\checkpoints\square\inverse_pts_200_noise_0_last.pth
2026-02-14 12:24:16,774 | INFO | [Inverse][square|pts=200|noise=0%] epoch=4999/11999 total=5.375e-03 pde=9.027e-04 bc=5.008e-05 data=3.972e-05 best=4.501e-03 lr=6.40e-04
2026-02-14 12:24:18,460 | INFO | [Inverse][square|pts=200|noise=0%] epoch=5099/11999 total=4.115e-03 pde=8.450e-04 bc=3.048e-05 data=2.966e-05 best=3.836e-03 lr=6.40e-04
2026-02-14 12:24:19,971 | INFO | [Inverse][square|pts=200|noise=0%] epoch=5199/11999 total=9.194e-03 pde=9.974e-04 bc=9.433e-05 data=7.253e-05 best=3.667e-03 lr=6.40e-04
2026-02-14 12:24:21,433 | INFO | [Inverse][square|pts=200|noise=0%] epoch=5299/11999 total=5.505e-03 pde=9.761e-04 bc=6.305e-05 data=3.899e-05 best=3.667e-03 lr=6.40e-04
2026-02-14 12:24:22,965 | INFO | [Inverse][square|pts=200|noise=0%] epoch=5399/11999 total=4.928e-03 pde=7.835e-04 bc=6.626e-05 data=3.481e-05 best=3.667e-03 lr=6.40e-04
2026-02-14 12:24:24,616 | INFO | [Inverse][square|pts=200|noise=0%] checkpoint saved at epoch=5499 -> outputs_refactor\full_matrix_rerun_20260214_112937\checkpoints\square\inverse_pts_200_noise_0_last.pth
2026-02-14 12:24:24,616 | INFO | [Inverse][square|pts=200|noise=0%] epoch=5499/11999 total=4.300e-03 pde=7.576e-04 bc=5.770e-05 data=2.966e-05 best=3.667e-03 lr=6.40e-04
2026-02-14 12:24:26,101 | INFO | [Inverse][square|pts=200|noise=0%] epoch=5599/11999 total=4.455e-03 pde=7.432e-04 bc=6.218e-05 data=3.090e-05 best=3.667e-03 lr=6.40e-04
2026-02-14 12:24:27,593 | INFO | [Inverse][square|pts=200|noise=0%] epoch=5699/11999 total=4.017e-03 pde=7.220e-04 bc=5.552e-05 data=2.739e-05 best=3.667e-03 lr=5.12e-04
2026-02-14 12:24:29,058 | INFO | [Inverse][square|pts=200|noise=0%] epoch=5799/11999 total=4.083e-03 pde=7.068e-04 bc=5.832e-05 data=2.793e-05 best=3.667e-03 lr=5.12e-04
2026-02-14 12:24:30,540 | INFO | [Inverse][square|pts=200|noise=0%] epoch=5899/11999 total=4.025e-03 pde=6.872e-04 bc=5.866e-05 data=2.751e-05 best=3.667e-03 lr=5.12e-04
2026-02-14 12:24:32,032 | INFO | [Inverse][square|pts=200|noise=0%] checkpoint saved at epoch=5999 -> outputs_refactor\full_matrix_rerun_20260214_112937\checkpoints\square\inverse_pts_200_noise_0_last.pth
2026-02-14 12:24:32,032 | INFO | [Inverse][square|pts=200|noise=0%] epoch=5999/11999 total=3.853e-03 pde=6.648e-04 bc=5.582e-05 data=2.630e-05 best=3.667e-03 lr=5.12e-04
2026-02-14 12:24:33,613 | INFO | [Inverse][square|pts=200|noise=0%] epoch=6099/11999 total=6.462e-03 pde=6.921e-04 bc=3.512e-05 data=5.419e-05 best=2.982e-03 lr=5.12e-04
2026-02-14 12:24:35,090 | INFO | [Inverse][square|pts=200|noise=0%] epoch=6199/11999 total=8.101e-03 pde=3.508e-03 bc=5.577e-05 data=4.036e-05 best=2.976e-03 lr=5.12e-04
2026-02-14 12:24:36,566 | INFO | [Inverse][square|pts=200|noise=0%] epoch=6299/11999 total=5.124e-03 pde=6.572e-04 bc=5.153e-05 data=3.952e-05 best=2.956e-03 lr=5.12e-04
2026-02-14 12:24:38,041 | INFO | [Inverse][square|pts=200|noise=0%] epoch=6399/11999 total=4.912e-03 pde=6.640e-04 bc=4.920e-05 data=3.755e-05 best=2.956e-03 lr=5.12e-04
2026-02-14 12:24:39,539 | INFO | [Inverse][square|pts=200|noise=0%] checkpoint saved at epoch=6499 -> outputs_refactor\full_matrix_rerun_20260214_112937\checkpoints\square\inverse_pts_200_noise_0_last.pth
2026-02-14 12:24:39,539 | INFO | [Inverse][square|pts=200|noise=0%] epoch=6499/11999 total=4.377e-03 pde=6.357e-04 bc=4.498e-05 data=3.292e-05 best=2.956e-03 lr=5.12e-04
2026-02-14 12:24:41,026 | INFO | [Inverse][square|pts=200|noise=0%] epoch=6599/11999 total=3.873e-03 pde=6.094e-04 bc=4.040e-05 data=2.860e-05 best=2.956e-03 lr=5.12e-04
2026-02-14 12:24:42,486 | INFO | [Inverse][square|pts=200|noise=0%] epoch=6699/11999 total=4.034e-03 pde=6.050e-04 bc=4.248e-05 data=3.004e-05 best=2.956e-03 lr=5.12e-04
2026-02-14 12:24:43,985 | INFO | [Inverse][square|pts=200|noise=0%] epoch=6799/11999 total=3.461e-03 pde=5.764e-04 bc=3.797e-05 data=2.505e-05 best=2.913e-03 lr=4.10e-04
2026-02-14 12:24:45,458 | INFO | [Inverse][square|pts=200|noise=0%] epoch=6899/11999 total=3.450e-03 pde=5.668e-04 bc=3.848e-05 data=2.498e-05 best=2.913e-03 lr=4.10e-04
2026-02-14 12:24:46,951 | INFO | [Inverse][square|pts=200|noise=0%] checkpoint saved at epoch=6999 -> outputs_refactor\full_matrix_rerun_20260214_112937\checkpoints\square\inverse_pts_200_noise_0_last.pth
2026-02-14 12:24:46,952 | INFO | [Inverse][square|pts=200|noise=0%] epoch=6999/11999 total=3.358e-03 pde=5.544e-04 bc=3.799e-05 data=2.423e-05 best=2.913e-03 lr=4.10e-04
2026-02-14 12:24:48,405 | INFO | [Inverse][square|pts=200|noise=0%] epoch=7099/11999 total=3.148e-03 pde=5.377e-04 bc=3.663e-05 data=2.244e-05 best=2.913e-03 lr=4.10e-04
2026-02-14 12:24:49,874 | INFO | [Inverse][square|pts=200|noise=0%] epoch=7199/11999 total=3.072e-03 pde=5.262e-04 bc=3.552e-05 data=2.191e-05 best=2.913e-03 lr=4.10e-04
2026-02-14 12:24:51,381 | INFO | [Inverse][square|pts=200|noise=0%] epoch=7299/11999 total=2.819e-03 pde=5.083e-04 bc=3.273e-05 data=1.983e-05 best=2.700e-03 lr=3.28e-04
2026-02-14 12:24:52,848 | INFO | [Inverse][square|pts=200|noise=0%] epoch=7399/11999 total=2.826e-03 pde=4.998e-04 bc=3.213e-05 data=2.005e-05 best=2.700e-03 lr=3.28e-04
2026-02-14 12:24:54,410 | INFO | [Inverse][square|pts=200|noise=0%] checkpoint saved at epoch=7499 -> outputs_refactor\full_matrix_rerun_20260214_112937\checkpoints\square\inverse_pts_200_noise_0_last.pth
2026-02-14 12:24:54,410 | INFO | [Inverse][square|pts=200|noise=0%] epoch=7499/11999 total=2.870e-03 pde=4.924e-04 bc=3.169e-05 data=2.061e-05 best=2.626e-03 lr=3.28e-04
2026-02-14 12:24:55,981 | INFO | [Inverse][square|pts=200|noise=0%] epoch=7599/11999 total=2.811e-03 pde=4.805e-04 bc=3.098e-05 data=2.021e-05 best=2.546e-03 lr=3.28e-04
2026-02-14 12:24:57,456 | INFO | [Inverse][square|pts=200|noise=0%] epoch=7699/11999 total=2.784e-03 pde=4.698e-04 bc=3.042e-05 data=2.010e-05 best=2.513e-03 lr=3.28e-04
2026-02-14 12:24:58,979 | INFO | [Inverse][square|pts=200|noise=0%] epoch=7799/11999 total=2.716e-03 pde=4.571e-04 bc=2.988e-05 data=1.961e-05 best=2.471e-03 lr=3.28e-04
2026-02-14 12:25:00,478 | INFO | [Inverse][square|pts=200|noise=0%] epoch=7899/11999 total=2.679e-03 pde=4.455e-04 bc=2.945e-05 data=1.939e-05 best=2.444e-03 lr=3.28e-04
2026-02-14 12:25:02,034 | INFO | [Inverse][square|pts=200|noise=0%] checkpoint saved at epoch=7999 -> outputs_refactor\full_matrix_rerun_20260214_112937\checkpoints\square\inverse_pts_200_noise_0_last.pth
2026-02-14 12:25:02,034 | INFO | [Inverse][square|pts=200|noise=0%] epoch=7999/11999 total=2.523e-03 pde=4.289e-04 bc=2.919e-05 data=1.802e-05 best=2.394e-03 lr=3.28e-04
2026-02-14 12:25:03,539 | INFO | [Inverse][square|pts=200|noise=0%] epoch=8099/11999 total=2.550e-03 pde=4.197e-04 bc=2.883e-05 data=1.842e-05 best=2.367e-03 lr=3.28e-04
2026-02-14 12:25:05,118 | INFO | [Inverse][square|pts=200|noise=0%] epoch=8199/11999 total=2.214e-03 pde=3.920e-04 bc=4.084e-05 data=1.414e-05 best=2.073e-03 lr=3.28e-04
2026-02-14 12:25:06,681 | INFO | [Inverse][square|pts=200|noise=0%] epoch=8299/11999 total=2.012e-03 pde=3.743e-04 bc=3.397e-05 data=1.298e-05 best=2.011e-03 lr=3.28e-04
2026-02-14 12:25:08,201 | INFO | [Inverse][square|pts=200|noise=0%] epoch=8399/11999 total=2.102e-03 pde=3.660e-04 bc=3.350e-05 data=1.401e-05 best=1.966e-03 lr=3.28e-04
2026-02-14 12:25:09,725 | INFO | [Inverse][square|pts=200|noise=0%] checkpoint saved at epoch=8499 -> outputs_refactor\full_matrix_rerun_20260214_112937\checkpoints\square\inverse_pts_200_noise_0_last.pth
2026-02-14 12:25:09,726 | INFO | [Inverse][square|pts=200|noise=0%] epoch=8499/11999 total=2.114e-03 pde=3.557e-04 bc=3.941e-05 data=1.365e-05 best=1.922e-03 lr=3.28e-04
2026-02-14 12:25:11,224 | INFO | [Inverse][square|pts=200|noise=0%] epoch=8599/11999 total=2.647e-03 pde=3.664e-04 bc=4.876e-05 data=1.793e-05 best=1.913e-03 lr=3.28e-04
2026-02-14 12:25:12,713 | INFO | [Inverse][square|pts=200|noise=0%] epoch=8699/11999 total=2.606e-03 pde=3.605e-04 bc=4.622e-05 data=1.783e-05 best=1.913e-03 lr=3.28e-04
2026-02-14 12:25:14,195 | INFO | [Inverse][square|pts=200|noise=0%] epoch=8799/11999 total=2.696e-03 pde=3.609e-04 bc=4.681e-05 data=1.867e-05 best=1.913e-03 lr=3.28e-04
2026-02-14 12:25:15,656 | INFO | [Inverse][square|pts=200|noise=0%] epoch=8899/11999 total=2.520e-03 pde=3.516e-04 bc=4.407e-05 data=1.728e-05 best=1.913e-03 lr=3.28e-04
2026-02-14 12:25:17,139 | INFO | [Inverse][square|pts=200|noise=0%] checkpoint saved at epoch=8999 -> outputs_refactor\full_matrix_rerun_20260214_112937\checkpoints\square\inverse_pts_200_noise_0_last.pth
2026-02-14 12:25:17,139 | INFO | [Inverse][square|pts=200|noise=0%] epoch=8999/11999 total=2.452e-03 pde=3.451e-04 bc=4.193e-05 data=1.688e-05 best=1.913e-03 lr=3.28e-04
2026-02-14 12:25:18,858 | INFO | [Inverse][square|pts=200|noise=0%] epoch=9099/11999 total=1.772e-03 pde=3.147e-04 bc=3.350e-05 data=1.122e-05 best=1.772e-03 lr=2.62e-04
2026-02-14 12:25:20,758 | INFO | [Inverse][square|pts=200|noise=0%] epoch=9199/11999 total=1.745e-03 pde=3.079e-04 bc=3.349e-05 data=1.102e-05 best=1.745e-03 lr=2.62e-04
2026-02-14 12:25:22,705 | INFO | [Inverse][square|pts=200|noise=0%] epoch=9299/11999 total=1.718e-03 pde=3.013e-04 bc=3.342e-05 data=1.083e-05 best=1.718e-03 lr=2.62e-04
2026-02-14 12:25:24,607 | INFO | [Inverse][square|pts=200|noise=0%] epoch=9399/11999 total=1.692e-03 pde=2.947e-04 bc=3.333e-05 data=1.064e-05 best=1.692e-03 lr=2.62e-04
2026-02-14 12:25:26,398 | INFO | [Inverse][square|pts=200|noise=0%] checkpoint saved at epoch=9499 -> outputs_refactor\full_matrix_rerun_20260214_112937\checkpoints\square\inverse_pts_200_noise_0_last.pth
2026-02-14 12:25:26,399 | INFO | [Inverse][square|pts=200|noise=0%] epoch=9499/11999 total=1.823e-03 pde=2.936e-04 bc=3.367e-05 data=1.193e-05 best=1.670e-03 lr=2.62e-04
2026-02-14 12:25:27,882 | INFO | [Inverse][square|pts=200|noise=0%] epoch=9599/11999 total=6.943e-03 pde=4.794e-03 bc=3.037e-05 data=1.845e-05 best=1.659e-03 lr=2.62e-04
2026-02-14 12:25:29,359 | INFO | [Inverse][square|pts=200|noise=0%] epoch=9699/11999 total=1.636e-03 pde=2.802e-04 bc=3.297e-05 data=1.026e-05 best=1.636e-03 lr=2.62e-04
2026-02-14 12:25:31,254 | INFO | [Inverse][square|pts=200|noise=0%] epoch=9799/11999 total=1.616e-03 pde=2.754e-04 bc=3.280e-05 data=1.012e-05 best=1.616e-03 lr=2.62e-04
2026-02-14 12:25:33,091 | INFO | [Inverse][square|pts=200|noise=0%] epoch=9899/11999 total=1.691e-03 pde=2.746e-04 bc=3.454e-05 data=1.071e-05 best=1.601e-03 lr=2.62e-04
2026-02-14 12:25:34,579 | INFO | [Inverse][square|pts=200|noise=0%] checkpoint saved at epoch=9999 -> outputs_refactor\full_matrix_rerun_20260214_112937\checkpoints\square\inverse_pts_200_noise_0_last.pth
2026-02-14 12:25:34,580 | INFO | [Inverse][square|pts=200|noise=0%] epoch=9999/11999 total=2.650e-03 pde=2.803e-04 bc=5.808e-05 data=1.789e-05 best=1.591e-03 lr=2.62e-04
2026-02-14 12:25:36,092 | INFO | [Inverse][square|pts=200|noise=0%] epoch=10099/11999 total=2.420e-03 pde=2.751e-04 bc=4.844e-05 data=1.660e-05 best=1.591e-03 lr=2.62e-04
2026-02-14 12:25:37,551 | INFO | [Inverse][square|pts=200|noise=0%] epoch=10199/11999 total=1.628e-03 pde=2.767e-04 bc=3.176e-05 data=1.034e-05 best=1.591e-03 lr=2.62e-04
2026-02-14 12:25:39,210 | INFO | [Inverse][square|pts=200|noise=0%] epoch=10299/11999 total=1.616e-03 pde=2.624e-04 bc=3.348e-05 data=1.019e-05 best=1.553e-03 lr=2.62e-04
2026-02-14 12:25:40,744 | INFO | [Inverse][square|pts=200|noise=0%] epoch=10399/11999 total=1.533e-03 pde=2.549e-04 bc=3.219e-05 data=9.565e-06 best=1.533e-03 lr=2.62e-04
2026-02-14 12:25:42,285 | INFO | [Inverse][square|pts=200|noise=0%] checkpoint saved at epoch=10499 -> outputs_refactor\full_matrix_rerun_20260214_112937\checkpoints\square\inverse_pts_200_noise_0_last.pth
2026-02-14 12:25:42,285 | INFO | [Inverse][square|pts=200|noise=0%] epoch=10499/11999 total=1.680e-03 pde=2.583e-04 bc=3.448e-05 data=1.077e-05 best=1.519e-03 lr=2.62e-04
2026-02-14 12:25:43,783 | INFO | [Inverse][square|pts=200|noise=0%] epoch=10599/11999 total=1.601e-03 pde=2.520e-04 bc=3.345e-05 data=1.015e-05 best=1.504e-03 lr=2.62e-04
2026-02-14 12:25:45,330 | INFO | [Inverse][square|pts=200|noise=0%] epoch=10699/11999 total=1.503e-03 pde=2.443e-04 bc=3.188e-05 data=9.397e-06 best=1.481e-03 lr=2.62e-04
2026-02-14 12:25:46,905 | INFO | [Inverse][square|pts=200|noise=0%] epoch=10799/11999 total=1.617e-03 pde=2.471e-04 bc=3.370e-05 data=1.032e-05 best=1.466e-03 lr=2.62e-04
2026-02-14 12:25:48,389 | INFO | [Inverse][square|pts=200|noise=0%] epoch=10899/11999 total=1.636e-03 pde=2.452e-04 bc=2.871e-05 data=1.104e-05 best=1.453e-03 lr=2.62e-04
2026-02-14 12:25:49,916 | INFO | [Inverse][square|pts=200|noise=0%] checkpoint saved at epoch=10999 -> outputs_refactor\full_matrix_rerun_20260214_112937\checkpoints\square\inverse_pts_200_noise_0_last.pth
2026-02-14 12:25:49,917 | INFO | [Inverse][square|pts=200|noise=0%] epoch=10999/11999 total=1.428e-03 pde=2.333e-04 bc=3.107e-05 data=8.839e-06 best=1.428e-03 lr=2.62e-04
2026-02-14 12:25:51,471 | INFO | [Inverse][square|pts=200|noise=0%] epoch=11099/11999 total=1.497e-03 pde=2.330e-04 bc=3.499e-05 data=9.141e-06 best=1.417e-03 lr=2.62e-04
2026-02-14 12:25:52,986 | INFO | [Inverse][square|pts=200|noise=0%] epoch=11199/11999 total=1.575e-03 pde=2.331e-04 bc=3.303e-05 data=1.012e-05 best=1.399e-03 lr=2.62e-04
2026-02-14 12:25:54,507 | INFO | [Inverse][square|pts=200|noise=0%] epoch=11299/11999 total=1.480e-03 pde=2.269e-04 bc=3.049e-05 data=9.479e-06 best=1.390e-03 lr=2.62e-04
2026-02-14 12:25:56,002 | INFO | [Inverse][square|pts=200|noise=0%] epoch=11399/11999 total=1.412e-03 pde=2.215e-04 bc=3.092e-05 data=8.808e-06 best=1.361e-03 lr=2.62e-04
2026-02-14 12:25:57,496 | INFO | [Inverse][square|pts=200|noise=0%] checkpoint saved at epoch=11499 -> outputs_refactor\full_matrix_rerun_20260214_112937\checkpoints\square\inverse_pts_200_noise_0_last.pth
2026-02-14 12:25:57,496 | INFO | [Inverse][square|pts=200|noise=0%] epoch=11499/11999 total=1.344e-03 pde=2.166e-04 bc=3.002e-05 data=8.271e-06 best=1.344e-03 lr=2.62e-04
2026-02-14 12:25:59,011 | INFO | [Inverse][square|pts=200|noise=0%] epoch=11599/11999 total=1.333e-03 pde=2.138e-04 bc=2.908e-05 data=8.288e-06 best=1.333e-03 lr=2.62e-04
2026-02-14 12:26:00,532 | INFO | [Inverse][square|pts=200|noise=0%] epoch=11699/11999 total=1.331e-03 pde=2.112e-04 bc=2.921e-05 data=8.274e-06 best=1.320e-03 lr=2.62e-04
2026-02-14 12:26:02,027 | INFO | [Inverse][square|pts=200|noise=0%] epoch=11799/11999 total=1.426e-03 pde=2.118e-04 bc=3.086e-05 data=9.059e-06 best=1.303e-03 lr=2.62e-04
2026-02-14 12:26:03,537 | INFO | [Inverse][square|pts=200|noise=0%] epoch=11899/11999 total=1.319e-03 pde=2.052e-04 bc=2.815e-05 data=8.327e-06 best=1.285e-03 lr=2.62e-04
2026-02-14 12:26:05,057 | INFO | [Inverse][square|pts=200|noise=0%] checkpoint saved at epoch=11999 -> outputs_refactor\full_matrix_rerun_20260214_112937\checkpoints\square\inverse_pts_200_noise_0_last.pth
2026-02-14 12:26:05,057 | INFO | [Inverse][square|pts=200|noise=0%] epoch=11999/11999 total=1.418e-03 pde=2.065e-04 bc=3.416e-05 data=8.702e-06 best=1.273e-03 lr=2.62e-04
2026-02-14 12:26:05,677 | INFO | [Inverse][pts_200_noise_1] start training charge=square points=200 noise=1%
2026-02-14 12:26:05,703 | INFO | [Inverse][square|pts=200|noise=1%] epoch=0/11999 total=5.245e+00 pde=3.797e-02 bc=3.885e-02 data=4.819e-02 best=5.245e+00 lr=1.00e-03
2026-02-14 12:26:07,448 | INFO | [Inverse][square|pts=200|noise=1%] epoch=99/11999 total=2.782e-01 pde=1.206e-01 bc=7.425e-04 data=1.501e-03 best=2.782e-01 lr=1.00e-03
2026-02-14 12:26:09,042 | INFO | [Inverse][square|pts=200|noise=1%] epoch=199/11999 total=2.103e-01 pde=6.087e-02 bc=1.285e-03 data=1.365e-03 best=1.925e-01 lr=1.00e-03
2026-02-14 12:26:10,615 | INFO | [Inverse][square|pts=200|noise=1%] epoch=299/11999 total=1.336e-01 pde=2.884e-02 bc=9.789e-04 data=9.497e-04 best=1.336e-01 lr=1.00e-03
2026-02-14 12:26:12,238 | INFO | [Inverse][square|pts=200|noise=1%] epoch=399/11999 total=1.029e-01 pde=1.751e-02 bc=4.753e-04 data=8.068e-04 best=1.026e-01 lr=1.00e-03
2026-02-14 12:26:13,857 | INFO | [Inverse][square|pts=200|noise=1%] checkpoint saved at epoch=499 -> outputs_refactor\full_matrix_rerun_20260214_112937\checkpoints\square\inverse_pts_200_noise_1_last.pth
2026-02-14 12:26:13,858 | INFO | [Inverse][square|pts=200|noise=1%] epoch=499/11999 total=8.251e-02 pde=1.289e-02 bc=3.608e-04 data=6.602e-04 best=8.251e-02 lr=1.00e-03
2026-02-14 12:26:15,429 | INFO | [Inverse][square|pts=200|noise=1%] epoch=599/11999 total=6.338e-02 pde=7.483e-03 bc=4.874e-04 data=5.102e-04 best=6.338e-02 lr=1.00e-03
2026-02-14 12:26:16,986 | INFO | [Inverse][square|pts=200|noise=1%] epoch=699/11999 total=5.651e-02 pde=6.463e-03 bc=4.568e-04 data=4.548e-04 best=5.345e-02 lr=1.00e-03
2026-02-14 12:26:18,586 | INFO | [Inverse][square|pts=200|noise=1%] epoch=799/11999 total=5.038e-02 pde=6.847e-03 bc=3.920e-04 data=3.961e-04 best=4.901e-02 lr=1.00e-03
2026-02-14 12:26:20,227 | INFO | [Inverse][square|pts=200|noise=1%] epoch=899/11999 total=4.360e-02 pde=7.008e-03 bc=3.431e-04 data=3.316e-04 best=4.313e-02 lr=1.00e-03
2026-02-14 12:26:21,753 | INFO | [Inverse][square|pts=200|noise=1%] checkpoint saved at epoch=999 -> outputs_refactor\full_matrix_rerun_20260214_112937\checkpoints\square\inverse_pts_200_noise_1_last.pth
2026-02-14 12:26:21,754 | INFO | [Inverse][square|pts=200|noise=1%] epoch=999/11999 total=3.864e-02 pde=6.636e-03 bc=2.774e-04 data=2.923e-04 best=3.794e-02 lr=1.00e-03
2026-02-14 12:26:23,255 | INFO | [Inverse][square|pts=200|noise=1%] epoch=1099/11999 total=3.778e-02 pde=6.119e-03 bc=3.526e-04 data=2.814e-04 best=3.435e-02 lr=1.00e-03
2026-02-14 12:26:24,766 | INFO | [Inverse][square|pts=200|noise=1%] epoch=1199/11999 total=3.702e-02 pde=5.556e-03 bc=3.017e-04 data=2.844e-04 best=3.149e-02 lr=1.00e-03
2026-02-14 12:26:26,248 | INFO | [Inverse][square|pts=200|noise=1%] epoch=1299/11999 total=3.197e-02 pde=5.094e-03 bc=2.416e-04 data=2.445e-04 best=2.828e-02 lr=1.00e-03
2026-02-14 12:26:27,766 | INFO | [Inverse][square|pts=200|noise=1%] epoch=1399/11999 total=2.818e-02 pde=4.684e-03 bc=2.279e-04 data=2.122e-04 best=2.459e-02 lr=1.00e-03
2026-02-14 12:26:29,291 | INFO | [Inverse][square|pts=200|noise=1%] checkpoint saved at epoch=1499 -> outputs_refactor\full_matrix_rerun_20260214_112937\checkpoints\square\inverse_pts_200_noise_1_last.pth
2026-02-14 12:26:29,292 | INFO | [Inverse][square|pts=200|noise=1%] epoch=1499/11999 total=2.560e-02 pde=4.315e-03 bc=2.261e-04 data=1.902e-04 best=2.177e-02 lr=1.00e-03
2026-02-14 12:26:30,847 | INFO | [Inverse][square|pts=200|noise=1%] epoch=1599/11999 total=2.060e-02 pde=4.080e-03 bc=1.092e-04 data=1.543e-04 best=1.752e-02 lr=1.00e-03
2026-02-14 12:26:32,337 | INFO | [Inverse][square|pts=200|noise=1%] epoch=1699/11999 total=1.858e-02 pde=3.766e-03 bc=7.550e-05 data=1.406e-04 best=1.486e-02 lr=1.00e-03
2026-02-14 12:26:33,918 | INFO | [Inverse][square|pts=200|noise=1%] epoch=1799/11999 total=2.123e-02 pde=3.596e-03 bc=1.346e-04 data=1.629e-04 best=1.486e-02 lr=1.00e-03
2026-02-14 12:26:35,410 | INFO | [Inverse][square|pts=200|noise=1%] epoch=1899/11999 total=1.694e-02 pde=3.258e-03 bc=8.761e-05 data=1.281e-04 best=1.409e-02 lr=1.00e-03
2026-02-14 12:26:36,891 | INFO | [Inverse][square|pts=200|noise=1%] checkpoint saved at epoch=1999 -> outputs_refactor\full_matrix_rerun_20260214_112937\checkpoints\square\inverse_pts_200_noise_1_last.pth
2026-02-14 12:26:36,891 | INFO | [Inverse][square|pts=200|noise=1%] epoch=1999/11999 total=1.794e-02 pde=3.032e-03 bc=1.012e-04 data=1.390e-04 best=1.395e-02 lr=1.00e-03
2026-02-14 12:26:38,361 | INFO | [Inverse][square|pts=200|noise=1%] epoch=2099/11999 total=1.519e-02 pde=2.807e-03 bc=7.826e-05 data=1.160e-04 best=1.395e-02 lr=1.00e-03
2026-02-14 12:26:39,948 | INFO | [Inverse][square|pts=200|noise=1%] epoch=2199/11999 total=1.503e-02 pde=2.651e-03 bc=8.675e-05 data=1.151e-04 best=1.252e-02 lr=1.00e-03
2026-02-14 12:26:41,536 | INFO | [Inverse][square|pts=200|noise=1%] epoch=2299/11999 total=1.575e-02 pde=2.515e-03 bc=9.837e-05 data=1.225e-04 best=1.067e-02 lr=1.00e-03
2026-02-14 12:26:43,122 | INFO | [Inverse][square|pts=200|noise=1%] epoch=2399/11999 total=1.618e-02 pde=2.366e-03 bc=1.053e-04 data=1.276e-04 best=8.974e-03 lr=1.00e-03
2026-02-14 12:26:44,605 | INFO | [Inverse][square|pts=200|noise=1%] checkpoint saved at epoch=2499 -> outputs_refactor\full_matrix_rerun_20260214_112937\checkpoints\square\inverse_pts_200_noise_1_last.pth
2026-02-14 12:26:44,605 | INFO | [Inverse][square|pts=200|noise=1%] epoch=2499/11999 total=1.228e-02 pde=2.152e-03 bc=6.610e-05 data=9.466e-05 best=8.974e-03 lr=1.00e-03
2026-02-14 12:26:46,088 | INFO | [Inverse][square|pts=200|noise=1%] epoch=2599/11999 total=1.312e-02 pde=2.020e-03 bc=7.744e-05 data=1.033e-04 best=8.974e-03 lr=1.00e-03
2026-02-14 12:26:47,638 | INFO | [Inverse][square|pts=200|noise=1%] epoch=2699/11999 total=8.149e-03 pde=1.800e-03 bc=4.580e-05 data=5.891e-05 best=7.270e-03 lr=1.00e-03
2026-02-14 12:26:49,109 | INFO | [Inverse][square|pts=200|noise=1%] epoch=2799/11999 total=2.125e-02 pde=2.282e-03 bc=9.716e-05 data=1.799e-04 best=7.153e-03 lr=1.00e-03
2026-02-14 12:26:50,633 | INFO | [Inverse][square|pts=200|noise=1%] epoch=2899/11999 total=1.662e-02 pde=1.815e-03 bc=1.323e-04 data=1.349e-04 best=7.153e-03 lr=1.00e-03
2026-02-14 12:26:52,165 | INFO | [Inverse][square|pts=200|noise=1%] checkpoint saved at epoch=2999 -> outputs_refactor\full_matrix_rerun_20260214_112937\checkpoints\square\inverse_pts_200_noise_1_last.pth
2026-02-14 12:26:52,166 | INFO | [Inverse][square|pts=200|noise=1%] epoch=2999/11999 total=1.356e-02 pde=1.756e-03 bc=1.598e-04 data=1.020e-04 best=6.564e-03 lr=1.00e-03
2026-02-14 12:26:53,630 | INFO | [Inverse][square|pts=200|noise=1%] epoch=3099/11999 total=9.749e-03 pde=1.652e-03 bc=9.730e-05 data=7.124e-05 best=6.564e-03 lr=1.00e-03
2026-02-14 12:26:55,074 | INFO | [Inverse][square|pts=200|noise=1%] epoch=3199/11999 total=8.043e-03 pde=1.553e-03 bc=7.139e-05 data=5.776e-05 best=6.564e-03 lr=1.00e-03
2026-02-14 12:26:56,565 | INFO | [Inverse][square|pts=200|noise=1%] epoch=3299/11999 total=9.223e-03 pde=1.500e-03 bc=9.464e-05 data=6.777e-05 best=6.564e-03 lr=1.00e-03
2026-02-14 12:26:58,032 | INFO | [Inverse][square|pts=200|noise=1%] epoch=3399/11999 total=8.503e-03 pde=1.419e-03 bc=8.326e-05 data=6.252e-05 best=6.564e-03 lr=1.00e-03
2026-02-14 12:26:59,524 | INFO | [Inverse][square|pts=200|noise=1%] checkpoint saved at epoch=3499 -> outputs_refactor\full_matrix_rerun_20260214_112937\checkpoints\square\inverse_pts_200_noise_1_last.pth
2026-02-14 12:26:59,524 | INFO | [Inverse][square|pts=200|noise=1%] epoch=3499/11999 total=6.565e-03 pde=1.325e-03 bc=5.532e-05 data=4.687e-05 best=6.564e-03 lr=8.00e-04
2026-02-14 12:27:01,057 | INFO | [Inverse][square|pts=200|noise=1%] epoch=3599/11999 total=9.094e-03 pde=1.290e-03 bc=1.008e-04 data=6.796e-05 best=5.615e-03 lr=8.00e-04
2026-02-14 12:27:02,540 | INFO | [Inverse][square|pts=200|noise=1%] epoch=3699/11999 total=8.924e-03 pde=1.209e-03 bc=1.007e-04 data=6.707e-05 best=5.443e-03 lr=8.00e-04
2026-02-14 12:27:04,050 | INFO | [Inverse][square|pts=200|noise=1%] epoch=3799/11999 total=6.109e-03 pde=1.091e-03 bc=5.727e-05 data=4.445e-05 best=5.443e-03 lr=8.00e-04
2026-02-14 12:27:05,562 | INFO | [Inverse][square|pts=200|noise=1%] epoch=3899/11999 total=1.617e-02 pde=1.162e-03 bc=2.031e-04 data=1.297e-04 best=4.984e-03 lr=8.00e-04
2026-02-14 12:27:07,020 | INFO | [Inverse][square|pts=200|noise=1%] checkpoint saved at epoch=3999 -> outputs_refactor\full_matrix_rerun_20260214_112937\checkpoints\square\inverse_pts_200_noise_1_last.pth
2026-02-14 12:27:07,021 | INFO | [Inverse][square|pts=200|noise=1%] epoch=3999/11999 total=8.017e-03 pde=9.951e-04 bc=1.104e-04 data=5.918e-05 best=4.944e-03 lr=8.00e-04
2026-02-14 12:27:08,502 | INFO | [Inverse][square|pts=200|noise=1%] epoch=4099/11999 total=7.221e-03 pde=9.450e-04 bc=9.962e-05 data=5.279e-05 best=4.944e-03 lr=8.00e-04
2026-02-14 12:27:09,996 | INFO | [Inverse][square|pts=200|noise=1%] epoch=4199/11999 total=6.974e-03 pde=9.008e-04 bc=9.812e-05 data=5.092e-05 best=4.944e-03 lr=8.00e-04
2026-02-14 12:27:11,524 | INFO | [Inverse][square|pts=200|noise=1%] epoch=4299/11999 total=7.339e-03 pde=8.661e-04 bc=1.065e-04 data=5.408e-05 best=4.910e-03 lr=8.00e-04
2026-02-14 12:27:13,013 | INFO | [Inverse][square|pts=200|noise=1%] epoch=4399/11999 total=9.138e-03 pde=8.514e-04 bc=1.391e-04 data=6.895e-05 best=4.604e-03 lr=8.00e-04
2026-02-14 12:27:14,518 | INFO | [Inverse][square|pts=200|noise=1%] checkpoint saved at epoch=4499 -> outputs_refactor\full_matrix_rerun_20260214_112937\checkpoints\square\inverse_pts_200_noise_1_last.pth
2026-02-14 12:27:14,518 | INFO | [Inverse][square|pts=200|noise=1%] epoch=4499/11999 total=8.028e-03 pde=7.936e-04 bc=1.198e-04 data=6.036e-05 best=4.593e-03 lr=8.00e-04
2026-02-14 12:27:16,005 | INFO | [Inverse][square|pts=200|noise=1%] epoch=4599/11999 total=7.662e-03 pde=7.500e-04 bc=1.224e-04 data=5.688e-05 best=4.593e-03 lr=8.00e-04
2026-02-14 12:27:17,486 | INFO | [Inverse][square|pts=200|noise=1%] epoch=4699/11999 total=5.760e-03 pde=6.848e-04 bc=9.154e-05 data=4.160e-05 best=4.195e-03 lr=8.00e-04
2026-02-14 12:27:18,965 | INFO | [Inverse][square|pts=200|noise=1%] epoch=4799/11999 total=5.421e-03 pde=6.520e-04 bc=6.842e-05 data=4.085e-05 best=4.195e-03 lr=8.00e-04
2026-02-14 12:27:20,434 | INFO | [Inverse][square|pts=200|noise=1%] epoch=4899/11999 total=5.894e-03 pde=6.324e-04 bc=9.866e-05 data=4.275e-05 best=4.195e-03 lr=8.00e-04
2026-02-14 12:27:21,928 | INFO | [Inverse][square|pts=200|noise=1%] checkpoint saved at epoch=4999 -> outputs_refactor\full_matrix_rerun_20260214_112937\checkpoints\square\inverse_pts_200_noise_1_last.pth
2026-02-14 12:27:21,929 | INFO | [Inverse][square|pts=200|noise=1%] epoch=4999/11999 total=2.343e-02 pde=1.181e-02 bc=1.454e-04 data=1.017e-04 best=3.769e-03 lr=8.00e-04
2026-02-14 12:27:23,404 | INFO | [Inverse][square|pts=200|noise=1%] epoch=5099/11999 total=9.367e-03 pde=7.447e-04 bc=1.193e-04 data=7.429e-05 best=3.769e-03 lr=8.00e-04
2026-02-14 12:27:24,906 | INFO | [Inverse][square|pts=200|noise=1%] epoch=5199/11999 total=6.494e-03 pde=5.959e-04 bc=8.272e-05 data=5.071e-05 best=3.769e-03 lr=8.00e-04
2026-02-14 12:27:26,375 | INFO | [Inverse][square|pts=200|noise=1%] epoch=5299/11999 total=7.193e-03 pde=5.934e-04 bc=9.392e-05 data=5.660e-05 best=3.769e-03 lr=8.00e-04
2026-02-14 12:27:27,847 | INFO | [Inverse][square|pts=200|noise=1%] epoch=5399/11999 total=6.889e-03 pde=5.820e-04 bc=8.578e-05 data=5.449e-05 best=3.769e-03 lr=8.00e-04
2026-02-14 12:27:29,325 | INFO | [Inverse][square|pts=200|noise=1%] checkpoint saved at epoch=5499 -> outputs_refactor\full_matrix_rerun_20260214_112937\checkpoints\square\inverse_pts_200_noise_1_last.pth
2026-02-14 12:27:29,326 | INFO | [Inverse][square|pts=200|noise=1%] epoch=5499/11999 total=5.102e-03 pde=5.452e-04 bc=5.966e-05 data=3.960e-05 best=3.769e-03 lr=6.40e-04
2026-02-14 12:27:30,820 | INFO | [Inverse][square|pts=200|noise=1%] epoch=5599/11999 total=5.945e-03 pde=5.579e-04 bc=6.772e-05 data=4.710e-05 best=3.769e-03 lr=6.40e-04
2026-02-14 12:27:32,350 | INFO | [Inverse][square|pts=200|noise=1%] epoch=5699/11999 total=6.414e-03 pde=5.613e-04 bc=6.776e-05 data=5.175e-05 best=3.505e-03 lr=6.40e-04
2026-02-14 12:27:33,859 | INFO | [Inverse][square|pts=200|noise=1%] epoch=5799/11999 total=4.275e-03 pde=5.110e-04 bc=4.368e-05 data=3.328e-05 best=3.477e-03 lr=6.40e-04
2026-02-14 12:27:35,303 | INFO | [Inverse][square|pts=200|noise=1%] epoch=5899/11999 total=5.869e-03 pde=5.331e-04 bc=5.407e-05 data=4.795e-05 best=3.477e-03 lr=6.40e-04
2026-02-14 12:27:36,788 | INFO | [Inverse][square|pts=200|noise=1%] checkpoint saved at epoch=5999 -> outputs_refactor\full_matrix_rerun_20260214_112937\checkpoints\square\inverse_pts_200_noise_1_last.pth
2026-02-14 12:27:36,788 | INFO | [Inverse][square|pts=200|noise=1%] epoch=5999/11999 total=8.060e-03 pde=5.503e-04 bc=1.216e-04 data=6.294e-05 best=3.169e-03 lr=6.40e-04
2026-02-14 12:27:38,241 | INFO | [Inverse][square|pts=200|noise=1%] epoch=6099/11999 total=1.392e-02 pde=6.474e-04 bc=8.680e-05 data=1.241e-04 best=3.169e-03 lr=6.40e-04
2026-02-14 12:27:39,716 | INFO | [Inverse][square|pts=200|noise=1%] epoch=6199/11999 total=3.513e-03 pde=4.856e-04 bc=5.335e-05 data=2.493e-05 best=3.169e-03 lr=6.40e-04
2026-02-14 12:27:41,194 | INFO | [Inverse][square|pts=200|noise=1%] epoch=6299/11999 total=1.024e-02 pde=5.850e-04 bc=1.296e-04 data=8.359e-05 best=3.169e-03 lr=6.40e-04
2026-02-14 12:27:42,679 | INFO | [Inverse][square|pts=200|noise=1%] epoch=6399/11999 total=4.505e-03 pde=4.762e-04 bc=2.741e-05 data=3.755e-05 best=3.169e-03 lr=6.40e-04
2026-02-14 12:27:44,142 | INFO | [Inverse][square|pts=200|noise=1%] checkpoint saved at epoch=6499 -> outputs_refactor\full_matrix_rerun_20260214_112937\checkpoints\square\inverse_pts_200_noise_1_last.pth
2026-02-14 12:27:44,142 | INFO | [Inverse][square|pts=200|noise=1%] epoch=6499/11999 total=4.130e-03 pde=4.620e-04 bc=2.776e-05 data=3.390e-05 best=3.169e-03 lr=5.12e-04
2026-02-14 12:27:45,610 | INFO | [Inverse][square|pts=200|noise=1%] epoch=6599/11999 total=3.358e-03 pde=4.393e-04 bc=2.688e-05 data=2.650e-05 best=3.169e-03 lr=5.12e-04
2026-02-14 12:27:47,075 | INFO | [Inverse][square|pts=200|noise=1%] epoch=6699/11999 total=3.589e-03 pde=4.326e-04 bc=2.640e-05 data=2.892e-05 best=3.169e-03 lr=5.12e-04
2026-02-14 12:27:48,547 | INFO | [Inverse][square|pts=200|noise=1%] epoch=6799/11999 total=3.571e-03 pde=4.218e-04 bc=2.612e-05 data=2.888e-05 best=3.169e-03 lr=5.12e-04
2026-02-14 12:27:50,031 | INFO | [Inverse][square|pts=200|noise=1%] epoch=6899/11999 total=3.405e-03 pde=4.089e-04 bc=2.606e-05 data=2.735e-05 best=3.169e-03 lr=5.12e-04
2026-02-14 12:27:51,548 | INFO | [Inverse][square|pts=200|noise=1%] checkpoint saved at epoch=6999 -> outputs_refactor\full_matrix_rerun_20260214_112937\checkpoints\square\inverse_pts_200_noise_1_last.pth
2026-02-14 12:27:51,548 | INFO | [Inverse][square|pts=200|noise=1%] epoch=6999/11999 total=3.018e-03 pde=3.915e-04 bc=2.725e-05 data=2.353e-05 best=2.965e-03 lr=4.10e-04
2026-02-14 12:27:53,048 | INFO | [Inverse][square|pts=200|noise=1%] epoch=7099/11999 total=3.132e-03 pde=3.830e-04 bc=2.639e-05 data=2.485e-05 best=2.916e-03 lr=4.10e-04
2026-02-14 12:27:54,516 | INFO | [Inverse][square|pts=200|noise=1%] epoch=7199/11999 total=2.894e-03 pde=3.677e-04 bc=2.752e-05 data=2.252e-05 best=2.894e-03 lr=4.10e-04
2026-02-14 12:27:56,013 | INFO | [Inverse][square|pts=200|noise=1%] epoch=7299/11999 total=2.866e-03 pde=3.557e-04 bc=2.725e-05 data=2.238e-05 best=2.843e-03 lr=4.10e-04
2026-02-14 12:27:57,464 | INFO | [Inverse][square|pts=200|noise=1%] epoch=7399/11999 total=2.992e-03 pde=3.470e-04 bc=2.647e-05 data=2.381e-05 best=2.828e-03 lr=4.10e-04
2026-02-14 12:27:58,971 | INFO | [Inverse][square|pts=200|noise=1%] checkpoint saved at epoch=7499 -> outputs_refactor\full_matrix_rerun_20260214_112937\checkpoints\square\inverse_pts_200_noise_1_last.pth
2026-02-14 12:27:58,971 | INFO | [Inverse][square|pts=200|noise=1%] epoch=7499/11999 total=2.935e-03 pde=3.344e-04 bc=2.665e-05 data=2.334e-05 best=2.755e-03 lr=4.10e-04
2026-02-14 12:28:00,458 | INFO | [Inverse][square|pts=200|noise=1%] epoch=7599/11999 total=2.919e-03 pde=3.229e-04 bc=2.640e-05 data=2.332e-05 best=2.710e-03 lr=4.10e-04
2026-02-14 12:28:01,923 | INFO | [Inverse][square|pts=200|noise=1%] epoch=7699/11999 total=2.879e-03 pde=3.112e-04 bc=2.604e-05 data=2.307e-05 best=2.662e-03 lr=4.10e-04
2026-02-14 12:28:03,420 | INFO | [Inverse][square|pts=200|noise=1%] epoch=7799/11999 total=2.751e-03 pde=2.973e-04 bc=2.592e-05 data=2.195e-05 best=2.618e-03 lr=4.10e-04
2026-02-14 12:28:04,921 | INFO | [Inverse][square|pts=200|noise=1%] epoch=7899/11999 total=2.546e-03 pde=2.816e-04 bc=4.117e-05 data=1.853e-05 best=2.408e-03 lr=4.10e-04
2026-02-14 12:28:06,392 | INFO | [Inverse][square|pts=200|noise=1%] checkpoint saved at epoch=7999 -> outputs_refactor\full_matrix_rerun_20260214_112937\checkpoints\square\inverse_pts_200_noise_1_last.pth
2026-02-14 12:28:06,393 | INFO | [Inverse][square|pts=200|noise=1%] epoch=7999/11999 total=3.387e-03 pde=2.907e-04 bc=4.021e-05 data=2.695e-05 best=2.408e-03 lr=4.10e-04
2026-02-14 12:28:07,875 | INFO | [Inverse][square|pts=200|noise=1%] epoch=8099/11999 total=3.544e-03 pde=2.884e-04 bc=4.102e-05 data=2.845e-05 best=2.408e-03 lr=4.10e-04
2026-02-14 12:28:09,372 | INFO | [Inverse][square|pts=200|noise=1%] epoch=8199/11999 total=3.758e-03 pde=2.873e-04 bc=4.309e-05 data=3.039e-05 best=2.408e-03 lr=4.10e-04
2026-02-14 12:28:10,827 | INFO | [Inverse][square|pts=200|noise=1%] epoch=8299/11999 total=3.113e-03 pde=2.686e-04 bc=3.686e-05 data=2.476e-05 best=2.408e-03 lr=4.10e-04
2026-02-14 12:28:12,291 | INFO | [Inverse][square|pts=200|noise=1%] epoch=8399/11999 total=2.320e-03 pde=2.474e-04 bc=3.593e-05 data=1.713e-05 best=2.248e-03 lr=3.28e-04
2026-02-14 12:28:14,071 | INFO | [Inverse][square|pts=200|noise=1%] checkpoint saved at epoch=8499 -> outputs_refactor\full_matrix_rerun_20260214_112937\checkpoints\square\inverse_pts_200_noise_1_last.pth
2026-02-14 12:28:14,071 | INFO | [Inverse][square|pts=200|noise=1%] epoch=8499/11999 total=2.202e-03 pde=2.372e-04 bc=3.341e-05 data=1.631e-05 best=2.202e-03 lr=3.28e-04
2026-02-14 12:28:16,024 | INFO | [Inverse][square|pts=200|noise=1%] epoch=8599/11999 total=2.160e-03 pde=2.275e-04 bc=3.340e-05 data=1.598e-05 best=2.160e-03 lr=3.28e-04
2026-02-14 12:28:17,992 | INFO | [Inverse][square|pts=200|noise=1%] epoch=8699/11999 total=2.117e-03 pde=2.177e-04 bc=3.337e-05 data=1.566e-05 best=2.117e-03 lr=3.28e-04
2026-02-14 12:28:19,925 | INFO | [Inverse][square|pts=200|noise=1%] epoch=8799/11999 total=2.074e-03 pde=2.081e-04 bc=3.333e-05 data=1.533e-05 best=2.074e-03 lr=3.28e-04
2026-02-14 12:28:21,813 | INFO | [Inverse][square|pts=200|noise=1%] epoch=8899/11999 total=2.031e-03 pde=1.988e-04 bc=3.328e-05 data=1.500e-05 best=2.031e-03 lr=3.28e-04
2026-02-14 12:28:23,746 | INFO | [Inverse][square|pts=200|noise=1%] checkpoint saved at epoch=8999 -> outputs_refactor\full_matrix_rerun_20260214_112937\checkpoints\square\inverse_pts_200_noise_1_last.pth
2026-02-14 12:28:23,747 | INFO | [Inverse][square|pts=200|noise=1%] epoch=8999/11999 total=1.988e-03 pde=1.899e-04 bc=3.322e-05 data=1.466e-05 best=1.988e-03 lr=3.28e-04
2026-02-14 12:28:25,510 | INFO | [Inverse][square|pts=200|noise=1%] epoch=9099/11999 total=2.563e-03 pde=1.897e-04 bc=3.145e-05 data=2.059e-05 best=1.957e-03 lr=3.28e-04
2026-02-14 12:28:26,964 | INFO | [Inverse][square|pts=200|noise=1%] epoch=9199/11999 total=2.142e-03 pde=2.424e-04 bc=3.224e-05 data=1.577e-05 best=1.957e-03 lr=3.28e-04
2026-02-14 12:28:28,413 | INFO | [Inverse][square|pts=200|noise=1%] epoch=9299/11999 total=2.011e-03 pde=1.772e-04 bc=2.917e-05 data=1.542e-05 best=1.937e-03 lr=3.28e-04
2026-02-14 12:28:29,992 | INFO | [Inverse][square|pts=200|noise=1%] epoch=9399/11999 total=1.923e-03 pde=1.709e-04 bc=3.719e-05 data=1.380e-05 best=1.878e-03 lr=3.28e-04
2026-02-14 12:28:31,469 | INFO | [Inverse][square|pts=200|noise=1%] checkpoint saved at epoch=9499 -> outputs_refactor\full_matrix_rerun_20260214_112937\checkpoints\square\inverse_pts_200_noise_1_last.pth
2026-02-14 12:28:31,469 | INFO | [Inverse][square|pts=200|noise=1%] epoch=9499/11999 total=5.582e-03 pde=2.137e-04 bc=7.122e-05 data=4.656e-05 best=1.862e-03 lr=3.28e-04
2026-02-14 12:28:32,945 | INFO | [Inverse][square|pts=200|noise=1%] epoch=9599/11999 total=1.893e-03 pde=1.647e-04 bc=3.611e-05 data=1.367e-05 best=1.844e-03 lr=3.28e-04
2026-02-14 12:28:34,432 | INFO | [Inverse][square|pts=200|noise=1%] epoch=9699/11999 total=2.430e-03 pde=1.770e-04 bc=2.846e-05 data=1.969e-05 best=1.838e-03 lr=3.28e-04
2026-02-14 12:28:35,868 | INFO | [Inverse][square|pts=200|noise=1%] epoch=9799/11999 total=2.204e-03 pde=1.693e-04 bc=2.786e-05 data=1.757e-05 best=1.838e-03 lr=3.28e-04
2026-02-14 12:28:37,338 | INFO | [Inverse][square|pts=200|noise=1%] epoch=9899/11999 total=2.014e-03 pde=1.626e-04 bc=2.799e-05 data=1.572e-05 best=1.838e-03 lr=3.28e-04
2026-02-14 12:28:38,802 | INFO | [Inverse][square|pts=200|noise=1%] checkpoint saved at epoch=9999 -> outputs_refactor\full_matrix_rerun_20260214_112937\checkpoints\square\inverse_pts_200_noise_1_last.pth
2026-02-14 12:28:38,802 | INFO | [Inverse][square|pts=200|noise=1%] epoch=9999/11999 total=2.034e-03 pde=1.615e-04 bc=2.774e-05 data=1.595e-05 best=1.838e-03 lr=3.28e-04
2026-02-14 12:28:40,279 | INFO | [Inverse][square|pts=200|noise=1%] epoch=10099/11999 total=2.002e-03 pde=1.591e-04 bc=2.768e-05 data=1.566e-05 best=1.838e-03 lr=3.28e-04
2026-02-14 12:28:41,740 | INFO | [Inverse][square|pts=200|noise=1%] epoch=10199/11999 total=1.958e-03 pde=1.567e-04 bc=2.766e-05 data=1.525e-05 best=1.838e-03 lr=2.62e-04
2026-02-14 12:28:43,235 | INFO | [Inverse][square|pts=200|noise=1%] epoch=10299/11999 total=1.936e-03 pde=1.549e-04 bc=2.759e-05 data=1.506e-05 best=1.838e-03 lr=2.62e-04
2026-02-14 12:28:44,687 | INFO | [Inverse][square|pts=200|noise=1%] epoch=10399/11999 total=1.936e-03 pde=1.538e-04 bc=2.742e-05 data=1.508e-05 best=1.838e-03 lr=2.62e-04
2026-02-14 12:28:46,188 | INFO | [Inverse][square|pts=200|noise=1%] checkpoint saved at epoch=10499 -> outputs_refactor\full_matrix_rerun_20260214_112937\checkpoints\square\inverse_pts_200_noise_1_last.pth
2026-02-14 12:28:46,188 | INFO | [Inverse][square|pts=200|noise=1%] epoch=10499/11999 total=1.744e-03 pde=1.473e-04 bc=2.917e-05 data=1.305e-05 best=1.744e-03 lr=2.62e-04
2026-02-14 12:28:47,746 | INFO | [Inverse][square|pts=200|noise=1%] epoch=10599/11999 total=1.733e-03 pde=1.453e-04 bc=3.024e-05 data=1.285e-05 best=1.681e-03 lr=2.62e-04
2026-02-14 12:28:49,286 | INFO | [Inverse][square|pts=200|noise=1%] epoch=10699/11999 total=1.844e-03 pde=1.467e-04 bc=3.850e-05 data=1.312e-05 best=1.663e-03 lr=2.62e-04
2026-02-14 12:28:50,765 | INFO | [Inverse][square|pts=200|noise=1%] epoch=10799/11999 total=1.655e-03 pde=1.420e-04 bc=3.078e-05 data=1.205e-05 best=1.642e-03 lr=2.62e-04
2026-02-14 12:28:52,326 | INFO | [Inverse][square|pts=200|noise=1%] epoch=10899/11999 total=1.635e-03 pde=1.408e-04 bc=3.283e-05 data=1.166e-05 best=1.625e-03 lr=2.62e-04
2026-02-14 12:28:53,892 | INFO | [Inverse][square|pts=200|noise=1%] checkpoint saved at epoch=10999 -> outputs_refactor\full_matrix_rerun_20260214_112937\checkpoints\square\inverse_pts_200_noise_1_last.pth
2026-02-14 12:28:53,892 | INFO | [Inverse][square|pts=200|noise=1%] epoch=10999/11999 total=1.613e-03 pde=1.395e-04 bc=3.232e-05 data=1.150e-05 best=1.612e-03 lr=2.62e-04
2026-02-14 12:28:55,390 | INFO | [Inverse][square|pts=200|noise=1%] epoch=11099/11999 total=1.655e-03 pde=1.396e-04 bc=3.470e-05 data=1.168e-05 best=1.594e-03 lr=2.62e-04
2026-02-14 12:28:56,935 | INFO | [Inverse][square|pts=200|noise=1%] epoch=11199/11999 total=1.641e-03 pde=1.386e-04 bc=2.938e-05 data=1.209e-05 best=1.576e-03 lr=2.62e-04
2026-02-14 12:28:58,406 | INFO | [Inverse][square|pts=200|noise=1%] epoch=11299/11999 total=1.557e-03 pde=1.362e-04 bc=3.117e-05 data=1.109e-05 best=1.557e-03 lr=2.62e-04
2026-02-14 12:28:59,895 | INFO | [Inverse][square|pts=200|noise=1%] epoch=11399/11999 total=1.645e-03 pde=1.373e-04 bc=3.542e-05 data=1.154e-05 best=1.547e-03 lr=2.62e-04
2026-02-14 12:29:01,397 | INFO | [Inverse][square|pts=200|noise=1%] checkpoint saved at epoch=11499 -> outputs_refactor\full_matrix_rerun_20260214_112937\checkpoints\square\inverse_pts_200_noise_1_last.pth
2026-02-14 12:29:01,397 | INFO | [Inverse][square|pts=200|noise=1%] epoch=11499/11999 total=1.563e-03 pde=1.349e-04 bc=3.314e-05 data=1.096e-05 best=1.528e-03 lr=2.62e-04
2026-02-14 12:29:02,905 | INFO | [Inverse][square|pts=200|noise=1%] epoch=11599/11999 total=1.587e-03 pde=1.348e-04 bc=2.847e-05 data=1.168e-05 best=1.509e-03 lr=2.62e-04
2026-02-14 12:29:04,473 | INFO | [Inverse][square|pts=200|noise=1%] epoch=11699/11999 total=1.520e-03 pde=1.327e-04 bc=2.879e-05 data=1.099e-05 best=1.493e-03 lr=2.62e-04
2026-02-14 12:29:05,951 | INFO | [Inverse][square|pts=200|noise=1%] epoch=11799/11999 total=1.483e-03 pde=1.313e-04 bc=2.915e-05 data=1.060e-05 best=1.479e-03 lr=2.62e-04
2026-02-14 12:29:07,445 | INFO | [Inverse][square|pts=200|noise=1%] epoch=11899/11999 total=1.584e-03 pde=1.330e-04 bc=2.743e-05 data=1.177e-05 best=1.462e-03 lr=2.62e-04
2026-02-14 12:29:08,979 | INFO | [Inverse][square|pts=200|noise=1%] checkpoint saved at epoch=11999 -> outputs_refactor\full_matrix_rerun_20260214_112937\checkpoints\square\inverse_pts_200_noise_1_last.pth
2026-02-14 12:29:08,980 | INFO | [Inverse][square|pts=200|noise=1%] epoch=11999/11999 total=1.620e-03 pde=1.332e-04 bc=2.691e-05 data=1.217e-05 best=1.447e-03 lr=2.62e-04
2026-02-14 12:29:09,626 | INFO | [Inverse][pts_200_noise_2] start training charge=square points=200 noise=2%
2026-02-14 12:29:09,654 | INFO | [Inverse][square|pts=200|noise=2%] epoch=0/11999 total=6.820e+00 pde=1.481e-02 bc=5.731e-02 data=6.233e-02 best=6.820e+00 lr=1.00e-03
2026-02-14 12:29:11,457 | INFO | [Inverse][square|pts=200|noise=2%] epoch=99/11999 total=4.535e-01 pde=1.877e-01 bc=1.819e-03 data=2.476e-03 best=4.535e-01 lr=1.00e-03
2026-02-14 12:29:13,075 | INFO | [Inverse][square|pts=200|noise=2%] epoch=199/11999 total=2.596e-01 pde=7.107e-02 bc=1.442e-03 data=1.741e-03 best=2.474e-01 lr=1.00e-03
2026-02-14 12:29:14,651 | INFO | [Inverse][square|pts=200|noise=2%] epoch=299/11999 total=2.405e-01 pde=3.626e-02 bc=2.073e-03 data=1.835e-03 best=1.733e-01 lr=1.00e-03
2026-02-14 12:29:16,241 | INFO | [Inverse][square|pts=200|noise=2%] epoch=399/11999 total=1.383e-01 pde=1.977e-02 bc=1.136e-03 data=1.072e-03 best=1.312e-01 lr=1.00e-03
2026-02-14 12:29:17,772 | INFO | [Inverse][square|pts=200|noise=2%] checkpoint saved at epoch=499 -> outputs_refactor\full_matrix_rerun_20260214_112937\checkpoints\square\inverse_pts_200_noise_2_last.pth
2026-02-14 12:29:17,772 | INFO | [Inverse][square|pts=200|noise=2%] epoch=499/11999 total=1.192e-01 pde=1.341e-02 bc=1.038e-03 data=9.538e-04 best=1.058e-01 lr=1.00e-03
2026-02-14 12:29:19,314 | INFO | [Inverse][square|pts=200|noise=2%] epoch=599/11999 total=8.927e-02 pde=1.157e-02 bc=6.594e-04 data=7.111e-04 best=8.533e-02 lr=1.00e-03
2026-02-14 12:29:20,863 | INFO | [Inverse][square|pts=200|noise=2%] epoch=699/11999 total=8.475e-02 pde=1.279e-02 bc=4.028e-04 data=6.793e-04 best=7.212e-02 lr=1.00e-03
2026-02-14 12:29:22,393 | INFO | [Inverse][square|pts=200|noise=2%] epoch=799/11999 total=8.144e-02 pde=1.435e-02 bc=7.570e-04 data=5.952e-04 best=6.635e-02 lr=1.00e-03
2026-02-14 12:29:23,945 | INFO | [Inverse][square|pts=200|noise=2%] epoch=899/11999 total=6.462e-02 pde=1.483e-02 bc=2.085e-04 data=4.770e-04 best=5.908e-02 lr=1.00e-03
2026-02-14 12:29:25,523 | INFO | [Inverse][square|pts=200|noise=2%] checkpoint saved at epoch=999 -> outputs_refactor\full_matrix_rerun_20260214_112937\checkpoints\square\inverse_pts_200_noise_2_last.pth
2026-02-14 12:29:25,524 | INFO | [Inverse][square|pts=200|noise=2%] epoch=999/11999 total=6.693e-02 pde=1.395e-02 bc=5.513e-04 data=4.746e-04 best=5.252e-02 lr=1.00e-03
2026-02-14 12:29:27,022 | INFO | [Inverse][square|pts=200|noise=2%] epoch=1099/11999 total=5.357e-02 pde=1.253e-02 bc=1.328e-04 data=3.972e-04 best=5.022e-02 lr=1.00e-03
2026-02-14 12:29:28,547 | INFO | [Inverse][square|pts=200|noise=2%] epoch=1199/11999 total=4.948e-02 pde=1.109e-02 bc=1.522e-04 data=3.686e-04 best=4.633e-02 lr=1.00e-03
2026-02-14 12:29:30,071 | INFO | [Inverse][square|pts=200|noise=2%] epoch=1299/11999 total=4.478e-02 pde=1.007e-02 bc=1.741e-04 data=3.297e-04 best=4.418e-02 lr=1.00e-03
2026-02-14 12:29:31,608 | INFO | [Inverse][square|pts=200|noise=2%] epoch=1399/11999 total=4.246e-02 pde=9.210e-03 bc=3.364e-04 data=2.988e-04 best=3.715e-02 lr=1.00e-03
2026-02-14 12:29:33,104 | INFO | [Inverse][square|pts=200|noise=2%] checkpoint saved at epoch=1499 -> outputs_refactor\full_matrix_rerun_20260214_112937\checkpoints\square\inverse_pts_200_noise_2_last.pth
2026-02-14 12:29:33,105 | INFO | [Inverse][square|pts=200|noise=2%] epoch=1499/11999 total=4.039e-02 pde=8.595e-03 bc=1.505e-04 data=3.029e-04 best=3.487e-02 lr=1.00e-03
2026-02-14 12:29:34,585 | INFO | [Inverse][square|pts=200|noise=2%] epoch=1599/11999 total=3.536e-02 pde=8.004e-03 bc=1.219e-04 data=2.614e-04 best=3.336e-02 lr=1.00e-03
2026-02-14 12:29:36,104 | INFO | [Inverse][square|pts=200|noise=2%] epoch=1699/11999 total=3.299e-02 pde=7.404e-03 bc=1.463e-04 data=2.413e-04 best=3.213e-02 lr=1.00e-03
2026-02-14 12:29:37,698 | INFO | [Inverse][square|pts=200|noise=2%] epoch=1799/11999 total=2.996e-02 pde=6.816e-03 bc=1.363e-04 data=2.178e-04 best=2.908e-02 lr=1.00e-03
2026-02-14 12:29:39,329 | INFO | [Inverse][square|pts=200|noise=2%] epoch=1899/11999 total=2.976e-02 pde=6.349e-03 bc=1.629e-04 data=2.179e-04 best=2.457e-02 lr=1.00e-03
2026-02-14 12:29:40,861 | INFO | [Inverse][square|pts=200|noise=2%] checkpoint saved at epoch=1999 -> outputs_refactor\full_matrix_rerun_20260214_112937\checkpoints\square\inverse_pts_200_noise_2_last.pth
2026-02-14 12:29:40,862 | INFO | [Inverse][square|pts=200|noise=2%] epoch=1999/11999 total=2.486e-02 pde=5.778e-03 bc=1.327e-04 data=1.776e-04 best=2.215e-02 lr=1.00e-03
2026-02-14 12:29:42,410 | INFO | [Inverse][square|pts=200|noise=2%] epoch=2099/11999 total=1.947e-02 pde=5.177e-03 bc=7.009e-05 data=1.359e-04 best=1.791e-02 lr=1.00e-03
2026-02-14 12:29:43,933 | INFO | [Inverse][square|pts=200|noise=2%] epoch=2199/11999 total=3.331e-02 pde=4.813e-03 bc=2.462e-04 data=2.603e-04 best=1.514e-02 lr=1.00e-03
2026-02-14 12:29:45,430 | INFO | [Inverse][square|pts=200|noise=2%] epoch=2299/11999 total=1.887e-02 pde=4.110e-03 bc=9.515e-05 data=1.381e-04 best=1.426e-02 lr=1.00e-03
2026-02-14 12:29:46,904 | INFO | [Inverse][square|pts=200|noise=2%] epoch=2399/11999 total=1.370e-02 pde=3.568e-03 bc=5.668e-05 data=9.565e-05 best=1.345e-02 lr=1.00e-03
2026-02-14 12:29:48,395 | INFO | [Inverse][square|pts=200|noise=2%] checkpoint saved at epoch=2499 -> outputs_refactor\full_matrix_rerun_20260214_112937\checkpoints\square\inverse_pts_200_noise_2_last.pth
2026-02-14 12:29:48,395 | INFO | [Inverse][square|pts=200|noise=2%] epoch=2499/11999 total=1.589e-02 pde=3.164e-03 bc=9.950e-05 data=1.173e-04 best=1.284e-02 lr=1.00e-03
2026-02-14 12:29:49,902 | INFO | [Inverse][square|pts=200|noise=2%] epoch=2599/11999 total=1.295e-02 pde=2.720e-03 bc=7.617e-05 data=9.469e-05 best=1.129e-02 lr=1.00e-03
2026-02-14 12:29:51,386 | INFO | [Inverse][square|pts=200|noise=2%] epoch=2699/11999 total=1.334e-02 pde=2.335e-03 bc=7.342e-05 data=1.027e-04 best=9.944e-03 lr=1.00e-03
2026-02-14 12:29:52,997 | INFO | [Inverse][square|pts=200|noise=2%] epoch=2799/11999 total=1.433e-02 pde=2.017e-03 bc=8.541e-05 data=1.146e-04 best=8.538e-03 lr=1.00e-03
2026-02-14 12:29:54,479 | INFO | [Inverse][square|pts=200|noise=2%] epoch=2899/11999 total=8.572e-03 pde=1.696e-03 bc=4.146e-05 data=6.462e-05 best=8.183e-03 lr=1.00e-03
2026-02-14 12:29:55,973 | INFO | [Inverse][square|pts=200|noise=2%] checkpoint saved at epoch=2999 -> outputs_refactor\full_matrix_rerun_20260214_112937\checkpoints\square\inverse_pts_200_noise_2_last.pth
2026-02-14 12:29:55,973 | INFO | [Inverse][square|pts=200|noise=2%] epoch=2999/11999 total=9.687e-03 pde=1.491e-03 bc=5.440e-05 data=7.652e-05 best=7.941e-03 lr=1.00e-03
2026-02-14 12:29:57,512 | INFO | [Inverse][square|pts=200|noise=2%] epoch=3099/11999 total=9.721e-03 pde=1.325e-03 bc=1.251e-04 data=7.146e-05 best=6.700e-03 lr=1.00e-03
2026-02-14 12:29:59,387 | INFO | [Inverse][square|pts=200|noise=2%] epoch=3199/11999 total=2.524e-02 pde=1.753e-02 bc=1.157e-04 data=6.553e-05 best=6.144e-03 lr=1.00e-03
2026-02-14 12:30:01,255 | INFO | [Inverse][square|pts=200|noise=2%] epoch=3299/11999 total=7.637e-03 pde=1.192e-03 bc=6.900e-05 data=5.755e-05 best=5.568e-03 lr=1.00e-03
2026-02-14 12:30:03,145 | INFO | [Inverse][square|pts=200|noise=2%] epoch=3399/11999 total=9.834e-03 pde=1.087e-03 bc=1.516e-04 data=7.231e-05 best=5.568e-03 lr=1.00e-03
2026-02-14 12:30:05,034 | INFO | [Inverse][square|pts=200|noise=2%] checkpoint saved at epoch=3499 -> outputs_refactor\full_matrix_rerun_20260214_112937\checkpoints\square\inverse_pts_200_noise_2_last.pth
2026-02-14 12:30:05,034 | INFO | [Inverse][square|pts=200|noise=2%] epoch=3499/11999 total=1.136e-02 pde=1.036e-03 bc=1.807e-04 data=8.513e-05 best=5.568e-03 lr=1.00e-03
2026-02-14 12:30:06,900 | INFO | [Inverse][square|pts=200|noise=2%] epoch=3599/11999 total=9.481e-03 pde=9.533e-04 bc=1.560e-04 data=6.967e-05 best=5.568e-03 lr=1.00e-03
2026-02-14 12:30:08,542 | INFO | [Inverse][square|pts=200|noise=2%] epoch=3699/11999 total=8.853e-03 pde=8.935e-04 bc=1.488e-04 data=6.471e-05 best=5.568e-03 lr=1.00e-03
2026-02-14 12:30:10,453 | INFO | [Inverse][square|pts=200|noise=2%] epoch=3799/11999 total=6.621e-03 pde=8.152e-04 bc=1.125e-04 data=4.681e-05 best=5.361e-03 lr=8.00e-04
2026-02-14 12:30:12,345 | INFO | [Inverse][square|pts=200|noise=2%] epoch=3899/11999 total=6.528e-03 pde=7.726e-04 bc=1.106e-04 data=4.650e-05 best=5.361e-03 lr=8.00e-04
2026-02-14 12:30:14,237 | INFO | [Inverse][square|pts=200|noise=2%] checkpoint saved at epoch=3999 -> outputs_refactor\full_matrix_rerun_20260214_112937\checkpoints\square\inverse_pts_200_noise_2_last.pth
2026-02-14 12:30:14,238 | INFO | [Inverse][square|pts=200|noise=2%] epoch=3999/11999 total=6.532e-03 pde=7.234e-04 bc=9.197e-05 data=4.889e-05 best=5.361e-03 lr=8.00e-04
2026-02-14 12:30:16,079 | INFO | [Inverse][square|pts=200|noise=2%] epoch=4099/11999 total=5.976e-03 pde=6.775e-04 bc=7.380e-05 data=4.561e-05 best=5.361e-03 lr=8.00e-04
2026-02-14 12:30:18,025 | INFO | [Inverse][square|pts=200|noise=2%] epoch=4199/11999 total=6.884e-03 pde=6.888e-04 bc=6.930e-05 data=5.503e-05 best=4.587e-03 lr=8.00e-04
2026-02-14 12:30:19,936 | INFO | [Inverse][square|pts=200|noise=2%] epoch=4299/11999 total=7.873e-03 pde=7.188e-04 bc=8.524e-05 data=6.302e-05 best=4.122e-03 lr=8.00e-04
2026-02-14 12:30:21,857 | INFO | [Inverse][square|pts=200|noise=2%] epoch=4399/11999 total=4.987e-03 pde=6.191e-04 bc=6.784e-05 data=3.689e-05 best=4.122e-03 lr=8.00e-04
2026-02-14 12:30:23,353 | INFO | [Inverse][square|pts=200|noise=2%] checkpoint saved at epoch=4499 -> outputs_refactor\full_matrix_rerun_20260214_112937\checkpoints\square\inverse_pts_200_noise_2_last.pth
2026-02-14 12:30:23,354 | INFO | [Inverse][square|pts=200|noise=2%] epoch=4499/11999 total=7.650e-03 pde=6.802e-04 bc=8.223e-05 data=6.147e-05 best=4.122e-03 lr=8.00e-04
2026-02-14 12:30:24,849 | INFO | [Inverse][square|pts=200|noise=2%] epoch=4599/11999 total=7.591e-03 pde=6.650e-04 bc=7.620e-05 data=6.164e-05 best=4.122e-03 lr=8.00e-04
2026-02-14 12:30:26,330 | INFO | [Inverse][square|pts=200|noise=2%] epoch=4699/11999 total=8.646e-03 pde=6.850e-04 bc=8.823e-05 data=7.079e-05 best=4.122e-03 lr=8.00e-04
2026-02-14 12:30:27,796 | INFO | [Inverse][square|pts=200|noise=2%] epoch=4799/11999 total=5.229e-03 pde=5.745e-04 bc=6.197e-05 data=4.035e-05 best=4.122e-03 lr=6.40e-04
2026-02-14 12:30:29,298 | INFO | [Inverse][square|pts=200|noise=2%] epoch=4899/11999 total=5.189e-03 pde=5.626e-04 bc=4.829e-05 data=4.144e-05 best=3.750e-03 lr=6.40e-04
2026-02-14 12:30:30,754 | INFO | [Inverse][square|pts=200|noise=2%] checkpoint saved at epoch=4999 -> outputs_refactor\full_matrix_rerun_20260214_112937\checkpoints\square\inverse_pts_200_noise_2_last.pth
2026-02-14 12:30:30,754 | INFO | [Inverse][square|pts=200|noise=2%] epoch=4999/11999 total=4.910e-03 pde=5.432e-04 bc=3.989e-05 data=3.968e-05 best=3.750e-03 lr=6.40e-04
2026-02-14 12:30:32,247 | INFO | [Inverse][square|pts=200|noise=2%] epoch=5099/11999 total=5.792e-03 pde=5.530e-04 bc=3.827e-05 data=4.857e-05 best=3.717e-03 lr=6.40e-04
2026-02-14 12:30:33,706 | INFO | [Inverse][square|pts=200|noise=2%] epoch=5199/11999 total=5.867e-03 pde=5.567e-04 bc=4.108e-05 data=4.900e-05 best=3.638e-03 lr=6.40e-04
2026-02-14 12:30:35,173 | INFO | [Inverse][square|pts=200|noise=2%] epoch=5299/11999 total=4.791e-03 pde=5.187e-04 bc=3.827e-05 data=3.889e-05 best=3.588e-03 lr=6.40e-04
2026-02-14 12:30:36,621 | INFO | [Inverse][square|pts=200|noise=2%] epoch=5399/11999 total=4.326e-03 pde=4.878e-04 bc=3.219e-05 data=3.516e-05 best=3.588e-03 lr=6.40e-04
2026-02-14 12:30:38,103 | INFO | [Inverse][square|pts=200|noise=2%] checkpoint saved at epoch=5499 -> outputs_refactor\full_matrix_rerun_20260214_112937\checkpoints\square\inverse_pts_200_noise_2_last.pth
2026-02-14 12:30:38,104 | INFO | [Inverse][square|pts=200|noise=2%] epoch=5499/11999 total=4.273e-03 pde=4.655e-04 bc=2.931e-05 data=3.515e-05 best=3.588e-03 lr=6.40e-04
2026-02-14 12:30:39,642 | INFO | [Inverse][square|pts=200|noise=2%] epoch=5599/11999 total=4.345e-03 pde=4.510e-04 bc=3.069e-05 data=3.587e-05 best=3.588e-03 lr=6.40e-04
2026-02-14 12:30:41,121 | INFO | [Inverse][square|pts=200|noise=2%] epoch=5699/11999 total=4.510e-03 pde=4.390e-04 bc=3.629e-05 data=3.708e-05 best=3.295e-03 lr=6.40e-04
2026-02-14 12:30:42,616 | INFO | [Inverse][square|pts=200|noise=2%] epoch=5799/11999 total=5.175e-03 pde=4.689e-04 bc=5.303e-05 data=4.176e-05 best=2.836e-03 lr=6.40e-04
2026-02-14 12:30:44,089 | INFO | [Inverse][square|pts=200|noise=2%] epoch=5899/11999 total=4.502e-03 pde=4.665e-04 bc=5.820e-05 data=3.454e-05 best=2.836e-03 lr=6.40e-04
2026-02-14 12:30:45,540 | INFO | [Inverse][square|pts=200|noise=2%] checkpoint saved at epoch=5999 -> outputs_refactor\full_matrix_rerun_20260214_112937\checkpoints\square\inverse_pts_200_noise_2_last.pth
2026-02-14 12:30:45,540 | INFO | [Inverse][square|pts=200|noise=2%] epoch=5999/11999 total=3.616e-03 pde=4.284e-04 bc=5.007e-05 data=2.687e-05 best=2.836e-03 lr=6.40e-04
2026-02-14 12:30:47,003 | INFO | [Inverse][square|pts=200|noise=2%] epoch=6099/11999 total=4.032e-03 pde=4.361e-04 bc=5.472e-05 data=3.049e-05 best=2.836e-03 lr=6.40e-04
2026-02-14 12:30:48,445 | INFO | [Inverse][square|pts=200|noise=2%] epoch=6199/11999 total=4.327e-03 pde=4.404e-04 bc=5.828e-05 data=3.303e-05 best=2.836e-03 lr=6.40e-04
2026-02-14 12:30:49,908 | INFO | [Inverse][square|pts=200|noise=2%] epoch=6299/11999 total=3.647e-03 pde=4.088e-04 bc=4.899e-05 data=2.748e-05 best=2.836e-03 lr=5.12e-04
2026-02-14 12:30:51,391 | INFO | [Inverse][square|pts=200|noise=2%] epoch=6399/11999 total=3.583e-03 pde=3.963e-04 bc=4.329e-05 data=2.754e-05 best=2.836e-03 lr=5.12e-04
2026-02-14 12:30:52,883 | INFO | [Inverse][square|pts=200|noise=2%] checkpoint saved at epoch=6499 -> outputs_refactor\full_matrix_rerun_20260214_112937\checkpoints\square\inverse_pts_200_noise_2_last.pth
2026-02-14 12:30:52,884 | INFO | [Inverse][square|pts=200|noise=2%] epoch=6499/11999 total=3.548e-03 pde=3.893e-04 bc=4.230e-05 data=2.735e-05 best=2.836e-03 lr=5.12e-04
2026-02-14 12:30:54,358 | INFO | [Inverse][square|pts=200|noise=2%] epoch=6599/11999 total=3.571e-03 pde=3.839e-04 bc=4.191e-05 data=2.768e-05 best=2.836e-03 lr=5.12e-04
2026-02-14 12:30:55,819 | INFO | [Inverse][square|pts=200|noise=2%] epoch=6699/11999 total=3.623e-03 pde=3.793e-04 bc=4.175e-05 data=2.826e-05 best=2.836e-03 lr=5.12e-04
2026-02-14 12:30:57,285 | INFO | [Inverse][square|pts=200|noise=2%] epoch=6799/11999 total=3.258e-03 pde=3.638e-04 bc=3.890e-05 data=2.505e-05 best=2.690e-03 lr=4.10e-04
2026-02-14 12:30:58,763 | INFO | [Inverse][square|pts=200|noise=2%] epoch=6899/11999 total=3.321e-03 pde=3.594e-04 bc=3.920e-05 data=2.570e-05 best=2.690e-03 lr=4.10e-04
2026-02-14 12:31:00,221 | INFO | [Inverse][square|pts=200|noise=2%] checkpoint saved at epoch=6999 -> outputs_refactor\full_matrix_rerun_20260214_112937\checkpoints\square\inverse_pts_200_noise_2_last.pth
2026-02-14 12:31:00,221 | INFO | [Inverse][square|pts=200|noise=2%] epoch=6999/11999 total=3.032e-03 pde=3.440e-04 bc=3.871e-05 data=2.301e-05 best=2.690e-03 lr=4.10e-04
2026-02-14 12:31:01,706 | INFO | [Inverse][square|pts=200|noise=2%] epoch=7099/11999 total=3.019e-03 pde=3.363e-04 bc=4.116e-05 data=2.272e-05 best=2.690e-03 lr=4.10e-04
2026-02-14 12:31:03,198 | INFO | [Inverse][square|pts=200|noise=2%] epoch=7199/11999 total=3.172e-03 pde=3.331e-04 bc=4.814e-05 data=2.358e-05 best=2.690e-03 lr=4.10e-04
2026-02-14 12:31:04,990 | INFO | [Inverse][square|pts=200|noise=2%] epoch=7299/11999 total=2.319e-03 pde=3.080e-04 bc=3.735e-05 data=1.638e-05 best=2.319e-03 lr=3.28e-04
2026-02-14 12:31:06,867 | INFO | [Inverse][square|pts=200|noise=2%] epoch=7399/11999 total=2.282e-03 pde=2.997e-04 bc=3.717e-05 data=1.611e-05 best=2.282e-03 lr=3.28e-04
2026-02-14 12:31:08,415 | INFO | [Inverse][square|pts=200|noise=2%] checkpoint saved at epoch=7499 -> outputs_refactor\full_matrix_rerun_20260214_112937\checkpoints\square\inverse_pts_200_noise_2_last.pth
2026-02-14 12:31:08,415 | INFO | [Inverse][square|pts=200|noise=2%] epoch=7499/11999 total=2.289e-03 pde=2.939e-04 bc=3.398e-05 data=1.655e-05 best=2.251e-03 lr=3.28e-04
2026-02-14 12:31:09,958 | INFO | [Inverse][square|pts=200|noise=2%] epoch=7599/11999 total=2.220e-03 pde=2.844e-04 bc=3.688e-05 data=1.566e-05 best=2.211e-03 lr=3.28e-04
2026-02-14 12:31:11,477 | INFO | [Inverse][square|pts=200|noise=2%] epoch=7699/11999 total=2.215e-03 pde=2.792e-04 bc=3.301e-05 data=1.606e-05 best=2.191e-03 lr=3.28e-04
2026-02-14 12:31:12,991 | INFO | [Inverse][square|pts=200|noise=2%] epoch=7799/11999 total=2.213e-03 pde=2.746e-04 bc=3.214e-05 data=1.617e-05 best=2.147e-03 lr=3.28e-04
2026-02-14 12:31:14,499 | INFO | [Inverse][square|pts=200|noise=2%] epoch=7899/11999 total=2.307e-03 pde=2.759e-04 bc=3.130e-05 data=1.718e-05 best=2.129e-03 lr=3.28e-04
2026-02-14 12:31:16,081 | INFO | [Inverse][square|pts=200|noise=2%] checkpoint saved at epoch=7999 -> outputs_refactor\full_matrix_rerun_20260214_112937\checkpoints\square\inverse_pts_200_noise_2_last.pth
2026-02-14 12:31:16,081 | INFO | [Inverse][square|pts=200|noise=2%] epoch=7999/11999 total=2.232e-03 pde=2.679e-04 bc=3.114e-05 data=1.652e-05 best=2.086e-03 lr=3.28e-04
2026-02-14 12:31:17,537 | INFO | [Inverse][square|pts=200|noise=2%] epoch=8099/11999 total=2.075e-03 pde=2.558e-04 bc=3.181e-05 data=1.502e-05 best=2.075e-03 lr=3.28e-04
2026-02-14 12:31:19,039 | INFO | [Inverse][square|pts=200|noise=2%] epoch=8199/11999 total=2.161e-03 pde=2.572e-04 bc=3.929e-05 data=1.510e-05 best=2.040e-03 lr=3.28e-04
2026-02-14 12:31:20,594 | INFO | [Inverse][square|pts=200|noise=2%] epoch=8299/11999 total=2.078e-03 pde=2.496e-04 bc=2.909e-05 data=1.538e-05 best=2.027e-03 lr=3.28e-04
2026-02-14 12:31:22,100 | INFO | [Inverse][square|pts=200|noise=2%] epoch=8399/11999 total=2.003e-03 pde=2.433e-04 bc=3.083e-05 data=1.452e-05 best=1.990e-03 lr=3.28e-04
2026-02-14 12:31:23,568 | INFO | [Inverse][square|pts=200|noise=2%] checkpoint saved at epoch=8499 -> outputs_refactor\full_matrix_rerun_20260214_112937\checkpoints\square\inverse_pts_200_noise_2_last.pth
2026-02-14 12:31:23,569 | INFO | [Inverse][square|pts=200|noise=2%] epoch=8499/11999 total=1.980e-03 pde=2.394e-04 bc=3.146e-05 data=1.426e-05 best=1.977e-03 lr=3.28e-04
2026-02-14 12:31:25,129 | INFO | [Inverse][square|pts=200|noise=2%] epoch=8599/11999 total=1.968e-03 pde=2.362e-04 bc=3.068e-05 data=1.425e-05 best=1.937e-03 lr=3.28e-04
2026-02-14 12:31:26,634 | INFO | [Inverse][square|pts=200|noise=2%] epoch=8699/11999 total=2.024e-03 pde=2.350e-04 bc=3.724e-05 data=1.417e-05 best=1.926e-03 lr=3.28e-04
2026-02-14 12:31:28,072 | INFO | [Inverse][square|pts=200|noise=2%] epoch=8799/11999 total=2.743e-03 pde=2.770e-04 bc=4.400e-05 data=2.026e-05 best=1.926e-03 lr=3.28e-04
2026-02-14 12:31:29,524 | INFO | [Inverse][square|pts=200|noise=2%] epoch=8899/11999 total=2.361e-03 pde=2.331e-04 bc=3.904e-05 data=1.737e-05 best=1.926e-03 lr=3.28e-04
2026-02-14 12:31:31,049 | INFO | [Inverse][square|pts=200|noise=2%] checkpoint saved at epoch=8999 -> outputs_refactor\full_matrix_rerun_20260214_112937\checkpoints\square\inverse_pts_200_noise_2_last.pth
2026-02-14 12:31:31,049 | INFO | [Inverse][square|pts=200|noise=2%] epoch=8999/11999 total=2.283e-03 pde=2.308e-04 bc=3.785e-05 data=1.674e-05 best=1.926e-03 lr=3.28e-04
2026-02-14 12:31:32,528 | INFO | [Inverse][square|pts=200|noise=2%] epoch=9099/11999 total=1.979e-03 pde=2.275e-04 bc=2.732e-05 data=1.479e-05 best=1.877e-03 lr=3.28e-04
2026-02-14 12:31:34,040 | INFO | [Inverse][square|pts=200|noise=2%] epoch=9199/11999 total=3.484e-03 pde=2.884e-04 bc=4.497e-05 data=2.746e-05 best=1.866e-03 lr=3.28e-04
2026-02-14 12:31:35,491 | INFO | [Inverse][square|pts=200|noise=2%] epoch=9299/11999 total=3.038e-03 pde=2.705e-04 bc=2.505e-05 data=2.517e-05 best=1.863e-03 lr=3.28e-04
2026-02-14 12:31:36,925 | INFO | [Inverse][square|pts=200|noise=2%] epoch=9399/11999 total=4.413e-03 pde=3.344e-04 bc=3.224e-05 data=3.756e-05 best=1.863e-03 lr=3.28e-04
2026-02-14 12:31:38,361 | INFO | [Inverse][square|pts=200|noise=2%] checkpoint saved at epoch=9499 -> outputs_refactor\full_matrix_rerun_20260214_112937\checkpoints\square\inverse_pts_200_noise_2_last.pth
2026-02-14 12:31:38,361 | INFO | [Inverse][square|pts=200|noise=2%] epoch=9499/11999 total=5.057e-03 pde=3.789e-04 bc=9.414e-05 data=3.737e-05 best=1.863e-03 lr=3.28e-04
2026-02-14 12:31:39,848 | INFO | [Inverse][square|pts=200|noise=2%] epoch=9599/11999 total=3.154e-03 pde=2.842e-04 bc=2.773e-05 data=2.593e-05 best=1.855e-03 lr=3.28e-04
2026-02-14 12:31:41,328 | INFO | [Inverse][square|pts=200|noise=2%] epoch=9699/11999 total=2.601e-03 pde=2.370e-04 bc=4.701e-05 data=1.894e-05 best=1.840e-03 lr=3.28e-04
2026-02-14 12:31:42,797 | INFO | [Inverse][square|pts=200|noise=2%] epoch=9799/11999 total=2.650e-03 pde=2.374e-04 bc=4.343e-05 data=1.978e-05 best=1.840e-03 lr=3.28e-04
2026-02-14 12:31:44,316 | INFO | [Inverse][square|pts=200|noise=2%] epoch=9899/11999 total=2.570e-03 pde=2.336e-04 bc=4.183e-05 data=1.918e-05 best=1.840e-03 lr=3.28e-04
2026-02-14 12:31:45,785 | INFO | [Inverse][square|pts=200|noise=2%] checkpoint saved at epoch=9999 -> outputs_refactor\full_matrix_rerun_20260214_112937\checkpoints\square\inverse_pts_200_noise_2_last.pth
2026-02-14 12:31:45,786 | INFO | [Inverse][square|pts=200|noise=2%] epoch=9999/11999 total=2.250e-03 pde=2.207e-04 bc=3.624e-05 data=1.667e-05 best=1.840e-03 lr=3.28e-04
2026-02-14 12:31:47,285 | INFO | [Inverse][square|pts=200|noise=2%] epoch=10099/11999 total=2.306e-03 pde=2.205e-04 bc=3.924e-05 data=1.693e-05 best=1.840e-03 lr=3.28e-04
2026-02-14 12:31:48,838 | INFO | [Inverse][square|pts=200|noise=2%] epoch=10199/11999 total=1.799e-03 pde=2.021e-04 bc=2.705e-05 data=1.327e-05 best=1.799e-03 lr=2.62e-04
2026-02-14 12:31:50,723 | INFO | [Inverse][square|pts=200|noise=2%] epoch=10299/11999 total=1.790e-03 pde=2.008e-04 bc=2.690e-05 data=1.320e-05 best=1.790e-03 lr=2.62e-04
2026-02-14 12:31:52,604 | INFO | [Inverse][square|pts=200|noise=2%] epoch=10399/11999 total=1.780e-03 pde=1.992e-04 bc=2.668e-05 data=1.314e-05 best=1.780e-03 lr=2.62e-04
2026-02-14 12:31:54,547 | INFO | [Inverse][square|pts=200|noise=2%] checkpoint saved at epoch=10499 -> outputs_refactor\full_matrix_rerun_20260214_112937\checkpoints\square\inverse_pts_200_noise_2_last.pth
2026-02-14 12:31:54,548 | INFO | [Inverse][square|pts=200|noise=2%] epoch=10499/11999 total=1.771e-03 pde=1.974e-04 bc=2.645e-05 data=1.309e-05 best=1.771e-03 lr=2.62e-04
2026-02-14 12:31:56,444 | INFO | [Inverse][square|pts=200|noise=2%] epoch=10599/11999 total=1.761e-03 pde=1.954e-04 bc=2.622e-05 data=1.304e-05 best=1.761e-03 lr=2.62e-04
2026-02-14 12:31:58,322 | INFO | [Inverse][square|pts=200|noise=2%] epoch=10699/11999 total=1.751e-03 pde=1.932e-04 bc=2.599e-05 data=1.298e-05 best=1.751e-03 lr=2.62e-04
2026-02-14 12:32:00,195 | INFO | [Inverse][square|pts=200|noise=2%] epoch=10799/11999 total=1.742e-03 pde=1.909e-04 bc=2.575e-05 data=1.293e-05 best=1.742e-03 lr=2.62e-04
2026-02-14 12:32:02,076 | INFO | [Inverse][square|pts=200|noise=2%] epoch=10899/11999 total=1.732e-03 pde=1.884e-04 bc=2.552e-05 data=1.288e-05 best=1.732e-03 lr=2.62e-04
2026-02-14 12:32:03,845 | INFO | [Inverse][square|pts=200|noise=2%] checkpoint saved at epoch=10999 -> outputs_refactor\full_matrix_rerun_20260214_112937\checkpoints\square\inverse_pts_200_noise_2_last.pth
2026-02-14 12:32:03,845 | INFO | [Inverse][square|pts=200|noise=2%] epoch=10999/11999 total=1.754e-03 pde=1.874e-04 bc=2.502e-05 data=1.317e-05 best=1.724e-03 lr=2.62e-04
2026-02-14 12:32:05,385 | INFO | [Inverse][square|pts=200|noise=2%] epoch=11099/11999 total=1.830e-03 pde=1.877e-04 bc=2.233e-05 data=1.419e-05 best=1.720e-03 lr=2.62e-04
2026-02-14 12:32:06,934 | INFO | [Inverse][square|pts=200|noise=2%] epoch=11199/11999 total=1.956e-03 pde=1.903e-04 bc=2.051e-05 data=1.561e-05 best=1.704e-03 lr=2.62e-04
2026-02-14 12:32:08,394 | INFO | [Inverse][square|pts=200|noise=2%] epoch=11299/11999 total=1.804e-03 pde=1.840e-04 bc=2.180e-05 data=1.402e-05 best=1.703e-03 lr=2.62e-04
2026-02-14 12:32:09,879 | INFO | [Inverse][square|pts=200|noise=2%] epoch=11399/11999 total=1.814e-03 pde=1.824e-04 bc=2.815e-05 data=1.350e-05 best=1.697e-03 lr=2.62e-04
2026-02-14 12:32:11,409 | INFO | [Inverse][square|pts=200|noise=2%] checkpoint saved at epoch=11499 -> outputs_refactor\full_matrix_rerun_20260214_112937\checkpoints\square\inverse_pts_200_noise_2_last.pth
2026-02-14 12:32:11,409 | INFO | [Inverse][square|pts=200|noise=2%] epoch=11499/11999 total=1.692e-03 pde=1.740e-04 bc=2.291e-05 data=1.289e-05 best=1.690e-03 lr=2.62e-04
2026-02-14 12:32:12,882 | INFO | [Inverse][square|pts=200|noise=2%] epoch=11599/11999 total=1.725e-03 pde=1.729e-04 bc=2.651e-05 data=1.287e-05 best=1.684e-03 lr=2.62e-04
2026-02-14 12:32:14,420 | INFO | [Inverse][square|pts=200|noise=2%] epoch=11699/11999 total=1.668e-03 pde=1.688e-04 bc=2.266e-05 data=1.272e-05 best=1.668e-03 lr=2.62e-04
2026-02-14 12:32:15,891 | INFO | [Inverse][square|pts=200|noise=2%] epoch=11799/11999 total=1.777e-03 pde=1.712e-04 bc=1.946e-05 data=1.411e-05 best=1.662e-03 lr=2.62e-04
2026-02-14 12:32:17,402 | INFO | [Inverse][square|pts=200|noise=2%] epoch=11899/11999 total=1.794e-03 pde=1.708e-04 bc=2.591e-05 data=1.364e-05 best=1.653e-03 lr=2.62e-04
2026-02-14 12:32:18,937 | INFO | [Inverse][square|pts=200|noise=2%] checkpoint saved at epoch=11999 -> outputs_refactor\full_matrix_rerun_20260214_112937\checkpoints\square\inverse_pts_200_noise_2_last.pth
2026-02-14 12:32:18,937 | INFO | [Inverse][square|pts=200|noise=2%] epoch=11999/11999 total=1.650e-03 pde=1.624e-04 bc=2.382e-05 data=1.250e-05 best=1.643e-03 lr=2.62e-04
2026-02-14 12:32:19,592 | INFO | [Inverse][pts_200_noise_5] start training charge=square points=200 noise=5%
2026-02-14 12:32:19,623 | INFO | [Inverse][square|pts=200|noise=5%] epoch=0/11999 total=4.307e+00 pde=1.616e-02 bc=2.059e-02 data=4.085e-02 best=4.307e+00 lr=1.00e-03
2026-02-14 12:32:21,417 | INFO | [Inverse][square|pts=200|noise=5%] epoch=99/11999 total=3.283e-01 pde=1.221e-01 bc=1.267e-03 data=1.935e-03 best=3.283e-01 lr=1.00e-03
2026-02-14 12:32:23,101 | INFO | [Inverse][square|pts=200|noise=5%] epoch=199/11999 total=2.160e-01 pde=5.089e-02 bc=1.073e-03 data=1.544e-03 best=2.029e-01 lr=1.00e-03
2026-02-14 12:32:24,663 | INFO | [Inverse][square|pts=200|noise=5%] epoch=299/11999 total=1.363e-01 pde=2.004e-02 bc=1.162e-03 data=1.046e-03 best=1.282e-01 lr=1.00e-03
2026-02-14 12:32:26,303 | INFO | [Inverse][square|pts=200|noise=5%] epoch=399/11999 total=8.903e-02 pde=1.476e-02 bc=4.632e-04 data=6.964e-04 best=8.886e-02 lr=1.00e-03
2026-02-14 12:32:27,872 | INFO | [Inverse][square|pts=200|noise=5%] checkpoint saved at epoch=499 -> outputs_refactor\full_matrix_rerun_20260214_112937\checkpoints\square\inverse_pts_200_noise_5_last.pth
2026-02-14 12:32:27,872 | INFO | [Inverse][square|pts=200|noise=5%] epoch=499/11999 total=7.157e-02 pde=1.695e-02 bc=3.352e-04 data=5.127e-04 best=7.082e-02 lr=1.00e-03
2026-02-14 12:32:29,469 | INFO | [Inverse][square|pts=200|noise=5%] epoch=599/11999 total=6.359e-02 pde=1.573e-02 bc=3.040e-04 data=4.483e-04 best=6.261e-02 lr=1.00e-03
2026-02-14 12:32:31,056 | INFO | [Inverse][square|pts=200|noise=5%] epoch=699/11999 total=5.958e-02 pde=1.368e-02 bc=3.339e-04 data=4.256e-04 best=5.425e-02 lr=1.00e-03
2026-02-14 12:32:32,665 | INFO | [Inverse][square|pts=200|noise=5%] epoch=799/11999 total=6.512e-02 pde=1.164e-02 bc=3.645e-04 data=4.984e-04 best=4.240e-02 lr=1.00e-03
2026-02-14 12:32:34,153 | INFO | [Inverse][square|pts=200|noise=5%] epoch=899/11999 total=4.313e-02 pde=1.007e-02 bc=2.745e-04 data=3.032e-04 best=3.951e-02 lr=1.00e-03
2026-02-14 12:32:35,656 | INFO | [Inverse][square|pts=200|noise=5%] checkpoint saved at epoch=999 -> outputs_refactor\full_matrix_rerun_20260214_112937\checkpoints\square\inverse_pts_200_noise_5_last.pth
2026-02-14 12:32:35,657 | INFO | [Inverse][square|pts=200|noise=5%] epoch=999/11999 total=3.647e-02 pde=9.073e-03 bc=1.719e-04 data=2.568e-04 best=3.591e-02 lr=1.00e-03
2026-02-14 12:32:37,234 | INFO | [Inverse][square|pts=200|noise=5%] epoch=1099/11999 total=5.515e-02 pde=7.955e-03 bc=6.640e-04 data=4.055e-04 best=3.125e-02 lr=1.00e-03
2026-02-14 12:32:38,758 | INFO | [Inverse][square|pts=200|noise=5%] epoch=1199/11999 total=2.812e-02 pde=6.538e-03 bc=9.953e-05 data=2.059e-04 best=2.748e-02 lr=1.00e-03
2026-02-14 12:32:40,269 | INFO | [Inverse][square|pts=200|noise=5%] epoch=1299/11999 total=2.089e-02 pde=5.121e-03 bc=1.173e-04 data=1.460e-04 best=2.061e-02 lr=1.00e-03
2026-02-14 12:32:41,768 | INFO | [Inverse][square|pts=200|noise=5%] epoch=1399/11999 total=2.019e-02 pde=4.522e-03 bc=7.378e-05 data=1.493e-04 best=1.959e-02 lr=1.00e-03
2026-02-14 12:32:43,319 | INFO | [Inverse][square|pts=200|noise=5%] checkpoint saved at epoch=1499 -> outputs_refactor\full_matrix_rerun_20260214_112937\checkpoints\square\inverse_pts_200_noise_5_last.pth
2026-02-14 12:32:43,319 | INFO | [Inverse][square|pts=200|noise=5%] epoch=1499/11999 total=1.796e-02 pde=4.195e-03 bc=7.366e-05 data=1.303e-04 best=1.752e-02 lr=1.00e-03
2026-02-14 12:32:44,979 | INFO | [Inverse][square|pts=200|noise=5%] epoch=1599/11999 total=1.865e-02 pde=3.929e-03 bc=1.678e-04 data=1.304e-04 best=1.492e-02 lr=1.00e-03
2026-02-14 12:32:46,426 | INFO | [Inverse][square|pts=200|noise=5%] epoch=1699/11999 total=2.814e-02 pde=3.735e-03 bc=2.090e-04 data=2.231e-04 best=1.492e-02 lr=1.00e-03
2026-02-14 12:32:47,917 | INFO | [Inverse][square|pts=200|noise=5%] epoch=1799/11999 total=2.733e-02 pde=3.944e-03 bc=3.094e-04 data=2.029e-04 best=1.396e-02 lr=1.00e-03
2026-02-14 12:32:49,382 | INFO | [Inverse][square|pts=200|noise=5%] epoch=1899/11999 total=1.760e-02 pde=3.326e-03 bc=1.105e-04 data=1.317e-04 best=1.369e-02 lr=1.00e-03
2026-02-14 12:32:50,895 | INFO | [Inverse][square|pts=200|noise=5%] checkpoint saved at epoch=1999 -> outputs_refactor\full_matrix_rerun_20260214_112937\checkpoints\square\inverse_pts_200_noise_5_last.pth
2026-02-14 12:32:50,895 | INFO | [Inverse][square|pts=200|noise=5%] epoch=1999/11999 total=2.662e-02 pde=3.140e-03 bc=2.076e-04 data=2.141e-04 best=1.298e-02 lr=1.00e-03
2026-02-14 12:32:52,393 | INFO | [Inverse][square|pts=200|noise=5%] epoch=2099/11999 total=1.467e-02 pde=2.898e-03 bc=6.765e-05 data=1.109e-04 best=1.241e-02 lr=1.00e-03
2026-02-14 12:32:53,877 | INFO | [Inverse][square|pts=200|noise=5%] epoch=2199/11999 total=1.837e-02 pde=2.787e-03 bc=1.255e-04 data=1.433e-04 best=1.241e-02 lr=1.00e-03
2026-02-14 12:32:55,382 | INFO | [Inverse][square|pts=200|noise=5%] epoch=2299/11999 total=1.970e-02 pde=2.591e-03 bc=2.016e-04 data=1.509e-04 best=1.135e-02 lr=1.00e-03
2026-02-14 12:32:56,847 | INFO | [Inverse][square|pts=200|noise=5%] epoch=2399/11999 total=1.700e-02 pde=2.285e-03 bc=8.445e-05 data=1.388e-04 best=1.135e-02 lr=1.00e-03
2026-02-14 12:32:58,353 | INFO | [Inverse][square|pts=200|noise=5%] checkpoint saved at epoch=2499 -> outputs_refactor\full_matrix_rerun_20260214_112937\checkpoints\square\inverse_pts_200_noise_5_last.pth
2026-02-14 12:32:58,354 | INFO | [Inverse][square|pts=200|noise=5%] epoch=2499/11999 total=1.881e-02 pde=2.172e-03 bc=1.828e-04 data=1.481e-04 best=1.075e-02 lr=1.00e-03
2026-02-14 12:32:59,824 | INFO | [Inverse][square|pts=200|noise=5%] epoch=2599/11999 total=1.426e-02 pde=1.934e-03 bc=1.337e-04 data=1.099e-04 best=1.075e-02 lr=1.00e-03
2026-02-14 12:33:01,303 | INFO | [Inverse][square|pts=200|noise=5%] epoch=2699/11999 total=1.256e-02 pde=1.776e-03 bc=1.079e-04 data=9.708e-05 best=1.075e-02 lr=1.00e-03
2026-02-14 12:33:02,774 | INFO | [Inverse][square|pts=200|noise=5%] epoch=2799/11999 total=1.352e-02 pde=1.661e-03 bc=1.228e-04 data=1.063e-04 best=1.075e-02 lr=1.00e-03
2026-02-14 12:33:04,265 | INFO | [Inverse][square|pts=200|noise=5%] epoch=2899/11999 total=1.297e-02 pde=1.553e-03 bc=1.213e-04 data=1.020e-04 best=1.075e-02 lr=1.00e-03
2026-02-14 12:33:05,713 | INFO | [Inverse][square|pts=200|noise=5%] checkpoint saved at epoch=2999 -> outputs_refactor\full_matrix_rerun_20260214_112937\checkpoints\square\inverse_pts_200_noise_5_last.pth
2026-02-14 12:33:05,713 | INFO | [Inverse][square|pts=200|noise=5%] epoch=2999/11999 total=1.145e-02 pde=1.426e-03 bc=1.003e-04 data=9.017e-05 best=1.066e-02 lr=8.00e-04
2026-02-14 12:33:07,300 | INFO | [Inverse][square|pts=200|noise=5%] epoch=3099/11999 total=1.034e-02 pde=1.325e-03 bc=8.400e-05 data=8.174e-05 best=9.964e-03 lr=8.00e-04
2026-02-14 12:33:08,775 | INFO | [Inverse][square|pts=200|noise=5%] epoch=3199/11999 total=1.050e-02 pde=1.257e-03 bc=8.581e-05 data=8.383e-05 best=9.956e-03 lr=8.00e-04
2026-02-14 12:33:10,315 | INFO | [Inverse][square|pts=200|noise=5%] epoch=3299/11999 total=9.964e-03 pde=1.179e-03 bc=7.513e-05 data=8.033e-05 best=9.592e-03 lr=8.00e-04
2026-02-14 12:33:11,905 | INFO | [Inverse][square|pts=200|noise=5%] epoch=3399/11999 total=9.097e-03 pde=1.092e-03 bc=6.173e-05 data=7.388e-05 best=8.815e-03 lr=8.00e-04
2026-02-14 12:33:13,384 | INFO | [Inverse][square|pts=200|noise=5%] checkpoint saved at epoch=3499 -> outputs_refactor\full_matrix_rerun_20260214_112937\checkpoints\square\inverse_pts_200_noise_5_last.pth
2026-02-14 12:33:13,384 | INFO | [Inverse][square|pts=200|noise=5%] epoch=3499/11999 total=1.042e-02 pde=1.066e-03 bc=8.088e-05 data=8.541e-05 best=8.728e-03 lr=8.00e-04
2026-02-14 12:33:14,851 | INFO | [Inverse][square|pts=200|noise=5%] epoch=3599/11999 total=9.453e-03 pde=9.925e-04 bc=6.723e-05 data=7.788e-05 best=8.728e-03 lr=8.00e-04
2026-02-14 12:33:16,377 | INFO | [Inverse][square|pts=200|noise=5%] epoch=3699/11999 total=1.103e-02 pde=9.873e-04 bc=8.452e-05 data=9.197e-05 best=8.403e-03 lr=8.00e-04
2026-02-14 12:33:17,838 | INFO | [Inverse][square|pts=200|noise=5%] epoch=3799/11999 total=1.902e-02 pde=1.069e-03 bc=9.203e-05 data=1.703e-04 best=7.468e-03 lr=8.00e-04
2026-02-14 12:33:19,318 | INFO | [Inverse][square|pts=200|noise=5%] epoch=3899/11999 total=1.047e-02 pde=9.063e-04 bc=4.235e-05 data=9.137e-05 best=7.468e-03 lr=8.00e-04
2026-02-14 12:33:20,808 | INFO | [Inverse][square|pts=200|noise=5%] checkpoint saved at epoch=3999 -> outputs_refactor\full_matrix_rerun_20260214_112937\checkpoints\square\inverse_pts_200_noise_5_last.pth
2026-02-14 12:33:20,809 | INFO | [Inverse][square|pts=200|noise=5%] epoch=3999/11999 total=1.059e-02 pde=8.887e-04 bc=4.639e-05 data=9.233e-05 best=7.468e-03 lr=8.00e-04
2026-02-14 12:33:22,258 | INFO | [Inverse][square|pts=200|noise=5%] epoch=4099/11999 total=9.679e-03 pde=8.550e-04 bc=4.711e-05 data=8.353e-05 best=7.468e-03 lr=8.00e-04
2026-02-14 12:33:23,715 | INFO | [Inverse][square|pts=200|noise=5%] epoch=4199/11999 total=9.126e-03 pde=8.269e-04 bc=5.037e-05 data=7.796e-05 best=7.468e-03 lr=8.00e-04
2026-02-14 12:33:25,184 | INFO | [Inverse][square|pts=200|noise=5%] epoch=4299/11999 total=8.196e-03 pde=7.743e-04 bc=4.078e-05 data=7.014e-05 best=7.468e-03 lr=6.40e-04
2026-02-14 12:33:26,647 | INFO | [Inverse][square|pts=200|noise=5%] epoch=4399/11999 total=8.248e-03 pde=7.411e-04 bc=3.449e-05 data=7.162e-05 best=7.468e-03 lr=6.40e-04
2026-02-14 12:33:28,191 | INFO | [Inverse][square|pts=200|noise=5%] checkpoint saved at epoch=4499 -> outputs_refactor\full_matrix_rerun_20260214_112937\checkpoints\square\inverse_pts_200_noise_5_last.pth
2026-02-14 12:33:28,192 | INFO | [Inverse][square|pts=200|noise=5%] epoch=4499/11999 total=8.433e-03 pde=7.296e-04 bc=3.567e-05 data=7.346e-05 best=7.296e-03 lr=6.40e-04
2026-02-14 12:33:29,728 | INFO | [Inverse][square|pts=200|noise=5%] epoch=4599/11999 total=8.995e-03 pde=7.004e-04 bc=8.287e-05 data=7.466e-05 best=6.512e-03 lr=6.40e-04
2026-02-14 12:33:31,219 | INFO | [Inverse][square|pts=200|noise=5%] epoch=4699/11999 total=9.049e-03 pde=6.831e-04 bc=7.861e-05 data=7.579e-05 best=6.512e-03 lr=6.40e-04
2026-02-14 12:33:32,693 | INFO | [Inverse][square|pts=200|noise=5%] epoch=4799/11999 total=8.124e-03 pde=6.583e-04 bc=6.766e-05 data=6.790e-05 best=6.512e-03 lr=6.40e-04
2026-02-14 12:33:34,166 | INFO | [Inverse][square|pts=200|noise=5%] epoch=4899/11999 total=7.758e-03 pde=6.383e-04 bc=6.475e-05 data=6.472e-05 best=6.512e-03 lr=6.40e-04
2026-02-14 12:33:35,648 | INFO | [Inverse][square|pts=200|noise=5%] checkpoint saved at epoch=4999 -> outputs_refactor\full_matrix_rerun_20260214_112937\checkpoints\square\inverse_pts_200_noise_5_last.pth
2026-02-14 12:33:35,649 | INFO | [Inverse][square|pts=200|noise=5%] epoch=4999/11999 total=8.128e-03 pde=6.398e-04 bc=7.277e-05 data=6.761e-05 best=6.512e-03 lr=6.40e-04
2026-02-14 12:33:37,126 | INFO | [Inverse][square|pts=200|noise=5%] epoch=5099/11999 total=7.522e-03 pde=6.165e-04 bc=6.374e-05 data=6.268e-05 best=6.480e-03 lr=5.12e-04
2026-02-14 12:33:38,576 | INFO | [Inverse][square|pts=200|noise=5%] epoch=5199/11999 total=7.299e-03 pde=6.008e-04 bc=6.530e-05 data=6.045e-05 best=6.480e-03 lr=5.12e-04
2026-02-14 12:33:40,075 | INFO | [Inverse][square|pts=200|noise=5%] epoch=5299/11999 total=6.764e-03 pde=5.729e-04 bc=5.550e-05 data=5.636e-05 best=6.394e-03 lr=5.12e-04
2026-02-14 12:33:41,521 | INFO | [Inverse][square|pts=200|noise=5%] epoch=5399/11999 total=6.642e-03 pde=5.594e-04 bc=5.025e-05 data=5.580e-05 best=6.394e-03 lr=5.12e-04
2026-02-14 12:33:43,024 | INFO | [Inverse][square|pts=200|noise=5%] checkpoint saved at epoch=5499 -> outputs_refactor\full_matrix_rerun_20260214_112937\checkpoints\square\inverse_pts_200_noise_5_last.pth
2026-02-14 12:33:43,025 | INFO | [Inverse][square|pts=200|noise=5%] epoch=5499/11999 total=6.796e-03 pde=5.586e-04 bc=4.887e-05 data=5.748e-05 best=6.286e-03 lr=5.12e-04
2026-02-14 12:33:44,561 | INFO | [Inverse][square|pts=200|noise=5%] epoch=5599/11999 total=6.751e-03 pde=5.231e-04 bc=5.086e-05 data=5.720e-05 best=5.747e-03 lr=5.12e-04
2026-02-14 12:33:46,028 | INFO | [Inverse][square|pts=200|noise=5%] epoch=5699/11999 total=6.758e-03 pde=5.372e-04 bc=5.170e-05 data=5.704e-05 best=5.747e-03 lr=5.12e-04
2026-02-14 12:33:47,519 | INFO | [Inverse][square|pts=200|noise=5%] epoch=5799/11999 total=6.362e-03 pde=5.020e-04 bc=4.683e-05 data=5.391e-05 best=5.747e-03 lr=5.12e-04
2026-02-14 12:33:49,003 | INFO | [Inverse][square|pts=200|noise=5%] epoch=5899/11999 total=6.356e-03 pde=4.885e-04 bc=4.624e-05 data=5.405e-05 best=5.747e-03 lr=5.12e-04
2026-02-14 12:33:50,486 | INFO | [Inverse][square|pts=200|noise=5%] checkpoint saved at epoch=5999 -> outputs_refactor\full_matrix_rerun_20260214_112937\checkpoints\square\inverse_pts_200_noise_5_last.pth
2026-02-14 12:33:50,487 | INFO | [Inverse][square|pts=200|noise=5%] epoch=5999/11999 total=6.260e-03 pde=4.720e-04 bc=4.511e-05 data=5.336e-05 best=5.747e-03 lr=5.12e-04
2026-02-14 12:33:51,946 | INFO | [Inverse][square|pts=200|noise=5%] epoch=6099/11999 total=6.192e-03 pde=4.586e-04 bc=4.438e-05 data=5.290e-05 best=5.747e-03 lr=4.10e-04
2026-02-14 12:33:53,409 | INFO | [Inverse][square|pts=200|noise=5%] epoch=6199/11999 total=6.045e-03 pde=4.426e-04 bc=4.278e-05 data=5.175e-05 best=5.747e-03 lr=4.10e-04
2026-02-14 12:33:54,900 | INFO | [Inverse][square|pts=200|noise=5%] epoch=6299/11999 total=6.002e-03 pde=4.343e-04 bc=4.510e-05 data=5.117e-05 best=5.747e-03 lr=4.10e-04
2026-02-14 12:33:56,357 | INFO | [Inverse][square|pts=200|noise=5%] epoch=6399/11999 total=5.955e-03 pde=4.258e-04 bc=4.845e-05 data=5.044e-05 best=5.747e-03 lr=4.10e-04
2026-02-14 12:33:57,822 | INFO | [Inverse][square|pts=200|noise=5%] checkpoint saved at epoch=6499 -> outputs_refactor\full_matrix_rerun_20260214_112937\checkpoints\square\inverse_pts_200_noise_5_last.pth
2026-02-14 12:33:57,822 | INFO | [Inverse][square|pts=200|noise=5%] epoch=6499/11999 total=5.932e-03 pde=4.154e-04 bc=5.050e-05 data=5.012e-05 best=5.747e-03 lr=4.10e-04
2026-02-14 12:33:59,319 | INFO | [Inverse][square|pts=200|noise=5%] epoch=6599/11999 total=5.195e-03 pde=3.689e-04 bc=3.746e-05 data=4.452e-05 best=5.195e-03 lr=3.28e-04
2026-02-14 12:34:01,095 | INFO | [Inverse][square|pts=200|noise=5%] epoch=6699/11999 total=5.124e-03 pde=3.557e-04 bc=3.747e-05 data=4.394e-05 best=5.124e-03 lr=3.28e-04
2026-02-14 12:34:02,965 | INFO | [Inverse][square|pts=200|noise=5%] epoch=6799/11999 total=5.056e-03 pde=3.414e-04 bc=3.711e-05 data=4.343e-05 best=5.056e-03 lr=3.28e-04
2026-02-14 12:34:04,905 | INFO | [Inverse][square|pts=200|noise=5%] epoch=6899/11999 total=4.987e-03 pde=3.264e-04 bc=3.665e-05 data=4.294e-05 best=4.987e-03 lr=3.28e-04
2026-02-14 12:34:06,684 | INFO | [Inverse][square|pts=200|noise=5%] checkpoint saved at epoch=6999 -> outputs_refactor\full_matrix_rerun_20260214_112937\checkpoints\square\inverse_pts_200_noise_5_last.pth
2026-02-14 12:34:06,685 | INFO | [Inverse][square|pts=200|noise=5%] epoch=6999/11999 total=5.157e-03 pde=3.183e-04 bc=4.484e-05 data=4.390e-05 best=4.931e-03 lr=3.28e-04
2026-02-14 12:34:08,283 | INFO | [Inverse][square|pts=200|noise=5%] epoch=7099/11999 total=4.861e-03 pde=2.971e-04 bc=3.639e-05 data=4.200e-05 best=4.857e-03 lr=3.28e-04
2026-02-14 12:34:09,756 | INFO | [Inverse][square|pts=200|noise=5%] epoch=7199/11999 total=8.462e-03 pde=9.085e-04 bc=5.344e-05 data=7.019e-05 best=4.838e-03 lr=3.28e-04
2026-02-14 12:34:11,333 | INFO | [Inverse][square|pts=200|noise=5%] epoch=7299/11999 total=4.783e-03 pde=2.811e-04 bc=3.472e-05 data=4.154e-05 best=4.783e-03 lr=3.28e-04
2026-02-14 12:34:12,971 | INFO | [Inverse][square|pts=200|noise=5%] epoch=7399/11999 total=5.657e-03 pde=2.910e-04 bc=5.554e-05 data=4.810e-05 best=4.755e-03 lr=3.28e-04
2026-02-14 12:34:14,461 | INFO | [Inverse][square|pts=200|noise=5%] checkpoint saved at epoch=7499 -> outputs_refactor\full_matrix_rerun_20260214_112937\checkpoints\square\inverse_pts_200_noise_5_last.pth
2026-02-14 12:34:14,462 | INFO | [Inverse][square|pts=200|noise=5%] epoch=7499/11999 total=5.292e-03 pde=2.843e-04 bc=4.553e-05 data=4.552e-05 best=4.755e-03 lr=3.28e-04
2026-02-14 12:34:15,922 | INFO | [Inverse][square|pts=200|noise=5%] epoch=7599/11999 total=5.225e-03 pde=2.794e-04 bc=4.361e-05 data=4.509e-05 best=4.755e-03 lr=3.28e-04
2026-02-14 12:34:17,365 | INFO | [Inverse][square|pts=200|noise=5%] epoch=7699/11999 total=5.078e-03 pde=2.694e-04 bc=3.848e-05 data=4.424e-05 best=4.755e-03 lr=3.28e-04
2026-02-14 12:34:18,826 | INFO | [Inverse][square|pts=200|noise=5%] epoch=7799/11999 total=5.025e-03 pde=2.638e-04 bc=3.678e-05 data=4.393e-05 best=4.755e-03 lr=3.28e-04
2026-02-14 12:34:20,352 | INFO | [Inverse][square|pts=200|noise=5%] epoch=7899/11999 total=4.623e-03 pde=2.498e-04 bc=3.262e-05 data=4.047e-05 best=4.623e-03 lr=2.62e-04
2026-02-14 12:34:22,208 | INFO | [Inverse][square|pts=200|noise=5%] checkpoint saved at epoch=7999 -> outputs_refactor\full_matrix_rerun_20260214_112937\checkpoints\square\inverse_pts_200_noise_5_last.pth
2026-02-14 12:34:22,209 | INFO | [Inverse][square|pts=200|noise=5%] epoch=7999/11999 total=4.590e-03 pde=2.451e-04 bc=3.223e-05 data=4.022e-05 best=4.590e-03 lr=2.62e-04
2026-02-14 12:34:24,109 | INFO | [Inverse][square|pts=200|noise=5%] epoch=8099/11999 total=4.560e-03 pde=2.403e-04 bc=3.179e-05 data=4.002e-05 best=4.560e-03 lr=2.62e-04
2026-02-14 12:34:25,995 | INFO | [Inverse][square|pts=200|noise=5%] epoch=8199/11999 total=4.530e-03 pde=2.357e-04 bc=3.134e-05 data=3.981e-05 best=4.530e-03 lr=2.62e-04
2026-02-14 12:34:27,654 | INFO | [Inverse][square|pts=200|noise=5%] epoch=8299/11999 total=5.776e-03 pde=2.691e-04 bc=3.249e-05 data=5.182e-05 best=4.513e-03 lr=2.62e-04
2026-02-14 12:34:29,158 | INFO | [Inverse][square|pts=200|noise=5%] epoch=8399/11999 total=4.545e-03 pde=2.313e-04 bc=2.947e-05 data=4.019e-05 best=4.490e-03 lr=2.62e-04
2026-02-14 12:34:30,659 | INFO | [Inverse][square|pts=200|noise=5%] checkpoint saved at epoch=8499 -> outputs_refactor\full_matrix_rerun_20260214_112937\checkpoints\square\inverse_pts_200_noise_5_last.pth
2026-02-14 12:34:30,660 | INFO | [Inverse][square|pts=200|noise=5%] epoch=8499/11999 total=4.565e-03 pde=2.297e-04 bc=2.903e-05 data=4.045e-05 best=4.460e-03 lr=2.62e-04
2026-02-14 12:34:32,161 | INFO | [Inverse][square|pts=200|noise=5%] epoch=8599/11999 total=4.512e-03 pde=2.258e-04 bc=2.864e-05 data=4.000e-05 best=4.435e-03 lr=2.62e-04
2026-02-14 12:34:33,642 | INFO | [Inverse][square|pts=200|noise=5%] epoch=8699/11999 total=4.434e-03 pde=2.211e-04 bc=2.842e-05 data=3.928e-05 best=4.403e-03 lr=2.62e-04
2026-02-14 12:34:35,168 | INFO | [Inverse][square|pts=200|noise=5%] epoch=8799/11999 total=4.390e-03 pde=2.181e-04 bc=2.822e-05 data=3.890e-05 best=4.377e-03 lr=2.62e-04
2026-02-14 12:34:36,731 | INFO | [Inverse][square|pts=200|noise=5%] epoch=8899/11999 total=4.444e-03 pde=2.194e-04 bc=2.764e-05 data=3.949e-05 best=4.353e-03 lr=2.62e-04
2026-02-14 12:34:38,329 | INFO | [Inverse][square|pts=200|noise=5%] checkpoint saved at epoch=8999 -> outputs_refactor\full_matrix_rerun_20260214_112937\checkpoints\square\inverse_pts_200_noise_5_last.pth
2026-02-14 12:34:38,329 | INFO | [Inverse][square|pts=200|noise=5%] epoch=8999/11999 total=4.460e-03 pde=2.193e-04 bc=2.743e-05 data=3.966e-05 best=4.331e-03 lr=2.62e-04
2026-02-14 12:34:39,894 | INFO | [Inverse][square|pts=200|noise=5%] epoch=9099/11999 total=4.322e-03 pde=2.130e-04 bc=2.720e-05 data=3.837e-05 best=4.308e-03 lr=2.62e-04
2026-02-14 12:34:41,463 | INFO | [Inverse][square|pts=200|noise=5%] epoch=9199/11999 total=4.295e-03 pde=2.109e-04 bc=2.818e-05 data=3.802e-05 best=4.291e-03 lr=2.62e-04
2026-02-14 12:34:42,961 | INFO | [Inverse][square|pts=200|noise=5%] epoch=9299/11999 total=4.265e-03 pde=2.092e-04 bc=2.709e-05 data=3.785e-05 best=4.265e-03 lr=2.62e-04
2026-02-14 12:34:44,489 | INFO | [Inverse][square|pts=200|noise=5%] epoch=9399/11999 total=4.270e-03 pde=2.086e-04 bc=2.775e-05 data=3.784e-05 best=4.244e-03 lr=2.62e-04
2026-02-14 12:34:45,966 | INFO | [Inverse][square|pts=200|noise=5%] checkpoint saved at epoch=9499 -> outputs_refactor\full_matrix_rerun_20260214_112937\checkpoints\square\inverse_pts_200_noise_5_last.pth
2026-02-14 12:34:45,966 | INFO | [Inverse][square|pts=200|noise=5%] epoch=9499/11999 total=4.248e-03 pde=2.070e-04 bc=2.845e-05 data=3.756e-05 best=4.241e-03 lr=2.62e-04
2026-02-14 12:34:47,481 | INFO | [Inverse][square|pts=200|noise=5%] epoch=9599/11999 total=4.332e-03 pde=2.099e-04 bc=2.534e-05 data=3.868e-05 best=4.205e-03 lr=2.62e-04
2026-02-14 12:34:48,987 | INFO | [Inverse][square|pts=200|noise=5%] epoch=9699/11999 total=4.196e-03 pde=2.035e-04 bc=2.694e-05 data=3.723e-05 best=4.189e-03 lr=2.62e-04
2026-02-14 12:34:50,495 | INFO | [Inverse][square|pts=200|noise=5%] epoch=9799/11999 total=4.331e-03 pde=2.105e-04 bc=2.774e-05 data=3.843e-05 best=4.180e-03 lr=2.62e-04
2026-02-14 12:34:51,950 | INFO | [Inverse][square|pts=200|noise=5%] epoch=9899/11999 total=4.178e-03 pde=2.015e-04 bc=2.791e-05 data=3.697e-05 best=4.172e-03 lr=2.62e-04
2026-02-14 12:34:53,468 | INFO | [Inverse][square|pts=200|noise=5%] checkpoint saved at epoch=9999 -> outputs_refactor\full_matrix_rerun_20260214_112937\checkpoints\square\inverse_pts_200_noise_5_last.pth
2026-02-14 12:34:53,469 | INFO | [Inverse][square|pts=200|noise=5%] epoch=9999/11999 total=4.166e-03 pde=1.998e-04 bc=2.507e-05 data=3.715e-05 best=4.145e-03 lr=2.62e-04
2026-02-14 12:34:54,997 | INFO | [Inverse][square|pts=200|noise=5%] epoch=10099/11999 total=4.149e-03 pde=1.979e-04 bc=2.448e-05 data=3.706e-05 best=4.132e-03 lr=2.62e-04
2026-02-14 12:34:56,572 | INFO | [Inverse][square|pts=200|noise=5%] epoch=10199/11999 total=4.251e-03 pde=2.007e-04 bc=2.922e-05 data=3.758e-05 best=4.117e-03 lr=2.62e-04
2026-02-14 12:34:58,108 | INFO | [Inverse][square|pts=200|noise=5%] epoch=10299/11999 total=4.090e-03 pde=1.933e-04 bc=2.491e-05 data=3.648e-05 best=4.090e-03 lr=2.62e-04
2026-02-14 12:34:59,624 | INFO | [Inverse][square|pts=200|noise=5%] epoch=10399/11999 total=4.092e-03 pde=1.924e-04 bc=2.650e-05 data=3.635e-05 best=4.085e-03 lr=2.62e-04
2026-02-14 12:35:01,175 | INFO | [Inverse][square|pts=200|noise=5%] checkpoint saved at epoch=10499 -> outputs_refactor\full_matrix_rerun_20260214_112937\checkpoints\square\inverse_pts_200_noise_5_last.pth
2026-02-14 12:35:01,176 | INFO | [Inverse][square|pts=200|noise=5%] epoch=10499/11999 total=4.078e-03 pde=1.902e-04 bc=2.583e-05 data=3.629e-05 best=4.069e-03 lr=2.62e-04
2026-02-14 12:35:02,680 | INFO | [Inverse][square|pts=200|noise=5%] epoch=10599/11999 total=4.055e-03 pde=1.884e-04 bc=2.478e-05 data=3.619e-05 best=4.055e-03 lr=2.62e-04
2026-02-14 12:35:04,121 | INFO | [Inverse][square|pts=200|noise=5%] epoch=10699/11999 total=4.093e-03 pde=1.890e-04 bc=2.394e-05 data=3.665e-05 best=4.055e-03 lr=2.62e-04
2026-02-14 12:35:05,668 | INFO | [Inverse][square|pts=200|noise=5%] epoch=10799/11999 total=4.144e-03 pde=1.886e-04 bc=2.913e-05 data=3.664e-05 best=4.031e-03 lr=2.62e-04
2026-02-14 12:35:07,160 | INFO | [Inverse][square|pts=200|noise=5%] epoch=10899/11999 total=4.044e-03 pde=1.842e-04 bc=2.404e-05 data=3.620e-05 best=4.019e-03 lr=2.62e-04
2026-02-14 12:35:08,724 | INFO | [Inverse][square|pts=200|noise=5%] checkpoint saved at epoch=10999 -> outputs_refactor\full_matrix_rerun_20260214_112937\checkpoints\square\inverse_pts_200_noise_5_last.pth
2026-02-14 12:35:08,724 | INFO | [Inverse][square|pts=200|noise=5%] epoch=10999/11999 total=4.191e-03 pde=1.890e-04 bc=3.116e-05 data=3.690e-05 best=4.004e-03 lr=2.62e-04
2026-02-14 12:35:10,551 | INFO | [Inverse][square|pts=200|noise=5%] epoch=11099/11999 total=3.994e-03 pde=1.793e-04 bc=2.369e-05 data=3.578e-05 best=3.994e-03 lr=2.62e-04
2026-02-14 12:35:12,305 | INFO | [Inverse][square|pts=200|noise=5%] epoch=11199/11999 total=4.125e-03 pde=1.850e-04 bc=2.229e-05 data=3.717e-05 best=3.988e-03 lr=2.62e-04
2026-02-14 12:35:13,909 | INFO | [Inverse][square|pts=200|noise=5%] epoch=11299/11999 total=4.042e-03 pde=1.792e-04 bc=2.513e-05 data=3.612e-05 best=3.976e-03 lr=2.62e-04
2026-02-14 12:35:15,451 | INFO | [Inverse][square|pts=200|noise=5%] epoch=11399/11999 total=3.972e-03 pde=1.752e-04 bc=2.444e-05 data=3.553e-05 best=3.961e-03 lr=2.62e-04
2026-02-14 12:35:16,951 | INFO | [Inverse][square|pts=200|noise=5%] checkpoint saved at epoch=11499 -> outputs_refactor\full_matrix_rerun_20260214_112937\checkpoints\square\inverse_pts_200_noise_5_last.pth
2026-02-14 12:35:16,951 | INFO | [Inverse][square|pts=200|noise=5%] epoch=11499/11999 total=4.002e-03 pde=1.763e-04 bc=2.419e-05 data=3.584e-05 best=3.960e-03 lr=2.62e-04
2026-02-14 12:35:18,449 | INFO | [Inverse][square|pts=200|noise=5%] epoch=11599/11999 total=3.955e-03 pde=1.719e-04 bc=2.255e-05 data=3.558e-05 best=3.943e-03 lr=2.62e-04
2026-02-14 12:35:19,979 | INFO | [Inverse][square|pts=200|noise=5%] epoch=11699/11999 total=3.969e-03 pde=1.716e-04 bc=2.269e-05 data=3.570e-05 best=3.940e-03 lr=2.62e-04
2026-02-14 12:35:21,542 | INFO | [Inverse][square|pts=200|noise=5%] epoch=11799/11999 total=4.052e-03 pde=1.755e-04 bc=2.276e-05 data=3.649e-05 best=3.932e-03 lr=2.62e-04
2026-02-14 12:35:23,091 | INFO | [Inverse][square|pts=200|noise=5%] epoch=11899/11999 total=3.926e-03 pde=1.670e-04 bc=2.189e-05 data=3.540e-05 best=3.922e-03 lr=2.62e-04
2026-02-14 12:35:24,624 | INFO | [Inverse][square|pts=200|noise=5%] checkpoint saved at epoch=11999 -> outputs_refactor\full_matrix_rerun_20260214_112937\checkpoints\square\inverse_pts_200_noise_5_last.pth
2026-02-14 12:35:24,625 | INFO | [Inverse][square|pts=200|noise=5%] epoch=11999/11999 total=3.929e-03 pde=1.661e-04 bc=2.342e-05 data=3.528e-05 best=3.908e-03 lr=2.62e-04
2026-02-14 12:35:25,289 | INFO | [Inverse][pts_400_noise_0] start training charge=square points=400 noise=0%
2026-02-14 12:35:25,320 | INFO | [Inverse][square|pts=400|noise=0%] epoch=0/11999 total=4.179e+00 pde=1.866e-02 bc=1.871e-02 data=3.973e-02 best=4.179e+00 lr=1.00e-03
2026-02-14 12:35:27,138 | INFO | [Inverse][square|pts=400|noise=0%] epoch=99/11999 total=2.799e-01 pde=1.112e-01 bc=8.632e-04 data=1.601e-03 best=2.799e-01 lr=1.00e-03
2026-02-14 12:35:28,773 | INFO | [Inverse][square|pts=400|noise=0%] epoch=199/11999 total=1.827e-01 pde=4.163e-02 bc=9.941e-04 data=1.311e-03 best=1.813e-01 lr=1.00e-03
2026-02-14 12:35:30,334 | INFO | [Inverse][square|pts=400|noise=0%] epoch=299/11999 total=1.276e-01 pde=1.877e-02 bc=5.168e-04 data=1.037e-03 best=1.276e-01 lr=1.00e-03
2026-02-14 12:35:31,973 | INFO | [Inverse][square|pts=400|noise=0%] epoch=399/11999 total=1.209e-01 pde=1.152e-02 bc=1.386e-03 data=9.548e-04 best=9.542e-02 lr=1.00e-03
2026-02-14 12:35:33,530 | INFO | [Inverse][square|pts=400|noise=0%] checkpoint saved at epoch=499 -> outputs_refactor\full_matrix_rerun_20260214_112937\checkpoints\square\inverse_pts_400_noise_0_last.pth
2026-02-14 12:35:33,531 | INFO | [Inverse][square|pts=400|noise=0%] epoch=499/11999 total=9.334e-02 pde=9.614e-03 bc=1.023e-03 data=7.349e-04 best=7.064e-02 lr=1.00e-03
2026-02-14 12:35:35,106 | INFO | [Inverse][square|pts=400|noise=0%] epoch=599/11999 total=6.829e-02 pde=1.041e-02 bc=2.865e-04 data=5.501e-04 best=5.606e-02 lr=1.00e-03
2026-02-14 12:35:36,622 | INFO | [Inverse][square|pts=400|noise=0%] epoch=699/11999 total=5.253e-02 pde=1.063e-02 bc=2.356e-04 data=3.955e-04 best=5.054e-02 lr=1.00e-03
2026-02-14 12:35:38,149 | INFO | [Inverse][square|pts=400|noise=0%] epoch=799/11999 total=4.781e-02 pde=1.012e-02 bc=1.515e-04 data=3.618e-04 best=4.719e-02 lr=1.00e-03
2026-02-14 12:35:39,703 | INFO | [Inverse][square|pts=400|noise=0%] epoch=899/11999 total=3.923e-02 pde=9.265e-03 bc=1.369e-04 data=2.860e-04 best=3.906e-02 lr=1.00e-03
2026-02-14 12:35:41,239 | INFO | [Inverse][square|pts=400|noise=0%] checkpoint saved at epoch=999 -> outputs_refactor\full_matrix_rerun_20260214_112937\checkpoints\square\inverse_pts_400_noise_0_last.pth
2026-02-14 12:35:41,240 | INFO | [Inverse][square|pts=400|noise=0%] epoch=999/11999 total=3.526e-02 pde=8.108e-03 bc=2.101e-04 data=2.505e-04 best=3.362e-02 lr=1.00e-03
2026-02-14 12:35:42,775 | INFO | [Inverse][square|pts=400|noise=0%] epoch=1099/11999 total=3.819e-02 pde=7.279e-03 bc=3.672e-04 data=2.724e-04 best=3.032e-02 lr=1.00e-03
2026-02-14 12:35:44,412 | INFO | [Inverse][square|pts=400|noise=0%] epoch=1199/11999 total=4.151e-02 pde=6.062e-03 bc=1.080e-04 data=3.436e-04 best=2.404e-02 lr=1.00e-03
2026-02-14 12:35:45,927 | INFO | [Inverse][square|pts=400|noise=0%] epoch=1299/11999 total=2.247e-02 pde=5.054e-03 bc=9.781e-05 data=1.644e-04 best=1.959e-02 lr=1.00e-03
2026-02-14 12:35:47,376 | INFO | [Inverse][square|pts=400|noise=0%] epoch=1399/11999 total=2.128e-02 pde=4.594e-03 bc=1.037e-04 data=1.565e-04 best=1.959e-02 lr=1.00e-03
2026-02-14 12:35:48,929 | INFO | [Inverse][square|pts=400|noise=0%] checkpoint saved at epoch=1499 -> outputs_refactor\full_matrix_rerun_20260214_112937\checkpoints\square\inverse_pts_400_noise_0_last.pth
2026-02-14 12:35:48,930 | INFO | [Inverse][square|pts=400|noise=0%] epoch=1499/11999 total=2.292e-02 pde=4.297e-03 bc=1.289e-04 data=1.733e-04 best=1.619e-02 lr=1.00e-03
2026-02-14 12:35:50,467 | INFO | [Inverse][square|pts=400|noise=0%] epoch=1599/11999 total=1.694e-02 pde=3.971e-03 bc=7.566e-05 data=1.221e-04 best=1.509e-02 lr=1.00e-03
2026-02-14 12:35:51,940 | INFO | [Inverse][square|pts=400|noise=0%] epoch=1699/11999 total=1.675e-02 pde=3.704e-03 bc=8.460e-05 data=1.220e-04 best=1.501e-02 lr=1.00e-03
2026-02-14 12:35:53,485 | INFO | [Inverse][square|pts=400|noise=0%] epoch=1799/11999 total=1.565e-02 pde=3.416e-03 bc=8.394e-05 data=1.139e-04 best=1.389e-02 lr=1.00e-03
2026-02-14 12:35:55,100 | INFO | [Inverse][square|pts=400|noise=0%] epoch=1899/11999 total=1.396e-02 pde=3.107e-03 bc=7.606e-05 data=1.009e-04 best=1.359e-02 lr=1.00e-03
2026-02-14 12:35:56,685 | INFO | [Inverse][square|pts=400|noise=0%] checkpoint saved at epoch=1999 -> outputs_refactor\full_matrix_rerun_20260214_112937\checkpoints\square\inverse_pts_400_noise_0_last.pth
2026-02-14 12:35:56,686 | INFO | [Inverse][square|pts=400|noise=0%] epoch=1999/11999 total=1.350e-02 pde=2.766e-03 bc=8.170e-05 data=9.914e-05 best=1.236e-02 lr=1.00e-03
2026-02-14 12:35:58,304 | INFO | [Inverse][square|pts=400|noise=0%] epoch=2099/11999 total=4.401e-02 pde=2.739e-03 bc=4.932e-04 data=3.633e-04 best=8.366e-03 lr=1.00e-03
2026-02-14 12:35:59,767 | INFO | [Inverse][square|pts=400|noise=0%] epoch=2199/11999 total=2.791e-02 pde=2.411e-03 bc=2.957e-04 data=2.254e-04 best=8.040e-03 lr=1.00e-03
2026-02-14 12:36:01,387 | INFO | [Inverse][square|pts=400|noise=0%] epoch=2299/11999 total=1.663e-02 pde=2.154e-03 bc=9.736e-05 data=1.350e-04 best=7.588e-03 lr=1.00e-03
2026-02-14 12:36:02,865 | INFO | [Inverse][square|pts=400|noise=0%] epoch=2399/11999 total=1.209e-02 pde=1.948e-03 bc=5.920e-05 data=9.546e-05 best=7.588e-03 lr=1.00e-03
2026-02-14 12:36:04,304 | INFO | [Inverse][square|pts=400|noise=0%] checkpoint saved at epoch=2499 -> outputs_refactor\full_matrix_rerun_20260214_112937\checkpoints\square\inverse_pts_400_noise_0_last.pth
2026-02-14 12:36:04,304 | INFO | [Inverse][square|pts=400|noise=0%] epoch=2499/11999 total=9.649e-03 pde=1.840e-03 bc=4.030e-05 data=7.405e-05 best=7.588e-03 lr=1.00e-03
2026-02-14 12:36:05,827 | INFO | [Inverse][square|pts=400|noise=0%] epoch=2599/11999 total=1.160e-02 pde=1.814e-03 bc=6.140e-05 data=9.171e-05 best=7.588e-03 lr=1.00e-03
2026-02-14 12:36:07,318 | INFO | [Inverse][square|pts=400|noise=0%] epoch=2699/11999 total=1.024e-02 pde=1.728e-03 bc=5.130e-05 data=7.998e-05 best=7.588e-03 lr=1.00e-03
2026-02-14 12:36:08,820 | INFO | [Inverse][square|pts=400|noise=0%] epoch=2799/11999 total=7.316e-03 pde=1.619e-03 bc=2.912e-05 data=5.406e-05 best=7.096e-03 lr=8.00e-04
2026-02-14 12:36:10,277 | INFO | [Inverse][square|pts=400|noise=0%] epoch=2899/11999 total=8.236e-03 pde=1.586e-03 bc=3.796e-05 data=6.271e-05 best=7.096e-03 lr=8.00e-04
2026-02-14 12:36:11,794 | INFO | [Inverse][square|pts=400|noise=0%] checkpoint saved at epoch=2999 -> outputs_refactor\full_matrix_rerun_20260214_112937\checkpoints\square\inverse_pts_400_noise_0_last.pth
2026-02-14 12:36:11,794 | INFO | [Inverse][square|pts=400|noise=0%] epoch=2999/11999 total=7.979e-03 pde=1.527e-03 bc=3.751e-05 data=6.077e-05 best=7.096e-03 lr=8.00e-04
2026-02-14 12:36:13,269 | INFO | [Inverse][square|pts=400|noise=0%] epoch=3099/11999 total=7.563e-03 pde=1.465e-03 bc=3.568e-05 data=5.740e-05 best=7.096e-03 lr=8.00e-04
2026-02-14 12:36:14,729 | INFO | [Inverse][square|pts=400|noise=0%] epoch=3199/11999 total=7.049e-03 pde=1.403e-03 bc=3.301e-05 data=5.316e-05 best=7.049e-03 lr=8.00e-04
2026-02-14 12:36:16,376 | INFO | [Inverse][square|pts=400|noise=0%] epoch=3299/11999 total=6.470e-03 pde=1.339e-03 bc=3.015e-05 data=4.829e-05 best=6.470e-03 lr=8.00e-04
2026-02-14 12:36:17,980 | INFO | [Inverse][square|pts=400|noise=0%] epoch=3399/11999 total=5.881e-03 pde=1.274e-03 bc=2.777e-05 data=4.329e-05 best=5.881e-03 lr=8.00e-04
2026-02-14 12:36:19,526 | INFO | [Inverse][square|pts=400|noise=0%] checkpoint saved at epoch=3499 -> outputs_refactor\full_matrix_rerun_20260214_112937\checkpoints\square\inverse_pts_400_noise_0_last.pth
2026-02-14 12:36:19,527 | INFO | [Inverse][square|pts=400|noise=0%] epoch=3499/11999 total=6.545e-03 pde=1.239e-03 bc=3.272e-05 data=4.979e-05 best=5.588e-03 lr=8.00e-04
2026-02-14 12:36:21,001 | INFO | [Inverse][square|pts=400|noise=0%] epoch=3599/11999 total=5.740e-03 pde=1.170e-03 bc=2.834e-05 data=4.287e-05 best=5.588e-03 lr=8.00e-04
2026-02-14 12:36:22,519 | INFO | [Inverse][square|pts=400|noise=0%] epoch=3699/11999 total=2.010e-02 pde=1.185e-03 bc=2.708e-04 data=1.620e-04 best=4.573e-03 lr=8.00e-04
2026-02-14 12:36:23,966 | INFO | [Inverse][square|pts=400|noise=0%] epoch=3799/11999 total=2.729e-02 pde=1.394e-03 bc=3.950e-04 data=2.195e-04 best=4.573e-03 lr=8.00e-04
2026-02-14 12:36:25,579 | INFO | [Inverse][square|pts=400|noise=0%] epoch=3899/11999 total=1.596e-02 pde=1.278e-03 bc=7.038e-05 data=1.398e-04 best=4.569e-03 lr=8.00e-04
2026-02-14 12:36:27,057 | INFO | [Inverse][square|pts=400|noise=0%] checkpoint saved at epoch=3999 -> outputs_refactor\full_matrix_rerun_20260214_112937\checkpoints\square\inverse_pts_400_noise_0_last.pth
2026-02-14 12:36:27,058 | INFO | [Inverse][square|pts=400|noise=0%] epoch=3999/11999 total=7.286e-03 pde=1.070e-03 bc=6.713e-05 data=5.544e-05 best=4.397e-03 lr=8.00e-04
2026-02-14 12:36:28,518 | INFO | [Inverse][square|pts=400|noise=0%] epoch=4099/11999 total=8.773e-03 pde=1.060e-03 bc=7.078e-05 data=7.006e-05 best=4.397e-03 lr=8.00e-04
2026-02-14 12:36:29,959 | INFO | [Inverse][square|pts=400|noise=0%] epoch=4199/11999 total=7.047e-03 pde=1.018e-03 bc=5.518e-05 data=5.477e-05 best=4.397e-03 lr=8.00e-04
2026-02-14 12:36:31,417 | INFO | [Inverse][square|pts=400|noise=0%] epoch=4299/11999 total=6.997e-03 pde=9.886e-04 bc=5.686e-05 data=5.440e-05 best=4.397e-03 lr=8.00e-04
2026-02-14 12:36:32,873 | INFO | [Inverse][square|pts=400|noise=0%] epoch=4399/11999 total=7.550e-03 pde=9.653e-04 bc=6.478e-05 data=5.936e-05 best=4.397e-03 lr=8.00e-04
2026-02-14 12:36:34,322 | INFO | [Inverse][square|pts=400|noise=0%] checkpoint saved at epoch=4499 -> outputs_refactor\full_matrix_rerun_20260214_112937\checkpoints\square\inverse_pts_400_noise_0_last.pth
2026-02-14 12:36:34,322 | INFO | [Inverse][square|pts=400|noise=0%] epoch=4499/11999 total=5.286e-03 pde=9.107e-04 bc=4.620e-05 data=3.913e-05 best=4.397e-03 lr=6.40e-04
2026-02-14 12:36:35,806 | INFO | [Inverse][square|pts=400|noise=0%] epoch=4599/11999 total=5.334e-03 pde=8.871e-04 bc=5.206e-05 data=3.926e-05 best=4.397e-03 lr=6.40e-04
2026-02-14 12:36:37,256 | INFO | [Inverse][square|pts=400|noise=0%] epoch=4699/11999 total=5.450e-03 pde=8.640e-04 bc=5.623e-05 data=4.023e-05 best=4.397e-03 lr=6.40e-04
2026-02-14 12:36:38,711 | INFO | [Inverse][square|pts=400|noise=0%] epoch=4799/11999 total=5.602e-03 pde=8.403e-04 bc=6.042e-05 data=4.158e-05 best=4.397e-03 lr=6.40e-04
2026-02-14 12:36:40,244 | INFO | [Inverse][square|pts=400|noise=0%] epoch=4899/11999 total=5.554e-03 pde=8.120e-04 bc=6.159e-05 data=4.126e-05 best=4.223e-03 lr=6.40e-04
2026-02-14 12:36:41,727 | INFO | [Inverse][square|pts=400|noise=0%] checkpoint saved at epoch=4999 -> outputs_refactor\full_matrix_rerun_20260214_112937\checkpoints\square\inverse_pts_400_noise_0_last.pth
2026-02-14 12:36:41,728 | INFO | [Inverse][square|pts=400|noise=0%] epoch=4999/11999 total=5.837e-03 pde=8.150e-04 bc=2.360e-05 data=4.786e-05 best=3.556e-03 lr=6.40e-04
2026-02-14 12:36:43,228 | INFO | [Inverse][square|pts=400|noise=0%] epoch=5099/11999 total=5.484e-03 pde=7.829e-04 bc=2.690e-05 data=4.432e-05 best=3.556e-03 lr=6.40e-04
2026-02-14 12:36:44,756 | INFO | [Inverse][square|pts=400|noise=0%] epoch=5199/11999 total=5.072e-03 pde=7.487e-04 bc=3.112e-05 data=4.012e-05 best=3.556e-03 lr=6.40e-04
2026-02-14 12:36:46,222 | INFO | [Inverse][square|pts=400|noise=0%] epoch=5299/11999 total=4.901e-03 pde=7.205e-04 bc=3.298e-05 data=3.851e-05 best=3.556e-03 lr=6.40e-04
2026-02-14 12:36:47,701 | INFO | [Inverse][square|pts=400|noise=0%] epoch=5399/11999 total=4.975e-03 pde=7.159e-04 bc=2.139e-05 data=4.045e-05 best=3.556e-03 lr=6.40e-04
2026-02-14 12:36:49,200 | INFO | [Inverse][square|pts=400|noise=0%] checkpoint saved at epoch=5499 -> outputs_refactor\full_matrix_rerun_20260214_112937\checkpoints\square\inverse_pts_400_noise_0_last.pth
2026-02-14 12:36:49,200 | INFO | [Inverse][square|pts=400|noise=0%] epoch=5499/11999 total=8.028e-03 pde=7.253e-04 bc=1.002e-04 data=6.301e-05 best=3.193e-03 lr=5.12e-04
2026-02-14 12:36:50,687 | INFO | [Inverse][square|pts=400|noise=0%] epoch=5599/11999 total=2.930e-02 pde=1.237e-03 bc=4.023e-04 data=2.404e-04 best=3.193e-03 lr=5.12e-04
2026-02-14 12:36:52,135 | INFO | [Inverse][square|pts=400|noise=0%] epoch=5699/11999 total=4.663e-03 pde=6.628e-04 bc=6.551e-05 data=3.345e-05 best=3.136e-03 lr=5.12e-04
2026-02-14 12:36:53,611 | INFO | [Inverse][square|pts=400|noise=0%] epoch=5799/11999 total=4.337e-03 pde=6.144e-04 bc=4.286e-05 data=3.294e-05 best=3.136e-03 lr=5.12e-04
2026-02-14 12:36:55,055 | INFO | [Inverse][square|pts=400|noise=0%] epoch=5899/11999 total=4.099e-03 pde=5.931e-04 bc=4.039e-05 data=3.102e-05 best=3.136e-03 lr=5.12e-04
2026-02-14 12:36:56,619 | INFO | [Inverse][square|pts=400|noise=0%] checkpoint saved at epoch=5999 -> outputs_refactor\full_matrix_rerun_20260214_112937\checkpoints\square\inverse_pts_400_noise_0_last.pth
2026-02-14 12:36:56,619 | INFO | [Inverse][square|pts=400|noise=0%] epoch=5999/11999 total=3.864e-03 pde=5.725e-04 bc=3.810e-05 data=2.910e-05 best=3.136e-03 lr=5.12e-04
2026-02-14 12:36:58,328 | INFO | [Inverse][square|pts=400|noise=0%] epoch=6099/11999 total=4.006e-03 pde=5.614e-04 bc=3.904e-05 data=3.054e-05 best=3.136e-03 lr=5.12e-04
2026-02-14 12:37:00,159 | INFO | [Inverse][square|pts=400|noise=0%] epoch=6199/11999 total=3.116e-03 pde=5.257e-04 bc=3.075e-05 data=2.283e-05 best=3.116e-03 lr=4.10e-04
2026-02-14 12:37:01,761 | INFO | [Inverse][square|pts=400|noise=0%] epoch=6299/11999 total=3.630e-03 pde=5.273e-04 bc=3.471e-05 data=2.756e-05 best=3.025e-03 lr=4.10e-04
2026-02-14 12:37:03,297 | INFO | [Inverse][square|pts=400|noise=0%] epoch=6399/11999 total=3.288e-03 pde=5.058e-04 bc=3.173e-05 data=2.465e-05 best=3.025e-03 lr=4.10e-04
2026-02-14 12:37:04,806 | INFO | [Inverse][square|pts=400|noise=0%] checkpoint saved at epoch=6499 -> outputs_refactor\full_matrix_rerun_20260214_112937\checkpoints\square\inverse_pts_400_noise_0_last.pth
2026-02-14 12:37:04,806 | INFO | [Inverse][square|pts=400|noise=0%] epoch=6499/11999 total=3.332e-03 pde=4.953e-04 bc=3.201e-05 data=2.516e-05 best=3.025e-03 lr=4.10e-04
2026-02-14 12:37:06,286 | INFO | [Inverse][square|pts=400|noise=0%] epoch=6599/11999 total=3.312e-03 pde=4.846e-04 bc=3.110e-05 data=2.516e-05 best=3.025e-03 lr=4.10e-04
2026-02-14 12:37:07,700 | INFO | [Inverse][square|pts=400|noise=0%] epoch=6699/11999 total=3.266e-03 pde=4.707e-04 bc=3.192e-05 data=2.476e-05 best=3.025e-03 lr=4.10e-04
2026-02-14 12:37:09,143 | INFO | [Inverse][square|pts=400|noise=0%] epoch=6799/11999 total=2.974e-03 pde=4.483e-04 bc=3.281e-05 data=2.197e-05 best=2.774e-03 lr=3.28e-04
2026-02-14 12:37:10,611 | INFO | [Inverse][square|pts=400|noise=0%] epoch=6899/11999 total=2.885e-03 pde=4.347e-04 bc=3.373e-05 data=2.113e-05 best=2.774e-03 lr=3.28e-04
2026-02-14 12:37:12,083 | INFO | [Inverse][square|pts=400|noise=0%] checkpoint saved at epoch=6999 -> outputs_refactor\full_matrix_rerun_20260214_112937\checkpoints\square\inverse_pts_400_noise_0_last.pth
2026-02-14 12:37:12,083 | INFO | [Inverse][square|pts=400|noise=0%] epoch=6999/11999 total=2.809e-03 pde=4.224e-04 bc=3.434e-05 data=2.044e-05 best=2.736e-03 lr=3.28e-04
2026-02-14 12:37:13,626 | INFO | [Inverse][square|pts=400|noise=0%] epoch=7099/11999 total=2.745e-03 pde=4.113e-04 bc=3.482e-05 data=1.986e-05 best=2.674e-03 lr=3.28e-04
2026-02-14 12:37:15,170 | INFO | [Inverse][square|pts=400|noise=0%] epoch=7199/11999 total=2.703e-03 pde=4.011e-04 bc=3.538e-05 data=1.948e-05 best=2.629e-03 lr=3.28e-04
2026-02-14 12:37:16,650 | INFO | [Inverse][square|pts=400|noise=0%] epoch=7299/11999 total=2.372e-03 pde=3.882e-04 bc=2.862e-05 data=1.698e-05 best=2.321e-03 lr=3.28e-04
2026-02-14 12:37:18,082 | INFO | [Inverse][square|pts=400|noise=0%] epoch=7399/11999 total=3.053e-03 pde=3.987e-04 bc=3.877e-05 data=2.267e-05 best=2.316e-03 lr=3.28e-04
2026-02-14 12:37:19,506 | INFO | [Inverse][square|pts=400|noise=0%] checkpoint saved at epoch=7499 -> outputs_refactor\full_matrix_rerun_20260214_112937\checkpoints\square\inverse_pts_400_noise_0_last.pth
2026-02-14 12:37:19,506 | INFO | [Inverse][square|pts=400|noise=0%] epoch=7499/11999 total=2.609e-03 pde=3.822e-04 bc=3.305e-05 data=1.897e-05 best=2.316e-03 lr=3.28e-04
2026-02-14 12:37:20,950 | INFO | [Inverse][square|pts=400|noise=0%] epoch=7599/11999 total=2.795e-03 pde=3.815e-04 bc=3.539e-05 data=2.060e-05 best=2.316e-03 lr=3.28e-04
2026-02-14 12:37:22,352 | INFO | [Inverse][square|pts=400|noise=0%] epoch=7699/11999 total=2.727e-03 pde=3.744e-04 bc=3.521e-05 data=2.000e-05 best=2.316e-03 lr=3.28e-04
2026-02-14 12:37:23,748 | INFO | [Inverse][square|pts=400|noise=0%] epoch=7799/11999 total=2.530e-03 pde=3.646e-04 bc=3.421e-05 data=1.823e-05 best=2.316e-03 lr=3.28e-04
2026-02-14 12:37:25,180 | INFO | [Inverse][square|pts=400|noise=0%] epoch=7899/11999 total=2.402e-03 pde=3.577e-04 bc=3.269e-05 data=1.717e-05 best=2.316e-03 lr=2.62e-04
2026-02-14 12:37:26,595 | INFO | [Inverse][square|pts=400|noise=0%] checkpoint saved at epoch=7999 -> outputs_refactor\full_matrix_rerun_20260214_112937\checkpoints\square\inverse_pts_400_noise_0_last.pth
2026-02-14 12:37:26,596 | INFO | [Inverse][square|pts=400|noise=0%] epoch=7999/11999 total=2.470e-03 pde=3.554e-04 bc=3.418e-05 data=1.773e-05 best=2.306e-03 lr=2.62e-04
2026-02-14 12:37:28,054 | INFO | [Inverse][square|pts=400|noise=0%] epoch=8099/11999 total=2.354e-03 pde=3.490e-04 bc=3.269e-05 data=1.678e-05 best=2.286e-03 lr=2.62e-04
2026-02-14 12:37:29,554 | INFO | [Inverse][square|pts=400|noise=0%] epoch=8199/11999 total=2.307e-03 pde=3.440e-04 bc=3.236e-05 data=1.640e-05 best=2.261e-03 lr=2.62e-04
2026-02-14 12:37:31,052 | INFO | [Inverse][square|pts=400|noise=0%] epoch=8299/11999 total=2.304e-03 pde=3.398e-04 bc=3.298e-05 data=1.635e-05 best=2.231e-03 lr=2.62e-04
2026-02-14 12:37:32,547 | INFO | [Inverse][square|pts=400|noise=0%] epoch=8399/11999 total=2.279e-03 pde=3.349e-04 bc=3.320e-05 data=1.612e-05 best=2.206e-03 lr=2.62e-04
2026-02-14 12:37:34,029 | INFO | [Inverse][square|pts=400|noise=0%] checkpoint saved at epoch=8499 -> outputs_refactor\full_matrix_rerun_20260214_112937\checkpoints\square\inverse_pts_400_noise_0_last.pth
2026-02-14 12:37:34,029 | INFO | [Inverse][square|pts=400|noise=0%] epoch=8499/11999 total=2.249e-03 pde=3.300e-04 bc=3.331e-05 data=1.586e-05 best=2.183e-03 lr=2.62e-04
2026-02-14 12:37:35,570 | INFO | [Inverse][square|pts=400|noise=0%] epoch=8599/11999 total=2.236e-03 pde=3.253e-04 bc=3.368e-05 data=1.574e-05 best=2.172e-03 lr=2.62e-04
2026-02-14 12:37:37,097 | INFO | [Inverse][square|pts=400|noise=0%] epoch=8699/11999 total=2.214e-03 pde=3.206e-04 bc=3.387e-05 data=1.555e-05 best=2.147e-03 lr=2.62e-04
2026-02-14 12:37:38,509 | INFO | [Inverse][square|pts=400|noise=0%] epoch=8799/11999 total=2.202e-03 pde=3.161e-04 bc=3.414e-05 data=1.545e-05 best=2.136e-03 lr=2.62e-04
2026-02-14 12:37:39,979 | INFO | [Inverse][square|pts=400|noise=0%] epoch=8899/11999 total=2.172e-03 pde=3.113e-04 bc=3.403e-05 data=1.520e-05 best=2.102e-03 lr=2.62e-04
2026-02-14 12:37:41,632 | INFO | [Inverse][square|pts=400|noise=0%] checkpoint saved at epoch=8999 -> outputs_refactor\full_matrix_rerun_20260214_112937\checkpoints\square\inverse_pts_400_noise_0_last.pth
2026-02-14 12:37:41,633 | INFO | [Inverse][square|pts=400|noise=0%] epoch=8999/11999 total=1.865e-03 pde=3.011e-04 bc=2.662e-05 data=1.298e-05 best=1.865e-03 lr=2.62e-04
2026-02-14 12:37:43,459 | INFO | [Inverse][square|pts=400|noise=0%] epoch=9099/11999 total=1.840e-03 pde=2.964e-04 bc=2.646e-05 data=1.279e-05 best=1.840e-03 lr=2.62e-04
2026-02-14 12:37:45,050 | INFO | [Inverse][square|pts=400|noise=0%] epoch=9199/11999 total=3.205e-03 pde=3.608e-04 bc=2.911e-05 data=2.553e-05 best=1.824e-03 lr=2.62e-04
2026-02-14 12:37:46,486 | INFO | [Inverse][square|pts=400|noise=0%] epoch=9299/11999 total=1.818e-03 pde=2.889e-04 bc=2.553e-05 data=1.274e-05 best=1.808e-03 lr=2.62e-04
2026-02-14 12:37:48,190 | INFO | [Inverse][square|pts=400|noise=0%] epoch=9399/11999 total=1.782e-03 pde=2.845e-04 bc=2.611e-05 data=1.237e-05 best=1.782e-03 lr=2.62e-04
2026-02-14 12:37:49,999 | INFO | [Inverse][square|pts=400|noise=0%] checkpoint saved at epoch=9499 -> outputs_refactor\full_matrix_rerun_20260214_112937\checkpoints\square\inverse_pts_400_noise_0_last.pth
2026-02-14 12:37:50,000 | INFO | [Inverse][square|pts=400|noise=0%] epoch=9499/11999 total=1.759e-03 pde=2.801e-04 bc=2.599e-05 data=1.219e-05 best=1.759e-03 lr=2.62e-04
2026-02-14 12:37:51,551 | INFO | [Inverse][square|pts=400|noise=0%] epoch=9599/11999 total=4.718e-03 pde=3.958e-04 bc=8.010e-05 data=3.522e-05 best=1.743e-03 lr=2.62e-04
2026-02-14 12:37:52,987 | INFO | [Inverse][square|pts=400|noise=0%] epoch=9699/11999 total=2.775e-03 pde=3.244e-04 bc=2.359e-05 data=2.215e-05 best=1.743e-03 lr=2.62e-04
2026-02-14 12:37:54,390 | INFO | [Inverse][square|pts=400|noise=0%] epoch=9799/11999 total=1.745e-03 pde=2.704e-04 bc=2.573e-05 data=1.218e-05 best=1.723e-03 lr=2.62e-04
2026-02-14 12:37:56,057 | INFO | [Inverse][square|pts=400|noise=0%] epoch=9899/11999 total=1.700e-03 pde=2.669e-04 bc=2.560e-05 data=1.177e-05 best=1.700e-03 lr=2.62e-04
2026-02-14 12:37:57,886 | INFO | [Inverse][square|pts=400|noise=0%] checkpoint saved at epoch=9999 -> outputs_refactor\full_matrix_rerun_20260214_112937\checkpoints\square\inverse_pts_400_noise_0_last.pth
2026-02-14 12:37:57,886 | INFO | [Inverse][square|pts=400|noise=0%] epoch=9999/11999 total=1.680e-03 pde=2.630e-04 bc=2.549e-05 data=1.162e-05 best=1.680e-03 lr=2.62e-04
2026-02-14 12:37:59,653 | INFO | [Inverse][square|pts=400|noise=0%] epoch=10099/11999 total=1.661e-03 pde=2.590e-04 bc=2.507e-05 data=1.151e-05 best=1.660e-03 lr=2.62e-04
2026-02-14 12:38:01,095 | INFO | [Inverse][square|pts=400|noise=0%] epoch=10199/11999 total=1.746e-03 pde=2.587e-04 bc=2.973e-05 data=1.190e-05 best=1.646e-03 lr=2.62e-04
2026-02-14 12:38:02,528 | INFO | [Inverse][square|pts=400|noise=0%] epoch=10299/11999 total=1.649e-03 pde=2.516e-04 bc=2.496e-05 data=1.147e-05 best=1.630e-03 lr=2.62e-04
2026-02-14 12:38:03,996 | INFO | [Inverse][square|pts=400|noise=0%] epoch=10399/11999 total=1.615e-03 pde=2.474e-04 bc=2.546e-05 data=1.113e-05 best=1.608e-03 lr=2.62e-04
2026-02-14 12:38:05,452 | INFO | [Inverse][square|pts=400|noise=0%] checkpoint saved at epoch=10499 -> outputs_refactor\full_matrix_rerun_20260214_112937\checkpoints\square\inverse_pts_400_noise_0_last.pth
2026-02-14 12:38:05,453 | INFO | [Inverse][square|pts=400|noise=0%] epoch=10499/11999 total=1.748e-03 pde=2.495e-04 bc=2.444e-05 data=1.254e-05 best=1.595e-03 lr=2.62e-04
2026-02-14 12:38:06,883 | INFO | [Inverse][square|pts=400|noise=0%] epoch=10599/11999 total=1.596e-03 pde=2.413e-04 bc=2.561e-05 data=1.098e-05 best=1.588e-03 lr=2.62e-04
2026-02-14 12:38:08,346 | INFO | [Inverse][square|pts=400|noise=0%] epoch=10699/11999 total=1.627e-03 pde=2.400e-04 bc=2.792e-05 data=1.108e-05 best=1.563e-03 lr=2.62e-04
2026-02-14 12:38:09,766 | INFO | [Inverse][square|pts=400|noise=0%] epoch=10799/11999 total=1.679e-03 pde=2.395e-04 bc=2.894e-05 data=1.150e-05 best=1.554e-03 lr=2.62e-04
2026-02-14 12:38:11,185 | INFO | [Inverse][square|pts=400|noise=0%] epoch=10899/11999 total=1.730e-03 pde=2.387e-04 bc=2.503e-05 data=1.241e-05 best=1.541e-03 lr=2.62e-04
2026-02-14 12:38:12,630 | INFO | [Inverse][square|pts=400|noise=0%] checkpoint saved at epoch=10999 -> outputs_refactor\full_matrix_rerun_20260214_112937\checkpoints\square\inverse_pts_400_noise_0_last.pth
2026-02-14 12:38:12,630 | INFO | [Inverse][square|pts=400|noise=0%] epoch=10999/11999 total=1.526e-03 pde=2.297e-04 bc=2.369e-05 data=1.060e-05 best=1.526e-03 lr=2.62e-04
2026-02-14 12:38:14,112 | INFO | [Inverse][square|pts=400|noise=0%] epoch=11099/11999 total=1.684e-03 pde=2.330e-04 bc=3.024e-05 data=1.149e-05 best=1.515e-03 lr=2.62e-04
2026-02-14 12:38:15,636 | INFO | [Inverse][square|pts=400|noise=0%] epoch=11199/11999 total=1.651e-03 pde=2.310e-04 bc=2.224e-05 data=1.198e-05 best=1.509e-03 lr=2.62e-04
2026-02-14 12:38:17,077 | INFO | [Inverse][square|pts=400|noise=0%] epoch=11299/11999 total=1.581e-03 pde=2.260e-04 bc=2.235e-05 data=1.132e-05 best=1.497e-03 lr=2.62e-04
2026-02-14 12:38:18,525 | INFO | [Inverse][square|pts=400|noise=0%] epoch=11399/11999 total=1.545e-03 pde=2.225e-04 bc=2.762e-05 data=1.046e-05 best=1.483e-03 lr=2.62e-04
2026-02-14 12:38:19,973 | INFO | [Inverse][square|pts=400|noise=0%] checkpoint saved at epoch=11499 -> outputs_refactor\full_matrix_rerun_20260214_112937\checkpoints\square\inverse_pts_400_noise_0_last.pth
2026-02-14 12:38:19,974 | INFO | [Inverse][square|pts=400|noise=0%] epoch=11499/11999 total=1.536e-03 pde=2.213e-04 bc=2.127e-05 data=1.102e-05 best=1.483e-03 lr=2.62e-04
2026-02-14 12:38:21,432 | INFO | [Inverse][square|pts=400|noise=0%] epoch=11599/11999 total=1.519e-03 pde=2.170e-04 bc=2.543e-05 data=1.047e-05 best=1.475e-03 lr=2.62e-04
2026-02-14 12:38:22,894 | INFO | [Inverse][square|pts=400|noise=0%] epoch=11699/11999 total=1.602e-03 pde=2.174e-04 bc=2.669e-05 data=1.117e-05 best=1.464e-03 lr=2.62e-04
2026-02-14 12:38:24,334 | INFO | [Inverse][square|pts=400|noise=0%] epoch=11799/11999 total=1.465e-03 pde=2.115e-04 bc=2.448e-05 data=1.008e-05 best=1.445e-03 lr=2.62e-04
2026-02-14 12:38:25,769 | INFO | [Inverse][square|pts=400|noise=0%] epoch=11899/11999 total=1.687e-03 pde=2.197e-04 bc=2.183e-05 data=1.249e-05 best=1.443e-03 lr=2.62e-04
2026-02-14 12:38:27,207 | INFO | [Inverse][square|pts=400|noise=0%] checkpoint saved at epoch=11999 -> outputs_refactor\full_matrix_rerun_20260214_112937\checkpoints\square\inverse_pts_400_noise_0_last.pth
2026-02-14 12:38:27,207 | INFO | [Inverse][square|pts=400|noise=0%] epoch=11999/11999 total=1.673e-03 pde=2.111e-04 bc=2.210e-05 data=1.241e-05 best=1.434e-03 lr=2.62e-04
2026-02-14 12:38:27,778 | INFO | [Inverse][pts_400_noise_1] start training charge=square points=400 noise=1%
2026-02-14 12:38:27,802 | INFO | [Inverse][square|pts=400|noise=1%] epoch=0/11999 total=8.192e+00 pde=5.495e-02 bc=8.854e-02 data=7.252e-02 best=8.192e+00 lr=1.00e-03
2026-02-14 12:38:29,486 | INFO | [Inverse][square|pts=400|noise=1%] epoch=99/11999 total=3.272e-01 pde=1.824e-01 bc=7.316e-04 data=1.375e-03 best=3.272e-01 lr=1.00e-03
2026-02-14 12:38:31,007 | INFO | [Inverse][square|pts=400|noise=1%] epoch=199/11999 total=2.441e-01 pde=7.904e-02 bc=1.071e-03 data=1.544e-03 best=2.346e-01 lr=1.00e-03
2026-02-14 12:38:32,593 | INFO | [Inverse][square|pts=400|noise=1%] epoch=299/11999 total=1.877e-01 pde=4.274e-02 bc=1.175e-03 data=1.332e-03 best=1.830e-01 lr=1.00e-03
2026-02-14 12:38:34,083 | INFO | [Inverse][square|pts=400|noise=1%] epoch=399/11999 total=1.497e-01 pde=2.928e-02 bc=6.158e-04 data=1.143e-03 best=1.497e-01 lr=1.00e-03
2026-02-14 12:38:35,660 | INFO | [Inverse][square|pts=400|noise=1%] checkpoint saved at epoch=499 -> outputs_refactor\full_matrix_rerun_20260214_112937\checkpoints\square\inverse_pts_400_noise_1_last.pth
2026-02-14 12:38:35,660 | INFO | [Inverse][square|pts=400|noise=1%] epoch=499/11999 total=1.178e-01 pde=1.808e-02 bc=3.893e-04 data=9.583e-04 best=1.175e-01 lr=1.00e-03
2026-02-14 12:38:37,248 | INFO | [Inverse][square|pts=400|noise=1%] epoch=599/11999 total=9.764e-02 pde=1.381e-02 bc=2.957e-04 data=8.087e-04 best=9.695e-02 lr=1.00e-03
2026-02-14 12:38:38,776 | INFO | [Inverse][square|pts=400|noise=1%] epoch=699/11999 total=9.368e-02 pde=1.088e-02 bc=8.074e-04 data=7.473e-04 best=7.987e-02 lr=1.00e-03
2026-02-14 12:38:40,238 | INFO | [Inverse][square|pts=400|noise=1%] epoch=799/11999 total=8.280e-02 pde=9.507e-03 bc=3.489e-04 data=6.981e-04 best=7.078e-02 lr=1.00e-03
2026-02-14 12:38:41,662 | INFO | [Inverse][square|pts=400|noise=1%] epoch=899/11999 total=6.563e-02 pde=9.847e-03 bc=5.209e-04 data=5.057e-04 best=6.137e-02 lr=1.00e-03
2026-02-14 12:38:43,110 | INFO | [Inverse][square|pts=400|noise=1%] checkpoint saved at epoch=999 -> outputs_refactor\full_matrix_rerun_20260214_112937\checkpoints\square\inverse_pts_400_noise_1_last.pth
2026-02-14 12:38:43,111 | INFO | [Inverse][square|pts=400|noise=1%] epoch=999/11999 total=7.501e-02 pde=9.803e-03 bc=3.731e-04 data=6.147e-04 best=5.379e-02 lr=1.00e-03
2026-02-14 12:38:44,533 | INFO | [Inverse][square|pts=400|noise=1%] epoch=1099/11999 total=5.771e-02 pde=1.028e-02 bc=1.388e-04 data=4.604e-04 best=4.881e-02 lr=1.00e-03
2026-02-14 12:38:45,943 | INFO | [Inverse][square|pts=400|noise=1%] epoch=1199/11999 total=4.763e-02 pde=1.086e-02 bc=3.434e-04 data=3.334e-04 best=4.680e-02 lr=1.00e-03
2026-02-14 12:38:47,460 | INFO | [Inverse][square|pts=400|noise=1%] epoch=1299/11999 total=4.402e-02 pde=1.046e-02 bc=3.172e-04 data=3.039e-04 best=4.113e-02 lr=1.00e-03
2026-02-14 12:38:48,966 | INFO | [Inverse][square|pts=400|noise=1%] epoch=1399/11999 total=3.935e-02 pde=9.750e-03 bc=2.869e-04 data=2.673e-04 best=3.782e-02 lr=1.00e-03
2026-02-14 12:38:50,456 | INFO | [Inverse][square|pts=400|noise=1%] checkpoint saved at epoch=1499 -> outputs_refactor\full_matrix_rerun_20260214_112937\checkpoints\square\inverse_pts_400_noise_1_last.pth
2026-02-14 12:38:50,456 | INFO | [Inverse][square|pts=400|noise=1%] epoch=1499/11999 total=3.786e-02 pde=8.638e-03 bc=2.051e-04 data=2.717e-04 best=3.307e-02 lr=1.00e-03
2026-02-14 12:38:51,921 | INFO | [Inverse][square|pts=400|noise=1%] epoch=1599/11999 total=3.343e-02 pde=7.753e-03 bc=1.960e-04 data=2.372e-04 best=3.146e-02 lr=1.00e-03
2026-02-14 12:38:53,367 | INFO | [Inverse][square|pts=400|noise=1%] epoch=1699/11999 total=3.438e-02 pde=6.847e-03 bc=2.171e-04 data=2.537e-04 best=2.952e-02 lr=1.00e-03
2026-02-14 12:38:54,835 | INFO | [Inverse][square|pts=400|noise=1%] epoch=1799/11999 total=2.837e-02 pde=6.271e-03 bc=1.538e-04 data=2.056e-04 best=2.667e-02 lr=1.00e-03
2026-02-14 12:38:56,279 | INFO | [Inverse][square|pts=400|noise=1%] epoch=1899/11999 total=2.536e-02 pde=5.905e-03 bc=1.715e-04 data=1.774e-04 best=2.340e-02 lr=1.00e-03
2026-02-14 12:38:57,716 | INFO | [Inverse][square|pts=400|noise=1%] checkpoint saved at epoch=1999 -> outputs_refactor\full_matrix_rerun_20260214_112937\checkpoints\square\inverse_pts_400_noise_1_last.pth
2026-02-14 12:38:57,716 | INFO | [Inverse][square|pts=400|noise=1%] epoch=1999/11999 total=2.632e-02 pde=5.244e-03 bc=1.125e-04 data=1.996e-04 best=2.244e-02 lr=1.00e-03
2026-02-14 12:38:59,170 | INFO | [Inverse][square|pts=400|noise=1%] epoch=2099/11999 total=2.151e-02 pde=4.513e-03 bc=9.781e-05 data=1.602e-04 best=1.878e-02 lr=1.00e-03
2026-02-14 12:39:00,641 | INFO | [Inverse][square|pts=400|noise=1%] epoch=2199/11999 total=1.963e-02 pde=3.768e-03 bc=6.291e-05 data=1.523e-04 best=1.401e-02 lr=1.00e-03
2026-02-14 12:39:02,093 | INFO | [Inverse][square|pts=400|noise=1%] epoch=2299/11999 total=1.714e-02 pde=3.483e-03 bc=6.044e-05 data=1.306e-04 best=1.331e-02 lr=1.00e-03
2026-02-14 12:39:03,525 | INFO | [Inverse][square|pts=400|noise=1%] epoch=2399/11999 total=1.854e-02 pde=3.018e-03 bc=1.387e-04 data=1.413e-04 best=1.322e-02 lr=1.00e-03
2026-02-14 12:39:05,013 | INFO | [Inverse][square|pts=400|noise=1%] checkpoint saved at epoch=2499 -> outputs_refactor\full_matrix_rerun_20260214_112937\checkpoints\square\inverse_pts_400_noise_1_last.pth
2026-02-14 12:39:05,014 | INFO | [Inverse][square|pts=400|noise=1%] epoch=2499/11999 total=1.699e-02 pde=2.679e-03 bc=1.368e-04 data=1.295e-04 best=1.189e-02 lr=1.00e-03
2026-02-14 12:39:06,460 | INFO | [Inverse][square|pts=400|noise=1%] epoch=2599/11999 total=1.451e-02 pde=2.299e-03 bc=1.171e-04 data=1.104e-04 best=1.104e-02 lr=1.00e-03
2026-02-14 12:39:07,904 | INFO | [Inverse][square|pts=400|noise=1%] epoch=2699/11999 total=1.503e-02 pde=1.992e-03 bc=1.459e-04 data=1.158e-04 best=1.038e-02 lr=1.00e-03
2026-02-14 12:39:09,372 | INFO | [Inverse][square|pts=400|noise=1%] epoch=2799/11999 total=1.301e-02 pde=1.743e-03 bc=1.317e-04 data=9.947e-05 best=8.879e-03 lr=1.00e-03
2026-02-14 12:39:10,804 | INFO | [Inverse][square|pts=400|noise=1%] epoch=2899/11999 total=1.169e-02 pde=1.567e-03 bc=1.214e-04 data=8.911e-05 best=8.637e-03 lr=1.00e-03
2026-02-14 12:39:12,226 | INFO | [Inverse][square|pts=400|noise=1%] checkpoint saved at epoch=2999 -> outputs_refactor\full_matrix_rerun_20260214_112937\checkpoints\square\inverse_pts_400_noise_1_last.pth
2026-02-14 12:39:12,226 | INFO | [Inverse][square|pts=400|noise=1%] epoch=2999/11999 total=1.074e-02 pde=1.423e-03 bc=1.157e-04 data=8.160e-05 best=8.637e-03 lr=1.00e-03
2026-02-14 12:39:13,626 | INFO | [Inverse][square|pts=400|noise=1%] epoch=3099/11999 total=1.107e-02 pde=1.323e-03 bc=1.075e-04 data=8.674e-05 best=8.637e-03 lr=1.00e-03
2026-02-14 12:39:15,127 | INFO | [Inverse][square|pts=400|noise=1%] epoch=3199/11999 total=5.578e-03 pde=1.150e-03 bc=3.881e-05 data=4.040e-05 best=5.578e-03 lr=1.00e-03
2026-02-14 12:39:16,521 | INFO | [Inverse][square|pts=400|noise=1%] epoch=3299/11999 total=2.559e-02 pde=1.454e-03 bc=3.537e-04 data=2.060e-04 best=5.578e-03 lr=1.00e-03
2026-02-14 12:39:17,947 | INFO | [Inverse][square|pts=400|noise=1%] epoch=3399/11999 total=6.707e-03 pde=1.058e-03 bc=5.885e-05 data=5.060e-05 best=5.578e-03 lr=1.00e-03
2026-02-14 12:39:19,377 | INFO | [Inverse][square|pts=400|noise=1%] checkpoint saved at epoch=3499 -> outputs_refactor\full_matrix_rerun_20260214_112937\checkpoints\square\inverse_pts_400_noise_1_last.pth
2026-02-14 12:39:19,378 | INFO | [Inverse][square|pts=400|noise=1%] epoch=3499/11999 total=1.936e-02 pde=1.086e-03 bc=2.573e-04 data=1.570e-04 best=5.235e-03 lr=1.00e-03
2026-02-14 12:39:20,792 | INFO | [Inverse][square|pts=400|noise=1%] epoch=3599/11999 total=2.405e-02 pde=1.122e-03 bc=3.417e-04 data=1.951e-04 best=5.235e-03 lr=1.00e-03
2026-02-14 12:39:22,201 | INFO | [Inverse][square|pts=400|noise=1%] epoch=3699/11999 total=7.869e-03 pde=9.944e-04 bc=6.748e-05 data=6.200e-05 best=5.157e-03 lr=1.00e-03
2026-02-14 12:39:23,592 | INFO | [Inverse][square|pts=400|noise=1%] epoch=3799/11999 total=8.506e-03 pde=9.779e-04 bc=3.614e-05 data=7.167e-05 best=5.157e-03 lr=1.00e-03
2026-02-14 12:39:25,024 | INFO | [Inverse][square|pts=400|noise=1%] epoch=3899/11999 total=8.759e-03 pde=9.596e-04 bc=4.059e-05 data=7.394e-05 best=5.157e-03 lr=1.00e-03
2026-02-14 12:39:26,454 | INFO | [Inverse][square|pts=400|noise=1%] checkpoint saved at epoch=3999 -> outputs_refactor\full_matrix_rerun_20260214_112937\checkpoints\square\inverse_pts_400_noise_1_last.pth
2026-02-14 12:39:26,454 | INFO | [Inverse][square|pts=400|noise=1%] epoch=3999/11999 total=7.318e-03 pde=9.158e-04 bc=3.463e-05 data=6.056e-05 best=5.157e-03 lr=1.00e-03
2026-02-14 12:39:27,869 | INFO | [Inverse][square|pts=400|noise=1%] epoch=4099/11999 total=6.869e-03 pde=8.867e-04 bc=3.201e-05 data=5.662e-05 best=5.157e-03 lr=1.00e-03
2026-02-14 12:39:29,279 | INFO | [Inverse][square|pts=400|noise=1%] epoch=4199/11999 total=6.066e-03 pde=8.550e-04 bc=2.371e-05 data=4.974e-05 best=4.965e-03 lr=8.00e-04
2026-02-14 12:39:30,688 | INFO | [Inverse][square|pts=400|noise=1%] epoch=4299/11999 total=6.366e-03 pde=8.079e-04 bc=6.747e-05 data=4.883e-05 best=4.570e-03 lr=8.00e-04
2026-02-14 12:39:32,108 | INFO | [Inverse][square|pts=400|noise=1%] epoch=4399/11999 total=4.768e-03 pde=7.822e-04 bc=4.785e-05 data=3.507e-05 best=4.570e-03 lr=8.00e-04
2026-02-14 12:39:33,519 | INFO | [Inverse][square|pts=400|noise=1%] checkpoint saved at epoch=4499 -> outputs_refactor\full_matrix_rerun_20260214_112937\checkpoints\square\inverse_pts_400_noise_1_last.pth
2026-02-14 12:39:33,519 | INFO | [Inverse][square|pts=400|noise=1%] epoch=4499/11999 total=5.775e-03 pde=7.681e-04 bc=6.341e-05 data=4.372e-05 best=4.570e-03 lr=8.00e-04
2026-02-14 12:39:34,947 | INFO | [Inverse][square|pts=400|noise=1%] epoch=4599/11999 total=4.911e-03 pde=7.366e-04 bc=5.290e-05 data=3.645e-05 best=4.570e-03 lr=8.00e-04
2026-02-14 12:39:36,349 | INFO | [Inverse][square|pts=400|noise=1%] epoch=4699/11999 total=5.596e-03 pde=7.169e-04 bc=6.424e-05 data=4.236e-05 best=4.570e-03 lr=8.00e-04
2026-02-14 12:39:37,769 | INFO | [Inverse][square|pts=400|noise=1%] epoch=4799/11999 total=4.782e-03 pde=6.825e-04 bc=5.351e-05 data=3.564e-05 best=4.303e-03 lr=6.40e-04
2026-02-14 12:39:39,193 | INFO | [Inverse][square|pts=400|noise=1%] epoch=4899/11999 total=4.623e-03 pde=6.554e-04 bc=5.196e-05 data=3.448e-05 best=4.303e-03 lr=6.40e-04
2026-02-14 12:39:40,621 | INFO | [Inverse][square|pts=400|noise=1%] checkpoint saved at epoch=4999 -> outputs_refactor\full_matrix_rerun_20260214_112937\checkpoints\square\inverse_pts_400_noise_1_last.pth
2026-02-14 12:39:40,622 | INFO | [Inverse][square|pts=400|noise=1%] epoch=4999/11999 total=4.395e-03 pde=6.280e-04 bc=4.976e-05 data=3.269e-05 best=4.303e-03 lr=6.40e-04
2026-02-14 12:39:42,048 | INFO | [Inverse][square|pts=400|noise=1%] epoch=5099/11999 total=4.331e-03 pde=6.011e-04 bc=5.057e-05 data=3.224e-05 best=4.303e-03 lr=6.40e-04
2026-02-14 12:39:43,473 | INFO | [Inverse][square|pts=400|noise=1%] epoch=5199/11999 total=4.312e-03 pde=5.754e-04 bc=5.286e-05 data=3.208e-05 best=4.303e-03 lr=6.40e-04
2026-02-14 12:39:45,024 | INFO | [Inverse][square|pts=400|noise=1%] epoch=5299/11999 total=4.156e-03 pde=5.518e-04 bc=5.315e-05 data=3.073e-05 best=4.156e-03 lr=6.40e-04
2026-02-14 12:39:46,562 | INFO | [Inverse][square|pts=400|noise=1%] epoch=5399/11999 total=3.904e-03 pde=5.299e-04 bc=5.144e-05 data=2.860e-05 best=3.904e-03 lr=6.40e-04
2026-02-14 12:39:48,103 | INFO | [Inverse][square|pts=400|noise=1%] checkpoint saved at epoch=5499 -> outputs_refactor\full_matrix_rerun_20260214_112937\checkpoints\square\inverse_pts_400_noise_1_last.pth
2026-02-14 12:39:48,104 | INFO | [Inverse][square|pts=400|noise=1%] epoch=5499/11999 total=3.596e-03 pde=5.088e-04 bc=4.829e-05 data=2.604e-05 best=3.596e-03 lr=6.40e-04
2026-02-14 12:39:49,591 | INFO | [Inverse][square|pts=400|noise=1%] epoch=5599/11999 total=9.772e-03 pde=7.176e-04 bc=8.968e-05 data=8.158e-05 best=3.129e-03 lr=6.40e-04
2026-02-14 12:39:51,027 | INFO | [Inverse][square|pts=400|noise=1%] epoch=5699/11999 total=4.506e-03 pde=5.133e-04 bc=6.669e-05 data=3.326e-05 best=3.050e-03 lr=6.40e-04
2026-02-14 12:39:52,448 | INFO | [Inverse][square|pts=400|noise=1%] epoch=5799/11999 total=4.091e-03 pde=4.794e-04 bc=5.836e-05 data=3.028e-05 best=3.050e-03 lr=6.40e-04
2026-02-14 12:39:53,869 | INFO | [Inverse][square|pts=400|noise=1%] epoch=5899/11999 total=3.963e-03 pde=4.664e-04 bc=5.506e-05 data=2.946e-05 best=3.050e-03 lr=6.40e-04
2026-02-14 12:39:55,302 | INFO | [Inverse][square|pts=400|noise=1%] checkpoint saved at epoch=5999 -> outputs_refactor\full_matrix_rerun_20260214_112937\checkpoints\square\inverse_pts_400_noise_1_last.pth
2026-02-14 12:39:55,302 | INFO | [Inverse][square|pts=400|noise=1%] epoch=5999/11999 total=3.931e-03 pde=4.579e-04 bc=5.587e-05 data=2.915e-05 best=3.050e-03 lr=6.40e-04
2026-02-14 12:39:56,719 | INFO | [Inverse][square|pts=400|noise=1%] epoch=6099/11999 total=3.847e-03 pde=4.500e-04 bc=5.869e-05 data=2.811e-05 best=3.050e-03 lr=6.40e-04
2026-02-14 12:39:58,155 | INFO | [Inverse][square|pts=400|noise=1%] epoch=6199/11999 total=9.549e-03 pde=5.646e-04 bc=1.362e-04 data=7.623e-05 best=2.762e-03 lr=5.12e-04
2026-02-14 12:39:59,562 | INFO | [Inverse][square|pts=400|noise=1%] epoch=6299/11999 total=4.176e-03 pde=4.480e-04 bc=6.135e-05 data=3.115e-05 best=2.762e-03 lr=5.12e-04
2026-02-14 12:40:01,013 | INFO | [Inverse][square|pts=400|noise=1%] epoch=6399/11999 total=4.607e-03 pde=4.554e-04 bc=6.841e-05 data=3.468e-05 best=2.762e-03 lr=5.12e-04
2026-02-14 12:40:02,442 | INFO | [Inverse][square|pts=400|noise=1%] checkpoint saved at epoch=6499 -> outputs_refactor\full_matrix_rerun_20260214_112937\checkpoints\square\inverse_pts_400_noise_1_last.pth
2026-02-14 12:40:02,443 | INFO | [Inverse][square|pts=400|noise=1%] epoch=6499/11999 total=4.122e-03 pde=4.438e-04 bc=6.147e-05 data=3.063e-05 best=2.762e-03 lr=5.12e-04
2026-02-14 12:40:03,873 | INFO | [Inverse][square|pts=400|noise=1%] epoch=6599/11999 total=3.661e-03 pde=4.333e-04 bc=5.437e-05 data=2.684e-05 best=2.762e-03 lr=5.12e-04
2026-02-14 12:40:05,317 | INFO | [Inverse][square|pts=400|noise=1%] epoch=6699/11999 total=2.997e-03 pde=4.206e-04 bc=4.260e-05 data=2.151e-05 best=2.762e-03 lr=4.10e-04
2026-02-14 12:40:06,742 | INFO | [Inverse][square|pts=400|noise=1%] epoch=6799/11999 total=3.116e-03 pde=4.243e-04 bc=4.478e-05 data=2.244e-05 best=2.762e-03 lr=4.10e-04
2026-02-14 12:40:08,168 | INFO | [Inverse][square|pts=400|noise=1%] epoch=6899/11999 total=3.144e-03 pde=4.260e-04 bc=4.425e-05 data=2.275e-05 best=2.762e-03 lr=4.10e-04
2026-02-14 12:40:09,629 | INFO | [Inverse][square|pts=400|noise=1%] checkpoint saved at epoch=6999 -> outputs_refactor\full_matrix_rerun_20260214_112937\checkpoints\square\inverse_pts_400_noise_1_last.pth
2026-02-14 12:40:09,630 | INFO | [Inverse][square|pts=400|noise=1%] epoch=6999/11999 total=3.068e-03 pde=4.243e-04 bc=4.151e-05 data=2.229e-05 best=2.762e-03 lr=4.10e-04
2026-02-14 12:40:11,043 | INFO | [Inverse][square|pts=400|noise=1%] epoch=7099/11999 total=3.051e-03 pde=4.253e-04 bc=3.691e-05 data=2.257e-05 best=2.762e-03 lr=4.10e-04
2026-02-14 12:40:12,475 | INFO | [Inverse][square|pts=400|noise=1%] epoch=7199/11999 total=3.203e-03 pde=4.308e-04 bc=3.551e-05 data=2.418e-05 best=2.762e-03 lr=3.28e-04
2026-02-14 12:40:14,104 | INFO | [Inverse][square|pts=400|noise=1%] epoch=7299/11999 total=2.393e-03 pde=4.084e-04 bc=2.979e-05 data=1.687e-05 best=2.393e-03 lr=3.28e-04
2026-02-14 12:40:15,879 | INFO | [Inverse][square|pts=400|noise=1%] epoch=7399/11999 total=2.361e-03 pde=4.073e-04 bc=2.959e-05 data=1.658e-05 best=2.361e-03 lr=3.28e-04
2026-02-14 12:40:17,687 | INFO | [Inverse][square|pts=400|noise=1%] checkpoint saved at epoch=7499 -> outputs_refactor\full_matrix_rerun_20260214_112937\checkpoints\square\inverse_pts_400_noise_1_last.pth
2026-02-14 12:40:17,687 | INFO | [Inverse][square|pts=400|noise=1%] epoch=7499/11999 total=2.329e-03 pde=4.053e-04 bc=2.935e-05 data=1.630e-05 best=2.329e-03 lr=3.28e-04
2026-02-14 12:40:19,486 | INFO | [Inverse][square|pts=400|noise=1%] epoch=7599/11999 total=2.296e-03 pde=4.027e-04 bc=2.908e-05 data=1.603e-05 best=2.296e-03 lr=3.28e-04
2026-02-14 12:40:21,142 | INFO | [Inverse][square|pts=400|noise=1%] epoch=7699/11999 total=2.264e-03 pde=3.996e-04 bc=2.877e-05 data=1.577e-05 best=2.264e-03 lr=3.28e-04
2026-02-14 12:40:22,621 | INFO | [Inverse][square|pts=400|noise=1%] epoch=7799/11999 total=2.303e-03 pde=3.992e-04 bc=2.774e-05 data=1.626e-05 best=2.252e-03 lr=3.28e-04
2026-02-14 12:40:24,053 | INFO | [Inverse][square|pts=400|noise=1%] epoch=7899/11999 total=2.210e-03 pde=3.922e-04 bc=2.837e-05 data=1.534e-05 best=2.210e-03 lr=3.28e-04
2026-02-14 12:40:25,512 | INFO | [Inverse][square|pts=400|noise=1%] checkpoint saved at epoch=7999 -> outputs_refactor\full_matrix_rerun_20260214_112937\checkpoints\square\inverse_pts_400_noise_1_last.pth
2026-02-14 12:40:25,513 | INFO | [Inverse][square|pts=400|noise=1%] epoch=7999/11999 total=2.251e-03 pde=3.902e-04 bc=2.727e-05 data=1.588e-05 best=2.184e-03 lr=3.28e-04
2026-02-14 12:40:26,959 | INFO | [Inverse][square|pts=400|noise=1%] epoch=8099/11999 total=2.154e-03 pde=3.849e-04 bc=2.727e-05 data=1.497e-05 best=2.154e-03 lr=3.28e-04
2026-02-14 12:40:28,485 | INFO | [Inverse][square|pts=400|noise=1%] epoch=8199/11999 total=2.437e-03 pde=3.908e-04 bc=2.325e-05 data=1.813e-05 best=2.128e-03 lr=3.28e-04
2026-02-14 12:40:29,936 | INFO | [Inverse][square|pts=400|noise=1%] epoch=8299/11999 total=2.204e-03 pde=3.766e-04 bc=2.889e-05 data=1.539e-05 best=2.102e-03 lr=3.28e-04
2026-02-14 12:40:31,371 | INFO | [Inverse][square|pts=400|noise=1%] epoch=8399/11999 total=2.152e-03 pde=3.724e-04 bc=2.758e-05 data=1.503e-05 best=2.085e-03 lr=3.28e-04
2026-02-14 12:40:32,814 | INFO | [Inverse][square|pts=400|noise=1%] checkpoint saved at epoch=8499 -> outputs_refactor\full_matrix_rerun_20260214_112937\checkpoints\square\inverse_pts_400_noise_1_last.pth
2026-02-14 12:40:32,814 | INFO | [Inverse][square|pts=400|noise=1%] epoch=8499/11999 total=2.249e-03 pde=3.728e-04 bc=2.363e-05 data=1.640e-05 best=2.050e-03 lr=3.28e-04
2026-02-14 12:40:34,273 | INFO | [Inverse][square|pts=400|noise=1%] epoch=8599/11999 total=2.174e-03 pde=3.634e-04 bc=3.327e-05 data=1.477e-05 best=2.014e-03 lr=3.28e-04
2026-02-14 12:40:35,684 | INFO | [Inverse][square|pts=400|noise=1%] epoch=8699/11999 total=2.252e-03 pde=3.608e-04 bc=3.559e-05 data=1.535e-05 best=1.995e-03 lr=3.28e-04
2026-02-14 12:40:37,137 | INFO | [Inverse][square|pts=400|noise=1%] epoch=8799/11999 total=2.027e-03 pde=3.500e-04 bc=2.975e-05 data=1.380e-05 best=1.959e-03 lr=3.28e-04
2026-02-14 12:40:38,577 | INFO | [Inverse][square|pts=400|noise=1%] epoch=8899/11999 total=1.963e-03 pde=3.431e-04 bc=2.722e-05 data=1.347e-05 best=1.928e-03 lr=3.28e-04
2026-02-14 12:40:40,020 | INFO | [Inverse][square|pts=400|noise=1%] checkpoint saved at epoch=8999 -> outputs_refactor\full_matrix_rerun_20260214_112937\checkpoints\square\inverse_pts_400_noise_1_last.pth
2026-02-14 12:40:40,021 | INFO | [Inverse][square|pts=400|noise=1%] epoch=8999/11999 total=2.024e-03 pde=3.403e-04 bc=2.813e-05 data=1.402e-05 best=1.915e-03 lr=3.28e-04
2026-02-14 12:40:41,434 | INFO | [Inverse][square|pts=400|noise=1%] epoch=9099/11999 total=2.510e-03 pde=3.521e-04 bc=3.912e-05 data=1.767e-05 best=1.888e-03 lr=3.28e-04
2026-02-14 12:40:42,837 | INFO | [Inverse][square|pts=400|noise=1%] epoch=9199/11999 total=2.524e-03 pde=3.433e-04 bc=3.651e-05 data=1.816e-05 best=1.888e-03 lr=3.28e-04
2026-02-14 12:40:44,258 | INFO | [Inverse][square|pts=400|noise=1%] epoch=9299/11999 total=2.248e-03 pde=3.334e-04 bc=3.289e-05 data=1.586e-05 best=1.888e-03 lr=3.28e-04
2026-02-14 12:40:45,648 | INFO | [Inverse][square|pts=400|noise=1%] epoch=9399/11999 total=2.145e-03 pde=3.275e-04 bc=3.154e-05 data=1.502e-05 best=1.888e-03 lr=3.28e-04
2026-02-14 12:40:47,080 | INFO | [Inverse][square|pts=400|noise=1%] checkpoint saved at epoch=9499 -> outputs_refactor\full_matrix_rerun_20260214_112937\checkpoints\square\inverse_pts_400_noise_1_last.pth
2026-02-14 12:40:47,081 | INFO | [Inverse][square|pts=400|noise=1%] epoch=9499/11999 total=6.280e-03 pde=4.213e-04 bc=9.735e-05 data=4.885e-05 best=1.823e-03 lr=3.28e-04
2026-02-14 12:40:48,500 | INFO | [Inverse][square|pts=400|noise=1%] epoch=9599/11999 total=2.276e-03 pde=7.440e-04 bc=2.562e-05 data=1.276e-05 best=1.820e-03 lr=3.28e-04
2026-02-14 12:40:49,940 | INFO | [Inverse][square|pts=400|noise=1%] epoch=9699/11999 total=1.814e-03 pde=3.073e-04 bc=2.432e-05 data=1.264e-05 best=1.798e-03 lr=3.28e-04
2026-02-14 12:40:51,396 | INFO | [Inverse][square|pts=400|noise=1%] epoch=9799/11999 total=3.210e-03 pde=3.428e-04 bc=3.054e-05 data=2.562e-05 best=1.787e-03 lr=3.28e-04
2026-02-14 12:40:52,822 | INFO | [Inverse][square|pts=400|noise=1%] epoch=9899/11999 total=2.462e-03 pde=3.143e-04 bc=2.590e-05 data=1.889e-05 best=1.787e-03 lr=3.28e-04
2026-02-14 12:40:54,254 | INFO | [Inverse][square|pts=400|noise=1%] checkpoint saved at epoch=9999 -> outputs_refactor\full_matrix_rerun_20260214_112937\checkpoints\square\inverse_pts_400_noise_1_last.pth
2026-02-14 12:40:54,255 | INFO | [Inverse][square|pts=400|noise=1%] epoch=9999/11999 total=2.177e-03 pde=3.047e-04 bc=2.424e-05 data=1.630e-05 best=1.787e-03 lr=3.28e-04
2026-02-14 12:40:55,676 | INFO | [Inverse][square|pts=400|noise=1%] epoch=10099/11999 total=2.003e-03 pde=2.977e-04 bc=2.337e-05 data=1.471e-05 best=1.787e-03 lr=3.28e-04
2026-02-14 12:40:57,114 | INFO | [Inverse][square|pts=400|noise=1%] epoch=10199/11999 total=2.087e-03 pde=2.964e-04 bc=2.405e-05 data=1.550e-05 best=1.787e-03 lr=3.28e-04
2026-02-14 12:40:58,573 | INFO | [Inverse][square|pts=400|noise=1%] epoch=10299/11999 total=1.749e-03 pde=2.858e-04 bc=2.577e-05 data=1.205e-05 best=1.740e-03 lr=2.62e-04
2026-02-14 12:41:00,557 | INFO | [Inverse][square|pts=400|noise=1%] epoch=10399/11999 total=1.727e-03 pde=2.839e-04 bc=2.458e-05 data=1.197e-05 best=1.727e-03 lr=2.62e-04
2026-02-14 12:41:02,378 | INFO | [Inverse][square|pts=400|noise=1%] checkpoint saved at epoch=10499 -> outputs_refactor\full_matrix_rerun_20260214_112937\checkpoints\square\inverse_pts_400_noise_1_last.pth
2026-02-14 12:41:02,379 | INFO | [Inverse][square|pts=400|noise=1%] epoch=10499/11999 total=1.714e-03 pde=2.816e-04 bc=2.450e-05 data=1.188e-05 best=1.714e-03 lr=2.62e-04
2026-02-14 12:41:04,320 | INFO | [Inverse][square|pts=400|noise=1%] epoch=10599/11999 total=1.756e-03 pde=2.796e-04 bc=2.648e-05 data=1.212e-05 best=1.703e-03 lr=2.62e-04
2026-02-14 12:41:05,921 | INFO | [Inverse][square|pts=400|noise=1%] epoch=10699/11999 total=1.850e-03 pde=2.804e-04 bc=2.378e-05 data=1.332e-05 best=1.693e-03 lr=2.62e-04
2026-02-14 12:41:07,519 | INFO | [Inverse][square|pts=400|noise=1%] epoch=10799/11999 total=1.735e-03 pde=2.733e-04 bc=2.640e-05 data=1.197e-05 best=1.680e-03 lr=2.62e-04
2026-02-14 12:41:09,103 | INFO | [Inverse][square|pts=400|noise=1%] epoch=10899/11999 total=1.726e-03 pde=2.700e-04 bc=2.641e-05 data=1.192e-05 best=1.667e-03 lr=2.62e-04
2026-02-14 12:41:10,684 | INFO | [Inverse][square|pts=400|noise=1%] checkpoint saved at epoch=10999 -> outputs_refactor\full_matrix_rerun_20260214_112937\checkpoints\square\inverse_pts_400_noise_1_last.pth
2026-02-14 12:41:10,684 | INFO | [Inverse][square|pts=400|noise=1%] epoch=10999/11999 total=1.663e-03 pde=2.660e-04 bc=2.364e-05 data=1.160e-05 best=1.655e-03 lr=2.62e-04
2026-02-14 12:41:12,224 | INFO | [Inverse][square|pts=400|noise=1%] epoch=11099/11999 total=1.640e-03 pde=2.619e-04 bc=2.400e-05 data=1.138e-05 best=1.640e-03 lr=2.62e-04
2026-02-14 12:41:13,820 | INFO | [Inverse][square|pts=400|noise=1%] epoch=11199/11999 total=1.636e-03 pde=2.585e-04 bc=2.353e-05 data=1.142e-05 best=1.629e-03 lr=2.62e-04
2026-02-14 12:41:15,374 | INFO | [Inverse][square|pts=400|noise=1%] epoch=11299/11999 total=1.737e-03 pde=2.565e-04 bc=2.748e-05 data=1.206e-05 best=1.619e-03 lr=2.62e-04
2026-02-14 12:41:16,880 | INFO | [Inverse][square|pts=400|noise=1%] epoch=11399/11999 total=1.719e-03 pde=2.525e-04 bc=2.729e-05 data=1.193e-05 best=1.607e-03 lr=2.62e-04
2026-02-14 12:41:18,438 | INFO | [Inverse][square|pts=400|noise=1%] checkpoint saved at epoch=11499 -> outputs_refactor\full_matrix_rerun_20260214_112937\checkpoints\square\inverse_pts_400_noise_1_last.pth
2026-02-14 12:41:18,439 | INFO | [Inverse][square|pts=400|noise=1%] epoch=11499/11999 total=1.712e-03 pde=2.487e-04 bc=2.737e-05 data=1.190e-05 best=1.592e-03 lr=2.62e-04
2026-02-14 12:41:20,039 | INFO | [Inverse][square|pts=400|noise=1%] epoch=11599/11999 total=1.587e-03 pde=2.425e-04 bc=2.444e-05 data=1.100e-05 best=1.577e-03 lr=2.62e-04
2026-02-14 12:41:21,563 | INFO | [Inverse][square|pts=400|noise=1%] epoch=11699/11999 total=1.717e-03 pde=2.416e-04 bc=2.785e-05 data=1.197e-05 best=1.566e-03 lr=2.62e-04
2026-02-14 12:41:23,139 | INFO | [Inverse][square|pts=400|noise=1%] epoch=11799/11999 total=1.579e-03 pde=2.355e-04 bc=2.279e-05 data=1.115e-05 best=1.554e-03 lr=2.62e-04
2026-02-14 12:41:24,622 | INFO | [Inverse][square|pts=400|noise=1%] epoch=11899/11999 total=1.610e-03 pde=2.318e-04 bc=2.609e-05 data=1.118e-05 best=1.546e-03 lr=2.62e-04
2026-02-14 12:41:26,042 | INFO | [Inverse][square|pts=400|noise=1%] checkpoint saved at epoch=11999 -> outputs_refactor\full_matrix_rerun_20260214_112937\checkpoints\square\inverse_pts_400_noise_1_last.pth
2026-02-14 12:41:26,043 | INFO | [Inverse][square|pts=400|noise=1%] epoch=11999/11999 total=1.633e-03 pde=2.299e-04 bc=2.271e-05 data=1.176e-05 best=1.534e-03 lr=2.62e-04
2026-02-14 12:41:26,624 | INFO | [Inverse][pts_400_noise_2] start training charge=square points=400 noise=2%
2026-02-14 12:41:26,646 | INFO | [Inverse][square|pts=400|noise=2%] epoch=0/11999 total=4.057e+00 pde=1.335e-02 bc=2.152e-02 data=3.828e-02 best=4.057e+00 lr=1.00e-03
2026-02-14 12:41:28,346 | INFO | [Inverse][square|pts=400|noise=2%] epoch=99/11999 total=3.350e-01 pde=1.046e-01 bc=1.449e-03 data=2.160e-03 best=2.963e-01 lr=1.00e-03
2026-02-14 12:41:29,918 | INFO | [Inverse][square|pts=400|noise=2%] epoch=199/11999 total=1.827e-01 pde=4.572e-02 bc=8.670e-04 data=1.283e-03 best=1.777e-01 lr=1.00e-03
2026-02-14 12:41:31,495 | INFO | [Inverse][square|pts=400|noise=2%] epoch=299/11999 total=1.144e-01 pde=1.553e-02 bc=9.411e-04 data=8.950e-04 best=1.144e-01 lr=1.00e-03
2026-02-14 12:41:33,034 | INFO | [Inverse][square|pts=400|noise=2%] epoch=399/11999 total=8.671e-02 pde=6.611e-03 bc=9.328e-04 data=7.077e-04 best=7.852e-02 lr=1.00e-03
2026-02-14 12:41:34,538 | INFO | [Inverse][square|pts=400|noise=2%] checkpoint saved at epoch=499 -> outputs_refactor\full_matrix_rerun_20260214_112937\checkpoints\square\inverse_pts_400_noise_2_last.pth
2026-02-14 12:41:34,538 | INFO | [Inverse][square|pts=400|noise=2%] epoch=499/11999 total=6.877e-02 pde=4.976e-03 bc=6.901e-04 data=5.689e-04 best=6.602e-02 lr=1.00e-03
2026-02-14 12:41:36,112 | INFO | [Inverse][square|pts=400|noise=2%] epoch=599/11999 total=5.529e-02 pde=6.587e-03 bc=2.456e-04 data=4.625e-04 best=5.485e-02 lr=1.00e-03
2026-02-14 12:41:37,553 | INFO | [Inverse][square|pts=400|noise=2%] epoch=699/11999 total=5.688e-02 pde=7.811e-03 bc=1.842e-04 data=4.723e-04 best=5.033e-02 lr=1.00e-03
2026-02-14 12:41:38,984 | INFO | [Inverse][square|pts=400|noise=2%] epoch=799/11999 total=5.227e-02 pde=8.532e-03 bc=3.662e-04 data=4.008e-04 best=5.033e-02 lr=1.00e-03
2026-02-14 12:41:40,433 | INFO | [Inverse][square|pts=400|noise=2%] epoch=899/11999 total=5.107e-02 pde=9.249e-03 bc=3.616e-04 data=3.820e-04 best=4.833e-02 lr=1.00e-03
2026-02-14 12:41:41,914 | INFO | [Inverse][square|pts=400|noise=2%] checkpoint saved at epoch=999 -> outputs_refactor\full_matrix_rerun_20260214_112937\checkpoints\square\inverse_pts_400_noise_2_last.pth
2026-02-14 12:41:41,914 | INFO | [Inverse][square|pts=400|noise=2%] epoch=999/11999 total=4.276e-02 pde=8.972e-03 bc=2.723e-04 data=3.106e-04 best=4.215e-02 lr=1.00e-03
2026-02-14 12:41:43,384 | INFO | [Inverse][square|pts=400|noise=2%] epoch=1099/11999 total=3.880e-02 pde=8.469e-03 bc=2.423e-04 data=2.791e-04 best=3.817e-02 lr=1.00e-03
2026-02-14 12:41:44,914 | INFO | [Inverse][square|pts=400|noise=2%] epoch=1199/11999 total=3.485e-02 pde=7.842e-03 bc=2.181e-04 data=2.483e-04 best=3.319e-02 lr=1.00e-03
2026-02-14 12:41:46,411 | INFO | [Inverse][square|pts=400|noise=2%] epoch=1299/11999 total=3.009e-02 pde=7.654e-03 bc=1.792e-04 data=2.065e-04 best=2.850e-02 lr=1.00e-03
2026-02-14 12:41:47,868 | INFO | [Inverse][square|pts=400|noise=2%] epoch=1399/11999 total=3.106e-02 pde=6.966e-03 bc=1.942e-04 data=2.215e-04 best=2.820e-02 lr=1.00e-03
2026-02-14 12:41:49,310 | INFO | [Inverse][square|pts=400|noise=2%] checkpoint saved at epoch=1499 -> outputs_refactor\full_matrix_rerun_20260214_112937\checkpoints\square\inverse_pts_400_noise_2_last.pth
2026-02-14 12:41:49,310 | INFO | [Inverse][square|pts=400|noise=2%] epoch=1499/11999 total=3.018e-02 pde=6.458e-03 bc=2.119e-04 data=2.160e-04 best=2.683e-02 lr=1.00e-03
2026-02-14 12:41:50,786 | INFO | [Inverse][square|pts=400|noise=2%] epoch=1599/11999 total=2.726e-02 pde=6.089e-03 bc=1.958e-04 data=1.922e-04 best=2.489e-02 lr=1.00e-03
2026-02-14 12:41:52,223 | INFO | [Inverse][square|pts=400|noise=2%] epoch=1699/11999 total=2.595e-02 pde=5.795e-03 bc=1.949e-04 data=1.821e-04 best=2.386e-02 lr=1.00e-03
2026-02-14 12:41:53,721 | INFO | [Inverse][square|pts=400|noise=2%] epoch=1799/11999 total=2.423e-02 pde=5.500e-03 bc=1.649e-04 data=1.708e-04 best=2.314e-02 lr=1.00e-03
2026-02-14 12:41:55,250 | INFO | [Inverse][square|pts=400|noise=2%] epoch=1899/11999 total=2.252e-02 pde=5.141e-03 bc=1.475e-04 data=1.590e-04 best=2.136e-02 lr=1.00e-03
2026-02-14 12:41:56,766 | INFO | [Inverse][square|pts=400|noise=2%] checkpoint saved at epoch=1999 -> outputs_refactor\full_matrix_rerun_20260214_112937\checkpoints\square\inverse_pts_400_noise_2_last.pth
2026-02-14 12:41:56,767 | INFO | [Inverse][square|pts=400|noise=2%] epoch=1999/11999 total=2.089e-02 pde=4.750e-03 bc=1.353e-04 data=1.479e-04 best=1.949e-02 lr=1.00e-03
2026-02-14 12:41:58,304 | INFO | [Inverse][square|pts=400|noise=2%] epoch=2099/11999 total=1.838e-02 pde=4.302e-03 bc=1.103e-04 data=1.297e-04 best=1.757e-02 lr=1.00e-03
2026-02-14 12:41:59,812 | INFO | [Inverse][square|pts=400|noise=2%] epoch=2199/11999 total=1.515e-02 pde=3.832e-03 bc=7.799e-05 data=1.053e-04 best=1.458e-02 lr=1.00e-03
2026-02-14 12:42:01,267 | INFO | [Inverse][square|pts=400|noise=2%] epoch=2299/11999 total=2.048e-02 pde=3.418e-03 bc=1.948e-04 data=1.511e-04 best=1.234e-02 lr=1.00e-03
2026-02-14 12:42:02,670 | INFO | [Inverse][square|pts=400|noise=2%] epoch=2399/11999 total=1.957e-02 pde=3.139e-03 bc=1.882e-04 data=1.455e-04 best=1.234e-02 lr=1.00e-03
2026-02-14 12:42:04,101 | INFO | [Inverse][square|pts=400|noise=2%] checkpoint saved at epoch=2499 -> outputs_refactor\full_matrix_rerun_20260214_112937\checkpoints\square\inverse_pts_400_noise_2_last.pth
2026-02-14 12:42:04,101 | INFO | [Inverse][square|pts=400|noise=2%] epoch=2499/11999 total=1.823e-02 pde=2.845e-03 bc=1.759e-04 data=1.362e-04 best=1.234e-02 lr=1.00e-03
2026-02-14 12:42:05,543 | INFO | [Inverse][square|pts=400|noise=2%] epoch=2599/11999 total=1.679e-02 pde=2.554e-03 bc=1.619e-04 data=1.262e-04 best=1.234e-02 lr=1.00e-03
2026-02-14 12:42:06,978 | INFO | [Inverse][square|pts=400|noise=2%] epoch=2699/11999 total=1.520e-02 pde=2.272e-03 bc=1.437e-04 data=1.149e-04 best=1.234e-02 lr=1.00e-03
2026-02-14 12:42:08,427 | INFO | [Inverse][square|pts=400|noise=2%] epoch=2799/11999 total=1.195e-02 pde=2.013e-03 bc=1.009e-04 data=8.930e-05 best=1.046e-02 lr=8.00e-04
2026-02-14 12:42:09,851 | INFO | [Inverse][square|pts=400|noise=2%] epoch=2899/11999 total=1.163e-02 pde=1.784e-03 bc=1.026e-04 data=8.819e-05 best=1.046e-02 lr=8.00e-04
2026-02-14 12:42:11,390 | INFO | [Inverse][square|pts=400|noise=2%] checkpoint saved at epoch=2999 -> outputs_refactor\full_matrix_rerun_20260214_112937\checkpoints\square\inverse_pts_400_noise_2_last.pth
2026-02-14 12:42:11,390 | INFO | [Inverse][square|pts=400|noise=2%] epoch=2999/11999 total=1.116e-02 pde=1.601e-03 bc=1.009e-04 data=8.554e-05 best=9.706e-03 lr=8.00e-04
2026-02-14 12:42:12,941 | INFO | [Inverse][square|pts=400|noise=2%] epoch=3099/11999 total=1.041e-02 pde=1.462e-03 bc=9.461e-05 data=8.003e-05 best=9.294e-03 lr=8.00e-04
2026-02-14 12:42:14,431 | INFO | [Inverse][square|pts=400|noise=2%] epoch=3199/11999 total=9.537e-03 pde=1.349e-03 bc=8.671e-05 data=7.321e-05 best=8.975e-03 lr=8.00e-04
2026-02-14 12:42:15,966 | INFO | [Inverse][square|pts=400|noise=2%] epoch=3299/11999 total=8.622e-03 pde=1.250e-03 bc=7.823e-05 data=6.590e-05 best=8.132e-03 lr=8.00e-04
2026-02-14 12:42:17,476 | INFO | [Inverse][square|pts=400|noise=2%] epoch=3399/11999 total=7.624e-03 pde=1.157e-03 bc=6.834e-05 data=5.784e-05 best=7.233e-03 lr=8.00e-04
2026-02-14 12:42:18,942 | INFO | [Inverse][square|pts=400|noise=2%] checkpoint saved at epoch=3499 -> outputs_refactor\full_matrix_rerun_20260214_112937\checkpoints\square\inverse_pts_400_noise_2_last.pth
2026-02-14 12:42:18,942 | INFO | [Inverse][square|pts=400|noise=2%] epoch=3499/11999 total=8.432e-03 pde=1.222e-03 bc=2.712e-05 data=6.939e-05 best=6.138e-03 lr=8.00e-04
2026-02-14 12:42:20,388 | INFO | [Inverse][square|pts=400|noise=2%] epoch=3599/11999 total=9.726e-03 pde=1.141e-03 bc=2.098e-05 data=8.375e-05 best=6.138e-03 lr=8.00e-04
2026-02-14 12:42:21,779 | INFO | [Inverse][square|pts=400|noise=2%] epoch=3699/11999 total=8.320e-03 pde=1.096e-03 bc=2.038e-05 data=7.020e-05 best=6.138e-03 lr=8.00e-04
2026-02-14 12:42:23,189 | INFO | [Inverse][square|pts=400|noise=2%] epoch=3799/11999 total=7.425e-03 pde=1.050e-03 bc=2.143e-05 data=6.161e-05 best=6.138e-03 lr=8.00e-04
2026-02-14 12:42:24,622 | INFO | [Inverse][square|pts=400|noise=2%] epoch=3899/11999 total=9.090e-03 pde=1.008e-03 bc=9.517e-05 data=7.130e-05 best=5.578e-03 lr=8.00e-04
2026-02-14 12:42:26,051 | INFO | [Inverse][square|pts=400|noise=2%] checkpoint saved at epoch=3999 -> outputs_refactor\full_matrix_rerun_20260214_112937\checkpoints\square\inverse_pts_400_noise_2_last.pth
2026-02-14 12:42:26,052 | INFO | [Inverse][square|pts=400|noise=2%] epoch=3999/11999 total=8.319e-03 pde=9.444e-04 bc=7.906e-05 data=6.584e-05 best=5.578e-03 lr=8.00e-04
2026-02-14 12:42:27,467 | INFO | [Inverse][square|pts=400|noise=2%] epoch=4099/11999 total=7.871e-03 pde=8.963e-04 bc=7.259e-05 data=6.249e-05 best=5.578e-03 lr=8.00e-04
2026-02-14 12:42:28,890 | INFO | [Inverse][square|pts=400|noise=2%] epoch=4199/11999 total=8.426e-03 pde=8.638e-04 bc=7.798e-05 data=6.782e-05 best=5.578e-03 lr=8.00e-04
2026-02-14 12:42:30,333 | INFO | [Inverse][square|pts=400|noise=2%] epoch=4299/11999 total=8.200e-03 pde=8.292e-04 bc=7.562e-05 data=6.615e-05 best=5.578e-03 lr=8.00e-04
2026-02-14 12:42:31,755 | INFO | [Inverse][square|pts=400|noise=2%] epoch=4399/11999 total=6.688e-03 pde=7.896e-04 bc=6.687e-05 data=5.230e-05 best=5.553e-03 lr=6.40e-04
2026-02-14 12:42:33,173 | INFO | [Inverse][square|pts=400|noise=2%] checkpoint saved at epoch=4499 -> outputs_refactor\full_matrix_rerun_20260214_112937\checkpoints\square\inverse_pts_400_noise_2_last.pth
2026-02-14 12:42:33,174 | INFO | [Inverse][square|pts=400|noise=2%] epoch=4499/11999 total=6.837e-03 pde=7.684e-04 bc=7.256e-05 data=5.343e-05 best=5.553e-03 lr=6.40e-04
2026-02-14 12:42:34,594 | INFO | [Inverse][square|pts=400|noise=2%] epoch=4599/11999 total=6.561e-03 pde=7.427e-04 bc=7.111e-05 data=5.107e-05 best=5.553e-03 lr=6.40e-04
2026-02-14 12:42:36,025 | INFO | [Inverse][square|pts=400|noise=2%] epoch=4699/11999 total=6.153e-03 pde=7.160e-04 bc=6.690e-05 data=4.768e-05 best=5.553e-03 lr=6.40e-04
2026-02-14 12:42:37,468 | INFO | [Inverse][square|pts=400|noise=2%] epoch=4799/11999 total=5.721e-03 pde=6.895e-04 bc=6.126e-05 data=4.419e-05 best=5.402e-03 lr=6.40e-04
2026-02-14 12:42:38,963 | INFO | [Inverse][square|pts=400|noise=2%] epoch=4899/11999 total=5.297e-03 pde=6.635e-04 bc=5.628e-05 data=4.070e-05 best=5.015e-03 lr=6.40e-04
2026-02-14 12:42:40,479 | INFO | [Inverse][square|pts=400|noise=2%] checkpoint saved at epoch=4999 -> outputs_refactor\full_matrix_rerun_20260214_112937\checkpoints\square\inverse_pts_400_noise_2_last.pth
2026-02-14 12:42:40,479 | INFO | [Inverse][square|pts=400|noise=2%] epoch=4999/11999 total=4.913e-03 pde=6.378e-04 bc=5.199e-05 data=3.756e-05 best=4.668e-03 lr=6.40e-04
2026-02-14 12:42:41,946 | INFO | [Inverse][square|pts=400|noise=2%] epoch=5099/11999 total=5.981e-03 pde=6.301e-04 bc=3.905e-05 data=4.960e-05 best=3.810e-03 lr=6.40e-04
2026-02-14 12:42:43,350 | INFO | [Inverse][square|pts=400|noise=2%] epoch=5199/11999 total=5.407e-03 pde=6.011e-04 bc=3.701e-05 data=4.436e-05 best=3.810e-03 lr=6.40e-04
2026-02-14 12:42:44,770 | INFO | [Inverse][square|pts=400|noise=2%] epoch=5299/11999 total=4.826e-03 pde=5.773e-04 bc=3.378e-05 data=3.910e-05 best=3.810e-03 lr=6.40e-04
2026-02-14 12:42:46,180 | INFO | [Inverse][square|pts=400|noise=2%] epoch=5399/11999 total=4.913e-03 pde=5.615e-04 bc=3.296e-05 data=4.022e-05 best=3.810e-03 lr=6.40e-04
2026-02-14 12:42:47,591 | INFO | [Inverse][square|pts=400|noise=2%] checkpoint saved at epoch=5499 -> outputs_refactor\full_matrix_rerun_20260214_112937\checkpoints\square\inverse_pts_400_noise_2_last.pth
2026-02-14 12:42:47,591 | INFO | [Inverse][square|pts=400|noise=2%] epoch=5499/11999 total=5.188e-03 pde=5.496e-04 bc=3.434e-05 data=4.295e-05 best=3.810e-03 lr=6.40e-04
2026-02-14 12:42:49,018 | INFO | [Inverse][square|pts=400|noise=2%] epoch=5599/11999 total=4.498e-03 pde=5.303e-04 bc=2.942e-05 data=3.674e-05 best=3.810e-03 lr=5.12e-04
2026-02-14 12:42:50,418 | INFO | [Inverse][square|pts=400|noise=2%] epoch=5699/11999 total=4.394e-03 pde=5.188e-04 bc=2.768e-05 data=3.598e-05 best=3.810e-03 lr=5.12e-04
2026-02-14 12:42:51,854 | INFO | [Inverse][square|pts=400|noise=2%] epoch=5799/11999 total=4.775e-03 pde=5.129e-04 bc=2.938e-05 data=3.968e-05 best=3.810e-03 lr=5.12e-04
2026-02-14 12:42:53,336 | INFO | [Inverse][square|pts=400|noise=2%] epoch=5899/11999 total=4.836e-03 pde=5.017e-04 bc=2.995e-05 data=4.035e-05 best=3.384e-03 lr=5.12e-04
2026-02-14 12:42:54,781 | INFO | [Inverse][square|pts=400|noise=2%] checkpoint saved at epoch=5999 -> outputs_refactor\full_matrix_rerun_20260214_112937\checkpoints\square\inverse_pts_400_noise_2_last.pth
2026-02-14 12:42:54,781 | INFO | [Inverse][square|pts=400|noise=2%] epoch=5999/11999 total=5.448e-03 pde=5.042e-04 bc=6.550e-05 data=4.288e-05 best=3.333e-03 lr=5.12e-04
2026-02-14 12:42:56,205 | INFO | [Inverse][square|pts=400|noise=2%] epoch=6099/11999 total=4.305e-03 pde=4.707e-04 bc=5.179e-05 data=3.317e-05 best=3.333e-03 lr=5.12e-04
2026-02-14 12:42:57,630 | INFO | [Inverse][square|pts=400|noise=2%] epoch=6199/11999 total=4.047e-03 pde=4.575e-04 bc=5.400e-05 data=3.050e-05 best=3.333e-03 lr=5.12e-04
2026-02-14 12:42:59,075 | INFO | [Inverse][square|pts=400|noise=2%] epoch=6299/11999 total=3.680e-03 pde=4.483e-04 bc=5.080e-05 data=2.724e-05 best=3.333e-03 lr=5.12e-04
2026-02-14 12:43:00,491 | INFO | [Inverse][square|pts=400|noise=2%] epoch=6399/11999 total=9.412e-03 pde=4.952e-04 bc=1.285e-04 data=7.632e-05 best=3.118e-03 lr=5.12e-04
2026-02-14 12:43:01,917 | INFO | [Inverse][square|pts=400|noise=2%] checkpoint saved at epoch=6499 -> outputs_refactor\full_matrix_rerun_20260214_112937\checkpoints\square\inverse_pts_400_noise_2_last.pth
2026-02-14 12:43:01,918 | INFO | [Inverse][square|pts=400|noise=2%] epoch=6499/11999 total=5.501e-03 pde=4.717e-04 bc=6.991e-05 data=4.330e-05 best=3.045e-03 lr=5.12e-04
2026-02-14 12:43:03,304 | INFO | [Inverse][square|pts=400|noise=2%] epoch=6599/11999 total=4.257e-03 pde=4.287e-04 bc=5.293e-05 data=3.299e-05 best=3.045e-03 lr=5.12e-04
2026-02-14 12:43:04,717 | INFO | [Inverse][square|pts=400|noise=2%] epoch=6699/11999 total=3.965e-03 pde=4.181e-04 bc=5.057e-05 data=3.041e-05 best=3.045e-03 lr=5.12e-04
2026-02-14 12:43:06,166 | INFO | [Inverse][square|pts=400|noise=2%] epoch=6799/11999 total=4.125e-03 pde=4.142e-04 bc=5.468e-05 data=3.164e-05 best=3.045e-03 lr=5.12e-04
2026-02-14 12:43:07,572 | INFO | [Inverse][square|pts=400|noise=2%] epoch=6899/11999 total=4.064e-03 pde=4.104e-04 bc=5.249e-05 data=3.129e-05 best=3.045e-03 lr=5.12e-04
2026-02-14 12:43:09,042 | INFO | [Inverse][square|pts=400|noise=2%] checkpoint saved at epoch=6999 -> outputs_refactor\full_matrix_rerun_20260214_112937\checkpoints\square\inverse_pts_400_noise_2_last.pth
2026-02-14 12:43:09,043 | INFO | [Inverse][square|pts=400|noise=2%] epoch=6999/11999 total=3.289e-03 pde=3.992e-04 bc=3.747e-05 data=2.515e-05 best=3.045e-03 lr=4.10e-04
2026-02-14 12:43:10,516 | INFO | [Inverse][square|pts=400|noise=2%] epoch=7099/11999 total=3.088e-03 pde=3.928e-04 bc=3.424e-05 data=2.353e-05 best=2.980e-03 lr=4.10e-04
2026-02-14 12:43:11,971 | INFO | [Inverse][square|pts=400|noise=2%] epoch=7199/11999 total=3.403e-03 pde=3.960e-04 bc=3.724e-05 data=2.635e-05 best=2.941e-03 lr=4.10e-04
2026-02-14 12:43:13,380 | INFO | [Inverse][square|pts=400|noise=2%] epoch=7299/11999 total=3.321e-03 pde=3.916e-04 bc=3.602e-05 data=2.569e-05 best=2.941e-03 lr=4.10e-04
2026-02-14 12:43:14,780 | INFO | [Inverse][square|pts=400|noise=2%] epoch=7399/11999 total=3.256e-03 pde=3.877e-04 bc=3.493e-05 data=2.519e-05 best=2.941e-03 lr=4.10e-04
2026-02-14 12:43:16,195 | INFO | [Inverse][square|pts=400|noise=2%] checkpoint saved at epoch=7499 -> outputs_refactor\full_matrix_rerun_20260214_112937\checkpoints\square\inverse_pts_400_noise_2_last.pth
2026-02-14 12:43:16,196 | INFO | [Inverse][square|pts=400|noise=2%] epoch=7499/11999 total=3.205e-03 pde=3.841e-04 bc=3.398e-05 data=2.481e-05 best=2.941e-03 lr=4.10e-04
2026-02-14 12:43:17,630 | INFO | [Inverse][square|pts=400|noise=2%] epoch=7599/11999 total=3.162e-03 pde=3.806e-04 bc=3.335e-05 data=2.448e-05 best=2.941e-03 lr=4.10e-04
2026-02-14 12:43:19,079 | INFO | [Inverse][square|pts=400|noise=2%] epoch=7699/11999 total=3.031e-03 pde=3.778e-04 bc=4.280e-05 data=2.225e-05 best=2.490e-03 lr=3.28e-04
2026-02-14 12:43:20,536 | INFO | [Inverse][square|pts=400|noise=2%] epoch=7799/11999 total=2.708e-03 pde=3.664e-04 bc=4.087e-05 data=1.933e-05 best=2.448e-03 lr=3.28e-04
2026-02-14 12:43:21,943 | INFO | [Inverse][square|pts=400|noise=2%] epoch=7899/11999 total=3.532e-03 pde=3.766e-04 bc=5.907e-05 data=2.565e-05 best=2.443e-03 lr=3.28e-04
2026-02-14 12:43:23,386 | INFO | [Inverse][square|pts=400|noise=2%] checkpoint saved at epoch=7999 -> outputs_refactor\full_matrix_rerun_20260214_112937\checkpoints\square\inverse_pts_400_noise_2_last.pth
2026-02-14 12:43:23,386 | INFO | [Inverse][square|pts=400|noise=2%] epoch=7999/11999 total=3.078e-03 pde=3.658e-04 bc=2.757e-05 data=2.436e-05 best=2.443e-03 lr=3.28e-04
2026-02-14 12:43:24,800 | INFO | [Inverse][square|pts=400|noise=2%] epoch=8099/11999 total=3.129e-03 pde=3.659e-04 bc=2.807e-05 data=2.482e-05 best=2.443e-03 lr=3.28e-04
2026-02-14 12:43:26,223 | INFO | [Inverse][square|pts=400|noise=2%] epoch=8199/11999 total=3.143e-03 pde=3.650e-04 bc=3.003e-05 data=2.478e-05 best=2.443e-03 lr=3.28e-04
2026-02-14 12:43:27,654 | INFO | [Inverse][square|pts=400|noise=2%] epoch=8299/11999 total=2.963e-03 pde=3.612e-04 bc=3.010e-05 data=2.301e-05 best=2.443e-03 lr=3.28e-04
2026-02-14 12:43:29,091 | INFO | [Inverse][square|pts=400|noise=2%] epoch=8399/11999 total=2.333e-03 pde=3.508e-04 bc=2.847e-05 data=1.697e-05 best=2.333e-03 lr=2.62e-04
2026-02-14 12:43:30,780 | INFO | [Inverse][square|pts=400|noise=2%] checkpoint saved at epoch=8499 -> outputs_refactor\full_matrix_rerun_20260214_112937\checkpoints\square\inverse_pts_400_noise_2_last.pth
2026-02-14 12:43:30,780 | INFO | [Inverse][square|pts=400|noise=2%] epoch=8499/11999 total=2.308e-03 pde=3.497e-04 bc=2.857e-05 data=1.673e-05 best=2.308e-03 lr=2.62e-04
2026-02-14 12:43:32,569 | INFO | [Inverse][square|pts=400|noise=2%] epoch=8599/11999 total=2.285e-03 pde=3.479e-04 bc=2.838e-05 data=1.653e-05 best=2.285e-03 lr=2.62e-04
2026-02-14 12:43:34,374 | INFO | [Inverse][square|pts=400|noise=2%] epoch=8699/11999 total=2.261e-03 pde=3.456e-04 bc=2.819e-05 data=1.633e-05 best=2.261e-03 lr=2.62e-04
2026-02-14 12:43:36,163 | INFO | [Inverse][square|pts=400|noise=2%] epoch=8799/11999 total=2.237e-03 pde=3.430e-04 bc=2.799e-05 data=1.614e-05 best=2.237e-03 lr=2.62e-04
2026-02-14 12:43:37,959 | INFO | [Inverse][square|pts=400|noise=2%] epoch=8899/11999 total=2.212e-03 pde=3.399e-04 bc=2.780e-05 data=1.594e-05 best=2.212e-03 lr=2.62e-04
2026-02-14 12:43:39,757 | INFO | [Inverse][square|pts=400|noise=2%] checkpoint saved at epoch=8999 -> outputs_refactor\full_matrix_rerun_20260214_112937\checkpoints\square\inverse_pts_400_noise_2_last.pth
2026-02-14 12:43:39,757 | INFO | [Inverse][square|pts=400|noise=2%] epoch=8999/11999 total=2.187e-03 pde=3.364e-04 bc=2.764e-05 data=1.574e-05 best=2.187e-03 lr=2.62e-04
2026-02-14 12:43:41,344 | INFO | [Inverse][square|pts=400|noise=2%] epoch=9099/11999 total=2.164e-03 pde=3.327e-04 bc=2.686e-05 data=1.563e-05 best=2.164e-03 lr=2.62e-04
2026-02-14 12:43:42,908 | INFO | [Inverse][square|pts=400|noise=2%] epoch=9199/11999 total=2.138e-03 pde=3.283e-04 bc=2.733e-05 data=1.536e-05 best=2.138e-03 lr=2.62e-04
2026-02-14 12:43:44,353 | INFO | [Inverse][square|pts=400|noise=2%] epoch=9299/11999 total=2.273e-03 pde=3.255e-04 bc=3.235e-05 data=1.624e-05 best=2.136e-03 lr=2.62e-04
2026-02-14 12:43:45,840 | INFO | [Inverse][square|pts=400|noise=2%] epoch=9399/11999 total=2.175e-03 pde=3.207e-04 bc=2.646e-05 data=1.590e-05 best=2.098e-03 lr=2.62e-04
2026-02-14 12:43:47,279 | INFO | [Inverse][square|pts=400|noise=2%] checkpoint saved at epoch=9499 -> outputs_refactor\full_matrix_rerun_20260214_112937\checkpoints\square\inverse_pts_400_noise_2_last.pth
2026-02-14 12:43:47,280 | INFO | [Inverse][square|pts=400|noise=2%] epoch=9499/11999 total=2.080e-03 pde=3.133e-04 bc=2.546e-05 data=1.513e-05 best=2.071e-03 lr=2.62e-04
2026-02-14 12:43:48,704 | INFO | [Inverse][square|pts=400|noise=2%] epoch=9599/11999 total=2.208e-03 pde=3.104e-04 bc=2.464e-05 data=1.651e-05 best=2.049e-03 lr=2.62e-04
2026-02-14 12:43:50,185 | INFO | [Inverse][square|pts=400|noise=2%] epoch=9699/11999 total=2.120e-03 pde=3.033e-04 bc=3.045e-05 data=1.512e-05 best=2.032e-03 lr=2.62e-04
2026-02-14 12:43:51,643 | INFO | [Inverse][square|pts=400|noise=2%] epoch=9799/11999 total=2.062e-03 pde=2.975e-04 bc=2.936e-05 data=1.471e-05 best=2.011e-03 lr=2.62e-04
2026-02-14 12:43:53,055 | INFO | [Inverse][square|pts=400|noise=2%] epoch=9899/11999 total=2.106e-03 pde=2.941e-04 bc=2.761e-05 data=1.535e-05 best=1.992e-03 lr=2.62e-04
2026-02-14 12:43:54,466 | INFO | [Inverse][square|pts=400|noise=2%] checkpoint saved at epoch=9999 -> outputs_refactor\full_matrix_rerun_20260214_112937\checkpoints\square\inverse_pts_400_noise_2_last.pth
2026-02-14 12:43:54,466 | INFO | [Inverse][square|pts=400|noise=2%] epoch=9999/11999 total=2.043e-03 pde=2.868e-04 bc=2.537e-05 data=1.502e-05 best=1.974e-03 lr=2.62e-04
2026-02-14 12:43:55,939 | INFO | [Inverse][square|pts=400|noise=2%] epoch=10099/11999 total=2.125e-03 pde=2.847e-04 bc=3.351e-05 data=1.505e-05 best=1.950e-03 lr=2.62e-04
2026-02-14 12:43:57,372 | INFO | [Inverse][square|pts=400|noise=2%] epoch=10199/11999 total=1.974e-03 pde=2.752e-04 bc=2.477e-05 data=1.451e-05 best=1.926e-03 lr=2.62e-04
2026-02-14 12:43:58,816 | INFO | [Inverse][square|pts=400|noise=2%] epoch=10299/11999 total=2.038e-03 pde=2.711e-04 bc=3.138e-05 data=1.453e-05 best=1.916e-03 lr=2.62e-04
2026-02-14 12:44:00,260 | INFO | [Inverse][square|pts=400|noise=2%] epoch=10399/11999 total=2.052e-03 pde=2.656e-04 bc=3.463e-05 data=1.440e-05 best=1.907e-03 lr=2.62e-04
2026-02-14 12:44:01,670 | INFO | [Inverse][square|pts=400|noise=2%] checkpoint saved at epoch=10499 -> outputs_refactor\full_matrix_rerun_20260214_112937\checkpoints\square\inverse_pts_400_noise_2_last.pth
2026-02-14 12:44:01,670 | INFO | [Inverse][square|pts=400|noise=2%] epoch=10499/11999 total=1.915e-03 pde=2.586e-04 bc=2.364e-05 data=1.420e-05 best=1.907e-03 lr=2.62e-04
2026-02-14 12:44:03,153 | INFO | [Inverse][square|pts=400|noise=2%] epoch=10599/11999 total=2.048e-03 pde=2.562e-04 bc=2.092e-05 data=1.583e-05 best=1.865e-03 lr=2.62e-04
2026-02-14 12:44:04,588 | INFO | [Inverse][square|pts=400|noise=2%] epoch=10699/11999 total=1.907e-03 pde=2.492e-04 bc=2.708e-05 data=1.387e-05 best=1.843e-03 lr=2.62e-04
2026-02-14 12:44:06,031 | INFO | [Inverse][square|pts=400|noise=2%] epoch=10799/11999 total=2.018e-03 pde=2.466e-04 bc=2.594e-05 data=1.512e-05 best=1.835e-03 lr=2.62e-04
2026-02-14 12:44:07,476 | INFO | [Inverse][square|pts=400|noise=2%] epoch=10899/11999 total=1.916e-03 pde=2.409e-04 bc=2.144e-05 data=1.460e-05 best=1.807e-03 lr=2.62e-04
2026-02-14 12:44:08,912 | INFO | [Inverse][square|pts=400|noise=2%] checkpoint saved at epoch=10999 -> outputs_refactor\full_matrix_rerun_20260214_112937\checkpoints\square\inverse_pts_400_noise_2_last.pth
2026-02-14 12:44:08,912 | INFO | [Inverse][square|pts=400|noise=2%] epoch=10999/11999 total=1.906e-03 pde=2.350e-04 bc=3.046e-05 data=1.366e-05 best=1.803e-03 lr=2.62e-04
2026-02-14 12:44:10,402 | INFO | [Inverse][square|pts=400|noise=2%] epoch=11099/11999 total=1.836e-03 pde=2.300e-04 bc=2.546e-05 data=1.351e-05 best=1.778e-03 lr=2.62e-04
2026-02-14 12:44:11,836 | INFO | [Inverse][square|pts=400|noise=2%] epoch=11199/11999 total=1.865e-03 pde=2.258e-04 bc=3.066e-05 data=1.333e-05 best=1.768e-03 lr=2.62e-04
2026-02-14 12:44:13,298 | INFO | [Inverse][square|pts=400|noise=2%] epoch=11299/11999 total=1.783e-03 pde=2.201e-04 bc=2.766e-05 data=1.287e-05 best=1.761e-03 lr=2.62e-04
2026-02-14 12:44:14,715 | INFO | [Inverse][square|pts=400|noise=2%] epoch=11399/11999 total=1.862e-03 pde=2.188e-04 bc=2.590e-05 data=1.384e-05 best=1.738e-03 lr=2.62e-04
2026-02-14 12:44:16,211 | INFO | [Inverse][square|pts=400|noise=2%] checkpoint saved at epoch=11499 -> outputs_refactor\full_matrix_rerun_20260214_112937\checkpoints\square\inverse_pts_400_noise_2_last.pth
2026-02-14 12:44:16,211 | INFO | [Inverse][square|pts=400|noise=2%] epoch=11499/11999 total=1.912e-03 pde=2.179e-04 bc=3.150e-05 data=1.379e-05 best=1.733e-03 lr=2.62e-04
2026-02-14 12:44:17,652 | INFO | [Inverse][square|pts=400|noise=2%] epoch=11599/11999 total=1.752e-03 pde=2.086e-04 bc=2.882e-05 data=1.256e-05 best=1.720e-03 lr=2.62e-04
2026-02-14 12:44:19,049 | INFO | [Inverse][square|pts=400|noise=2%] epoch=11699/11999 total=1.875e-03 pde=2.079e-04 bc=3.120e-05 data=1.356e-05 best=1.720e-03 lr=2.62e-04
2026-02-14 12:44:20,501 | INFO | [Inverse][square|pts=400|noise=2%] epoch=11799/11999 total=1.715e-03 pde=2.008e-04 bc=2.720e-05 data=1.242e-05 best=1.698e-03 lr=2.62e-04
2026-02-14 12:44:21,947 | INFO | [Inverse][square|pts=400|noise=2%] epoch=11899/11999 total=1.765e-03 pde=1.985e-04 bc=2.072e-05 data=1.360e-05 best=1.698e-03 lr=2.62e-04
2026-02-14 12:44:23,428 | INFO | [Inverse][square|pts=400|noise=2%] checkpoint saved at epoch=11999 -> outputs_refactor\full_matrix_rerun_20260214_112937\checkpoints\square\inverse_pts_400_noise_2_last.pth
2026-02-14 12:44:23,428 | INFO | [Inverse][square|pts=400|noise=2%] epoch=11999/11999 total=1.822e-03 pde=1.967e-04 bc=2.627e-05 data=1.363e-05 best=1.670e-03 lr=2.62e-04
2026-02-14 12:44:24,004 | INFO | [Inverse][pts_400_noise_5] start training charge=square points=400 noise=5%
2026-02-14 12:44:24,027 | INFO | [Inverse][square|pts=400|noise=5%] epoch=0/11999 total=4.437e+00 pde=1.654e-03 bc=1.931e-02 data=4.243e-02 best=4.437e+00 lr=1.00e-03
2026-02-14 12:44:25,683 | INFO | [Inverse][square|pts=400|noise=5%] epoch=99/11999 total=3.741e-01 pde=1.943e-01 bc=9.909e-04 data=1.699e-03 best=3.741e-01 lr=1.00e-03
2026-02-14 12:44:27,298 | INFO | [Inverse][square|pts=400|noise=5%] epoch=199/11999 total=2.472e-01 pde=7.917e-02 bc=9.362e-04 data=1.586e-03 best=2.434e-01 lr=1.00e-03
2026-02-14 12:44:28,934 | INFO | [Inverse][square|pts=400|noise=5%] epoch=299/11999 total=1.655e-01 pde=3.283e-02 bc=7.927e-04 data=1.247e-03 best=1.642e-01 lr=1.00e-03
2026-02-14 12:44:30,499 | INFO | [Inverse][square|pts=400|noise=5%] epoch=399/11999 total=2.048e-01 pde=1.585e-02 bc=7.999e-04 data=1.809e-03 best=1.061e-01 lr=1.00e-03
2026-02-14 12:44:31,955 | INFO | [Inverse][square|pts=400|noise=5%] checkpoint saved at epoch=499 -> outputs_refactor\full_matrix_rerun_20260214_112937\checkpoints\square\inverse_pts_400_noise_5_last.pth
2026-02-14 12:44:31,956 | INFO | [Inverse][square|pts=400|noise=5%] epoch=499/11999 total=1.402e-01 pde=1.392e-02 bc=1.521e-03 data=1.111e-03 best=9.336e-02 lr=1.00e-03
2026-02-14 12:44:33,455 | INFO | [Inverse][square|pts=400|noise=5%] epoch=599/11999 total=1.212e-01 pde=1.154e-02 bc=2.414e-04 data=1.073e-03 best=8.048e-02 lr=1.00e-03
2026-02-14 12:44:34,930 | INFO | [Inverse][square|pts=400|noise=5%] epoch=699/11999 total=8.969e-02 pde=1.106e-02 bc=8.310e-04 data=7.032e-04 best=6.509e-02 lr=1.00e-03
2026-02-14 12:44:36,367 | INFO | [Inverse][square|pts=400|noise=5%] epoch=799/11999 total=6.462e-02 pde=1.096e-02 bc=2.800e-04 data=5.086e-04 best=5.686e-02 lr=1.00e-03
2026-02-14 12:44:37,791 | INFO | [Inverse][square|pts=400|noise=5%] epoch=899/11999 total=5.862e-02 pde=1.069e-02 bc=3.239e-04 data=4.469e-04 best=5.426e-02 lr=1.00e-03
2026-02-14 12:44:39,223 | INFO | [Inverse][square|pts=400|noise=5%] checkpoint saved at epoch=999 -> outputs_refactor\full_matrix_rerun_20260214_112937\checkpoints\square\inverse_pts_400_noise_5_last.pth
2026-02-14 12:44:39,223 | INFO | [Inverse][square|pts=400|noise=5%] epoch=999/11999 total=9.523e-02 pde=1.074e-02 bc=1.002e-03 data=7.447e-04 best=4.980e-02 lr=1.00e-03
2026-02-14 12:44:40,666 | INFO | [Inverse][square|pts=400|noise=5%] epoch=1099/11999 total=5.535e-02 pde=1.063e-02 bc=2.075e-04 data=4.265e-04 best=4.507e-02 lr=1.00e-03
2026-02-14 12:44:42,250 | INFO | [Inverse][square|pts=400|noise=5%] epoch=1199/11999 total=4.473e-02 pde=9.694e-03 bc=1.716e-04 data=3.332e-04 best=4.331e-02 lr=1.00e-03
2026-02-14 12:44:43,845 | INFO | [Inverse][square|pts=400|noise=5%] epoch=1299/11999 total=3.684e-02 pde=8.288e-03 bc=1.305e-04 data=2.724e-04 best=3.684e-02 lr=1.00e-03
2026-02-14 12:44:45,332 | INFO | [Inverse][square|pts=400|noise=5%] epoch=1399/11999 total=3.478e-02 pde=7.535e-03 bc=1.246e-04 data=2.600e-04 best=3.478e-02 lr=1.00e-03
2026-02-14 12:44:46,815 | INFO | [Inverse][square|pts=400|noise=5%] checkpoint saved at epoch=1499 -> outputs_refactor\full_matrix_rerun_20260214_112937\checkpoints\square\inverse_pts_400_noise_5_last.pth
2026-02-14 12:44:46,816 | INFO | [Inverse][square|pts=400|noise=5%] epoch=1499/11999 total=3.086e-02 pde=6.901e-03 bc=1.031e-04 data=2.293e-04 best=3.086e-02 lr=1.00e-03
2026-02-14 12:44:48,252 | INFO | [Inverse][square|pts=400|noise=5%] epoch=1599/11999 total=2.861e-02 pde=6.236e-03 bc=1.060e-04 data=2.131e-04 best=2.833e-02 lr=1.00e-03
2026-02-14 12:44:49,763 | INFO | [Inverse][square|pts=400|noise=5%] epoch=1699/11999 total=2.456e-02 pde=5.577e-03 bc=9.999e-05 data=1.799e-04 best=2.456e-02 lr=1.00e-03
2026-02-14 12:44:51,245 | INFO | [Inverse][square|pts=400|noise=5%] epoch=1799/11999 total=2.525e-02 pde=4.941e-03 bc=1.453e-04 data=1.886e-04 best=2.022e-02 lr=1.00e-03
2026-02-14 12:44:52,664 | INFO | [Inverse][square|pts=400|noise=5%] epoch=1899/11999 total=1.930e-02 pde=4.337e-03 bc=8.838e-05 data=1.408e-04 best=1.930e-02 lr=1.00e-03
2026-02-14 12:44:54,154 | INFO | [Inverse][square|pts=400|noise=5%] checkpoint saved at epoch=1999 -> outputs_refactor\full_matrix_rerun_20260214_112937\checkpoints\square\inverse_pts_400_noise_5_last.pth
2026-02-14 12:44:54,154 | INFO | [Inverse][square|pts=400|noise=5%] epoch=1999/11999 total=3.975e-02 pde=5.700e-03 bc=3.170e-04 data=3.088e-04 best=1.503e-02 lr=1.00e-03
2026-02-14 12:44:55,537 | INFO | [Inverse][square|pts=400|noise=5%] epoch=2099/11999 total=2.245e-02 pde=3.371e-03 bc=1.027e-04 data=1.805e-04 best=1.503e-02 lr=1.00e-03
2026-02-14 12:44:56,941 | INFO | [Inverse][square|pts=400|noise=5%] epoch=2199/11999 total=1.847e-02 pde=3.012e-03 bc=6.990e-05 data=1.476e-04 best=1.503e-02 lr=1.00e-03
2026-02-14 12:44:58,348 | INFO | [Inverse][square|pts=400|noise=5%] epoch=2299/11999 total=1.683e-02 pde=2.718e-03 bc=6.149e-05 data=1.349e-04 best=1.503e-02 lr=1.00e-03
2026-02-14 12:44:59,772 | INFO | [Inverse][square|pts=400|noise=5%] epoch=2399/11999 total=1.731e-02 pde=2.441e-03 bc=7.865e-05 data=1.409e-04 best=1.482e-02 lr=1.00e-03
2026-02-14 12:45:01,263 | INFO | [Inverse][square|pts=400|noise=5%] checkpoint saved at epoch=2499 -> outputs_refactor\full_matrix_rerun_20260214_112937\checkpoints\square\inverse_pts_400_noise_5_last.pth
2026-02-14 12:45:01,263 | INFO | [Inverse][square|pts=400|noise=5%] epoch=2499/11999 total=1.434e-02 pde=2.137e-03 bc=5.677e-05 data=1.164e-04 best=1.197e-02 lr=1.00e-03
2026-02-14 12:45:02,701 | INFO | [Inverse][square|pts=400|noise=5%] epoch=2599/11999 total=1.905e-02 pde=1.918e-03 bc=1.168e-04 data=1.596e-04 best=1.107e-02 lr=1.00e-03
2026-02-14 12:45:04,108 | INFO | [Inverse][square|pts=400|noise=5%] epoch=2699/11999 total=1.709e-02 pde=1.886e-03 bc=1.330e-04 data=1.388e-04 best=1.012e-02 lr=1.00e-03
2026-02-14 12:45:05,514 | INFO | [Inverse][square|pts=400|noise=5%] epoch=2799/11999 total=1.667e-02 pde=1.834e-03 bc=1.292e-04 data=1.355e-04 best=1.012e-02 lr=1.00e-03
2026-02-14 12:45:06,950 | INFO | [Inverse][square|pts=400|noise=5%] epoch=2899/11999 total=2.616e-02 pde=1.995e-03 bc=1.004e-04 data=2.316e-04 best=1.012e-02 lr=1.00e-03
2026-02-14 12:45:08,410 | INFO | [Inverse][square|pts=400|noise=5%] checkpoint saved at epoch=2999 -> outputs_refactor\full_matrix_rerun_20260214_112937\checkpoints\square\inverse_pts_400_noise_5_last.pth
2026-02-14 12:45:08,411 | INFO | [Inverse][square|pts=400|noise=5%] epoch=2999/11999 total=1.630e-02 pde=1.961e-03 bc=1.405e-04 data=1.293e-04 best=9.505e-03 lr=1.00e-03
2026-02-14 12:45:09,858 | INFO | [Inverse][square|pts=400|noise=5%] epoch=3099/11999 total=1.771e-02 pde=1.518e-03 bc=1.744e-04 data=1.445e-04 best=9.505e-03 lr=1.00e-03
2026-02-14 12:45:11,274 | INFO | [Inverse][square|pts=400|noise=5%] epoch=3199/11999 total=1.488e-02 pde=1.405e-03 bc=1.411e-04 data=1.206e-04 best=9.505e-03 lr=1.00e-03
2026-02-14 12:45:12,723 | INFO | [Inverse][square|pts=400|noise=5%] epoch=3299/11999 total=1.299e-02 pde=1.312e-03 bc=1.152e-04 data=1.053e-04 best=9.505e-03 lr=1.00e-03
2026-02-14 12:45:14,117 | INFO | [Inverse][square|pts=400|noise=5%] epoch=3399/11999 total=1.260e-02 pde=1.239e-03 bc=1.071e-04 data=1.029e-04 best=9.505e-03 lr=1.00e-03
2026-02-14 12:45:15,577 | INFO | [Inverse][square|pts=400|noise=5%] checkpoint saved at epoch=3499 -> outputs_refactor\full_matrix_rerun_20260214_112937\checkpoints\square\inverse_pts_400_noise_5_last.pth
2026-02-14 12:45:15,578 | INFO | [Inverse][square|pts=400|noise=5%] epoch=3499/11999 total=1.428e-02 pde=1.185e-03 bc=1.310e-04 data=1.178e-04 best=8.797e-03 lr=8.00e-04
2026-02-14 12:45:17,023 | INFO | [Inverse][square|pts=400|noise=5%] epoch=3599/11999 total=9.811e-03 pde=1.068e-03 bc=7.152e-05 data=8.028e-05 best=8.619e-03 lr=8.00e-04
2026-02-14 12:45:18,423 | INFO | [Inverse][square|pts=400|noise=5%] epoch=3699/11999 total=1.070e-02 pde=1.016e-03 bc=8.547e-05 data=8.830e-05 best=8.619e-03 lr=8.00e-04
2026-02-14 12:45:19,828 | INFO | [Inverse][square|pts=400|noise=5%] epoch=3799/11999 total=1.161e-02 pde=9.685e-04 bc=9.958e-05 data=9.646e-05 best=8.619e-03 lr=8.00e-04
2026-02-14 12:45:21,246 | INFO | [Inverse][square|pts=400|noise=5%] epoch=3899/11999 total=9.837e-03 pde=8.956e-04 bc=7.552e-05 data=8.186e-05 best=8.493e-03 lr=8.00e-04
2026-02-14 12:45:22,670 | INFO | [Inverse][square|pts=400|noise=5%] checkpoint saved at epoch=3999 -> outputs_refactor\full_matrix_rerun_20260214_112937\checkpoints\square\inverse_pts_400_noise_5_last.pth
2026-02-14 12:45:22,670 | INFO | [Inverse][square|pts=400|noise=5%] epoch=3999/11999 total=1.008e-02 pde=8.488e-04 bc=8.228e-05 data=8.405e-05 best=8.493e-03 lr=8.00e-04
2026-02-14 12:45:24,100 | INFO | [Inverse][square|pts=400|noise=5%] epoch=4099/11999 total=1.053e-02 pde=8.089e-04 bc=8.953e-05 data=8.823e-05 best=8.493e-03 lr=8.00e-04
2026-02-14 12:45:25,519 | INFO | [Inverse][square|pts=400|noise=5%] epoch=4199/11999 total=1.276e-02 pde=8.025e-04 bc=7.422e-05 data=1.122e-04 best=7.840e-03 lr=8.00e-04
2026-02-14 12:45:26,957 | INFO | [Inverse][square|pts=400|noise=5%] epoch=4299/11999 total=1.049e-02 pde=7.659e-04 bc=5.778e-05 data=9.146e-05 best=7.840e-03 lr=8.00e-04
2026-02-14 12:45:28,390 | INFO | [Inverse][square|pts=400|noise=5%] epoch=4399/11999 total=9.319e-03 pde=7.362e-04 bc=5.122e-05 data=8.071e-05 best=7.840e-03 lr=8.00e-04
2026-02-14 12:45:29,833 | INFO | [Inverse][square|pts=400|noise=5%] checkpoint saved at epoch=4499 -> outputs_refactor\full_matrix_rerun_20260214_112937\checkpoints\square\inverse_pts_400_noise_5_last.pth
2026-02-14 12:45:29,833 | INFO | [Inverse][square|pts=400|noise=5%] epoch=4499/11999 total=9.186e-03 pde=7.146e-04 bc=5.093e-05 data=7.962e-05 best=7.840e-03 lr=8.00e-04
2026-02-14 12:45:31,271 | INFO | [Inverse][square|pts=400|noise=5%] epoch=4599/11999 total=9.130e-03 pde=6.928e-04 bc=5.154e-05 data=7.921e-05 best=7.840e-03 lr=8.00e-04
2026-02-14 12:45:32,691 | INFO | [Inverse][square|pts=400|noise=5%] epoch=4699/11999 total=8.685e-03 pde=6.657e-04 bc=4.888e-05 data=7.530e-05 best=7.840e-03 lr=6.40e-04
2026-02-14 12:45:34,106 | INFO | [Inverse][square|pts=400|noise=5%] epoch=4799/11999 total=8.536e-03 pde=6.432e-04 bc=4.794e-05 data=7.414e-05 best=7.840e-03 lr=6.40e-04
2026-02-14 12:45:35,499 | INFO | [Inverse][square|pts=400|noise=5%] epoch=4899/11999 total=8.120e-03 pde=6.157e-04 bc=4.645e-05 data=7.039e-05 best=7.840e-03 lr=6.40e-04
2026-02-14 12:45:37,006 | INFO | [Inverse][square|pts=400|noise=5%] checkpoint saved at epoch=4999 -> outputs_refactor\full_matrix_rerun_20260214_112937\checkpoints\square\inverse_pts_400_noise_5_last.pth
2026-02-14 12:45:37,007 | INFO | [Inverse][square|pts=400|noise=5%] epoch=4999/11999 total=7.663e-03 pde=5.848e-04 bc=4.471e-05 data=6.631e-05 best=7.663e-03 lr=6.40e-04
2026-02-14 12:45:38,439 | INFO | [Inverse][square|pts=400|noise=5%] epoch=5099/11999 total=8.142e-03 pde=5.700e-04 bc=4.234e-05 data=7.149e-05 best=7.579e-03 lr=6.40e-04
2026-02-14 12:45:39,855 | INFO | [Inverse][square|pts=400|noise=5%] epoch=5199/11999 total=8.056e-03 pde=5.491e-04 bc=3.759e-05 data=7.131e-05 best=7.579e-03 lr=6.40e-04
2026-02-14 12:45:41,275 | INFO | [Inverse][square|pts=400|noise=5%] epoch=5299/11999 total=8.152e-03 pde=5.396e-04 bc=3.353e-05 data=7.277e-05 best=7.579e-03 lr=6.40e-04
2026-02-14 12:45:42,683 | INFO | [Inverse][square|pts=400|noise=5%] epoch=5399/11999 total=7.799e-03 pde=5.261e-04 bc=3.620e-05 data=6.911e-05 best=7.579e-03 lr=6.40e-04
2026-02-14 12:45:44,152 | INFO | [Inverse][square|pts=400|noise=5%] checkpoint saved at epoch=5499 -> outputs_refactor\full_matrix_rerun_20260214_112937\checkpoints\square\inverse_pts_400_noise_5_last.pth
2026-02-14 12:45:44,152 | INFO | [Inverse][square|pts=400|noise=5%] epoch=5499/11999 total=7.330e-03 pde=5.075e-04 bc=3.832e-05 data=6.439e-05 best=7.330e-03 lr=6.40e-04
2026-02-14 12:45:45,622 | INFO | [Inverse][square|pts=400|noise=5%] epoch=5599/11999 total=8.096e-03 pde=4.790e-04 bc=7.137e-05 data=6.904e-05 best=6.669e-03 lr=6.40e-04
2026-02-14 12:45:47,033 | INFO | [Inverse][square|pts=400|noise=5%] epoch=5699/11999 total=7.358e-03 pde=4.497e-04 bc=6.031e-05 data=6.305e-05 best=6.669e-03 lr=6.40e-04
2026-02-14 12:45:48,444 | INFO | [Inverse][square|pts=400|noise=5%] epoch=5799/11999 total=7.682e-03 pde=4.451e-04 bc=6.282e-05 data=6.608e-05 best=6.669e-03 lr=6.40e-04
2026-02-14 12:45:49,850 | INFO | [Inverse][square|pts=400|noise=5%] epoch=5899/11999 total=7.452e-03 pde=4.316e-04 bc=6.090e-05 data=6.411e-05 best=6.669e-03 lr=6.40e-04
2026-02-14 12:45:51,269 | INFO | [Inverse][square|pts=400|noise=5%] checkpoint saved at epoch=5999 -> outputs_refactor\full_matrix_rerun_20260214_112937\checkpoints\square\inverse_pts_400_noise_5_last.pth
2026-02-14 12:45:51,269 | INFO | [Inverse][square|pts=400|noise=5%] epoch=5999/11999 total=7.723e-03 pde=4.307e-04 bc=6.559e-05 data=6.636e-05 best=6.669e-03 lr=6.40e-04
2026-02-14 12:45:52,740 | INFO | [Inverse][square|pts=400|noise=5%] epoch=6099/11999 total=7.283e-03 pde=4.165e-04 bc=6.498e-05 data=6.217e-05 best=6.669e-03 lr=5.12e-04
2026-02-14 12:45:54,136 | INFO | [Inverse][square|pts=400|noise=5%] epoch=6199/11999 total=7.260e-03 pde=4.108e-04 bc=6.667e-05 data=6.183e-05 best=6.669e-03 lr=5.12e-04
2026-02-14 12:45:55,541 | INFO | [Inverse][square|pts=400|noise=5%] epoch=6299/11999 total=7.319e-03 pde=4.072e-04 bc=6.902e-05 data=6.221e-05 best=6.669e-03 lr=5.12e-04
2026-02-14 12:45:57,006 | INFO | [Inverse][square|pts=400|noise=5%] epoch=6399/11999 total=7.424e-03 pde=4.049e-04 bc=7.195e-05 data=6.300e-05 best=6.574e-03 lr=5.12e-04
2026-02-14 12:45:58,507 | INFO | [Inverse][square|pts=400|noise=5%] checkpoint saved at epoch=6499 -> outputs_refactor\full_matrix_rerun_20260214_112937\checkpoints\square\inverse_pts_400_noise_5_last.pth
2026-02-14 12:45:58,508 | INFO | [Inverse][square|pts=400|noise=5%] epoch=6499/11999 total=7.578e-03 pde=4.053e-04 bc=7.567e-05 data=6.416e-05 best=6.394e-03 lr=5.12e-04
2026-02-14 12:45:59,947 | INFO | [Inverse][square|pts=400|noise=5%] epoch=6599/11999 total=6.703e-03 pde=3.773e-04 bc=6.150e-05 data=5.711e-05 best=6.363e-03 lr=5.12e-04
2026-02-14 12:46:01,345 | INFO | [Inverse][square|pts=400|noise=5%] epoch=6699/11999 total=6.784e-03 pde=3.754e-04 bc=6.392e-05 data=5.769e-05 best=6.363e-03 lr=5.12e-04
2026-02-14 12:46:02,762 | INFO | [Inverse][square|pts=400|noise=5%] epoch=6799/11999 total=6.866e-03 pde=3.736e-04 bc=6.609e-05 data=5.832e-05 best=6.363e-03 lr=5.12e-04
2026-02-14 12:46:04,215 | INFO | [Inverse][square|pts=400|noise=5%] epoch=6899/11999 total=6.961e-03 pde=3.722e-04 bc=6.846e-05 data=5.905e-05 best=6.363e-03 lr=5.12e-04
2026-02-14 12:46:05,669 | INFO | [Inverse][square|pts=400|noise=5%] checkpoint saved at epoch=6999 -> outputs_refactor\full_matrix_rerun_20260214_112937\checkpoints\square\inverse_pts_400_noise_5_last.pth
2026-02-14 12:46:05,669 | INFO | [Inverse][square|pts=400|noise=5%] epoch=6999/11999 total=1.500e-02 pde=5.366e-04 bc=2.097e-04 data=1.237e-04 best=6.052e-03 lr=5.12e-04
2026-02-14 12:46:07,106 | INFO | [Inverse][square|pts=400|noise=5%] epoch=7099/11999 total=1.056e-02 pde=1.169e-03 bc=7.076e-05 data=8.683e-05 best=5.928e-03 lr=5.12e-04
2026-02-14 12:46:08,531 | INFO | [Inverse][square|pts=400|noise=5%] epoch=7199/11999 total=7.422e-03 pde=3.647e-04 bc=8.236e-05 data=6.234e-05 best=5.928e-03 lr=5.12e-04
2026-02-14 12:46:09,958 | INFO | [Inverse][square|pts=400|noise=5%] epoch=7299/11999 total=7.051e-03 pde=3.610e-04 bc=7.498e-05 data=5.940e-05 best=5.928e-03 lr=5.12e-04
2026-02-14 12:46:11,385 | INFO | [Inverse][square|pts=400|noise=5%] epoch=7399/11999 total=6.816e-03 pde=3.553e-04 bc=7.019e-05 data=5.758e-05 best=5.928e-03 lr=5.12e-04
2026-02-14 12:46:12,823 | INFO | [Inverse][square|pts=400|noise=5%] checkpoint saved at epoch=7499 -> outputs_refactor\full_matrix_rerun_20260214_112937\checkpoints\square\inverse_pts_400_noise_5_last.pth
2026-02-14 12:46:12,823 | INFO | [Inverse][square|pts=400|noise=5%] epoch=7499/11999 total=6.702e-03 pde=3.516e-04 bc=6.740e-05 data=5.677e-05 best=5.928e-03 lr=5.12e-04
2026-02-14 12:46:14,233 | INFO | [Inverse][square|pts=400|noise=5%] epoch=7599/11999 total=6.482e-03 pde=3.462e-04 bc=6.262e-05 data=5.510e-05 best=5.928e-03 lr=4.10e-04
2026-02-14 12:46:15,626 | INFO | [Inverse][square|pts=400|noise=5%] epoch=7699/11999 total=6.428e-03 pde=3.435e-04 bc=6.088e-05 data=5.476e-05 best=5.928e-03 lr=4.10e-04
2026-02-14 12:46:17,080 | INFO | [Inverse][square|pts=400|noise=5%] epoch=7799/11999 total=6.422e-03 pde=3.428e-04 bc=6.442e-05 data=5.435e-05 best=5.928e-03 lr=4.10e-04
2026-02-14 12:46:18,497 | INFO | [Inverse][square|pts=400|noise=5%] epoch=7899/11999 total=6.322e-03 pde=3.410e-04 bc=6.423e-05 data=5.338e-05 best=5.928e-03 lr=4.10e-04
2026-02-14 12:46:19,908 | INFO | [Inverse][square|pts=400|noise=5%] checkpoint saved at epoch=7999 -> outputs_refactor\full_matrix_rerun_20260214_112937\checkpoints\square\inverse_pts_400_noise_5_last.pth
2026-02-14 12:46:19,909 | INFO | [Inverse][square|pts=400|noise=5%] epoch=7999/11999 total=6.176e-03 pde=3.375e-04 bc=6.164e-05 data=5.223e-05 best=5.928e-03 lr=4.10e-04
2026-02-14 12:46:21,427 | INFO | [Inverse][square|pts=400|noise=5%] epoch=8099/11999 total=5.606e-03 pde=3.242e-04 bc=4.255e-05 data=4.856e-05 best=5.605e-03 lr=3.28e-04
2026-02-14 12:46:23,213 | INFO | [Inverse][square|pts=400|noise=5%] epoch=8199/11999 total=5.569e-03 pde=3.201e-04 bc=4.276e-05 data=4.821e-05 best=5.569e-03 lr=3.28e-04
2026-02-14 12:46:25,049 | INFO | [Inverse][square|pts=400|noise=5%] epoch=8299/11999 total=5.533e-03 pde=3.160e-04 bc=4.249e-05 data=4.792e-05 best=5.533e-03 lr=3.28e-04
2026-02-14 12:46:26,864 | INFO | [Inverse][square|pts=400|noise=5%] epoch=8399/11999 total=5.497e-03 pde=3.116e-04 bc=4.220e-05 data=4.764e-05 best=5.497e-03 lr=3.28e-04
2026-02-14 12:46:28,370 | INFO | [Inverse][square|pts=400|noise=5%] checkpoint saved at epoch=8499 -> outputs_refactor\full_matrix_rerun_20260214_112937\checkpoints\square\inverse_pts_400_noise_5_last.pth
2026-02-14 12:46:28,371 | INFO | [Inverse][square|pts=400|noise=5%] epoch=8499/11999 total=6.226e-03 pde=3.213e-04 bc=5.018e-05 data=5.403e-05 best=5.480e-03 lr=3.28e-04
2026-02-14 12:46:29,811 | INFO | [Inverse][square|pts=400|noise=5%] epoch=8599/11999 total=5.968e-03 pde=3.124e-04 bc=4.702e-05 data=5.186e-05 best=5.480e-03 lr=3.28e-04
2026-02-14 12:46:31,242 | INFO | [Inverse][square|pts=400|noise=5%] epoch=8699/11999 total=5.957e-03 pde=3.094e-04 bc=4.744e-05 data=5.173e-05 best=5.480e-03 lr=3.28e-04
2026-02-14 12:46:32,680 | INFO | [Inverse][square|pts=400|noise=5%] epoch=8799/11999 total=5.918e-03 pde=3.067e-04 bc=4.586e-05 data=5.153e-05 best=5.480e-03 lr=3.28e-04
2026-02-14 12:46:34,102 | INFO | [Inverse][square|pts=400|noise=5%] epoch=8899/11999 total=5.873e-03 pde=3.036e-04 bc=4.450e-05 data=5.125e-05 best=5.480e-03 lr=3.28e-04
2026-02-14 12:46:35,522 | INFO | [Inverse][square|pts=400|noise=5%] checkpoint saved at epoch=8999 -> outputs_refactor\full_matrix_rerun_20260214_112937\checkpoints\square\inverse_pts_400_noise_5_last.pth
2026-02-14 12:46:35,522 | INFO | [Inverse][square|pts=400|noise=5%] epoch=8999/11999 total=5.724e-03 pde=2.983e-04 bc=4.241e-05 data=5.002e-05 best=5.480e-03 lr=2.62e-04
2026-02-14 12:46:36,942 | INFO | [Inverse][square|pts=400|noise=5%] epoch=9099/11999 total=5.660e-03 pde=2.948e-04 bc=4.139e-05 data=4.951e-05 best=5.480e-03 lr=2.62e-04
2026-02-14 12:46:38,356 | INFO | [Inverse][square|pts=400|noise=5%] epoch=9199/11999 total=5.595e-03 pde=2.912e-04 bc=4.053e-05 data=4.899e-05 best=5.480e-03 lr=2.62e-04
2026-02-14 12:46:39,781 | INFO | [Inverse][square|pts=400|noise=5%] epoch=9299/11999 total=5.540e-03 pde=2.876e-04 bc=3.984e-05 data=4.854e-05 best=5.480e-03 lr=2.62e-04
2026-02-14 12:46:41,203 | INFO | [Inverse][square|pts=400|noise=5%] epoch=9399/11999 total=5.496e-03 pde=2.843e-04 bc=3.930e-05 data=4.819e-05 best=5.480e-03 lr=2.62e-04
2026-02-14 12:46:42,691 | INFO | [Inverse][square|pts=400|noise=5%] checkpoint saved at epoch=9499 -> outputs_refactor\full_matrix_rerun_20260214_112937\checkpoints\square\inverse_pts_400_noise_5_last.pth
2026-02-14 12:46:42,691 | INFO | [Inverse][square|pts=400|noise=5%] epoch=9499/11999 total=5.278e-03 pde=2.772e-04 bc=3.992e-05 data=4.601e-05 best=5.278e-03 lr=2.10e-04
2026-02-14 12:46:44,445 | INFO | [Inverse][square|pts=400|noise=5%] epoch=9599/11999 total=5.257e-03 pde=2.752e-04 bc=3.987e-05 data=4.583e-05 best=5.257e-03 lr=2.10e-04
2026-02-14 12:46:46,275 | INFO | [Inverse][square|pts=400|noise=5%] epoch=9699/11999 total=5.236e-03 pde=2.728e-04 bc=3.965e-05 data=4.567e-05 best=5.236e-03 lr=2.10e-04
2026-02-14 12:46:48,074 | INFO | [Inverse][square|pts=400|noise=5%] epoch=9799/11999 total=5.215e-03 pde=2.702e-04 bc=3.940e-05 data=4.551e-05 best=5.215e-03 lr=2.10e-04
2026-02-14 12:46:49,872 | INFO | [Inverse][square|pts=400|noise=5%] epoch=9899/11999 total=5.195e-03 pde=2.676e-04 bc=3.914e-05 data=4.536e-05 best=5.195e-03 lr=2.10e-04
2026-02-14 12:46:51,680 | INFO | [Inverse][square|pts=400|noise=5%] checkpoint saved at epoch=9999 -> outputs_refactor\full_matrix_rerun_20260214_112937\checkpoints\square\inverse_pts_400_noise_5_last.pth
2026-02-14 12:46:51,680 | INFO | [Inverse][square|pts=400|noise=5%] epoch=9999/11999 total=5.174e-03 pde=2.650e-04 bc=3.887e-05 data=4.520e-05 best=5.174e-03 lr=2.10e-04
2026-02-14 12:46:53,495 | INFO | [Inverse][square|pts=400|noise=5%] epoch=10099/11999 total=5.153e-03 pde=2.623e-04 bc=3.858e-05 data=4.505e-05 best=5.153e-03 lr=2.10e-04
2026-02-14 12:46:55,265 | INFO | [Inverse][square|pts=400|noise=5%] epoch=10199/11999 total=5.133e-03 pde=2.595e-04 bc=3.857e-05 data=4.487e-05 best=5.132e-03 lr=2.10e-04
2026-02-14 12:46:56,792 | INFO | [Inverse][square|pts=400|noise=5%] epoch=10299/11999 total=5.114e-03 pde=2.568e-04 bc=3.850e-05 data=4.472e-05 best=5.114e-03 lr=2.10e-04
2026-02-14 12:46:58,250 | INFO | [Inverse][square|pts=400|noise=5%] epoch=10399/11999 total=5.099e-03 pde=2.546e-04 bc=3.697e-05 data=4.475e-05 best=5.092e-03 lr=2.10e-04
2026-02-14 12:46:59,712 | INFO | [Inverse][square|pts=400|noise=5%] checkpoint saved at epoch=10499 -> outputs_refactor\full_matrix_rerun_20260214_112937\checkpoints\square\inverse_pts_400_noise_5_last.pth
2026-02-14 12:46:59,713 | INFO | [Inverse][square|pts=400|noise=5%] epoch=10499/11999 total=5.123e-03 pde=2.524e-04 bc=3.999e-05 data=4.470e-05 best=5.077e-03 lr=2.10e-04
2026-02-14 12:47:01,190 | INFO | [Inverse][square|pts=400|noise=5%] epoch=10599/11999 total=5.068e-03 pde=2.493e-04 bc=3.829e-05 data=4.436e-05 best=5.055e-03 lr=2.10e-04
2026-02-14 12:47:02,728 | INFO | [Inverse][square|pts=400|noise=5%] epoch=10699/11999 total=5.120e-03 pde=2.492e-04 bc=3.515e-05 data=4.519e-05 best=5.040e-03 lr=2.10e-04
2026-02-14 12:47:04,222 | INFO | [Inverse][square|pts=400|noise=5%] epoch=10799/11999 total=5.075e-03 pde=2.461e-04 bc=3.507e-05 data=4.478e-05 best=5.023e-03 lr=2.10e-04
2026-02-14 12:47:05,653 | INFO | [Inverse][square|pts=400|noise=5%] epoch=10899/11999 total=5.019e-03 pde=2.421e-04 bc=3.730e-05 data=4.404e-05 best=5.004e-03 lr=2.10e-04
2026-02-14 12:47:07,145 | INFO | [Inverse][square|pts=400|noise=5%] checkpoint saved at epoch=10999 -> outputs_refactor\full_matrix_rerun_20260214_112937\checkpoints\square\inverse_pts_400_noise_5_last.pth
2026-02-14 12:47:07,145 | INFO | [Inverse][square|pts=400|noise=5%] epoch=10999/11999 total=5.003e-03 pde=2.404e-04 bc=3.494e-05 data=4.414e-05 best=4.987e-03 lr=2.10e-04
2026-02-14 12:47:08,598 | INFO | [Inverse][square|pts=400|noise=5%] epoch=11099/11999 total=4.977e-03 pde=2.377e-04 bc=3.529e-05 data=4.386e-05 best=4.973e-03 lr=2.10e-04
2026-02-14 12:47:10,047 | INFO | [Inverse][square|pts=400|noise=5%] epoch=11199/11999 total=4.999e-03 pde=2.362e-04 bc=3.625e-05 data=4.401e-05 best=4.958e-03 lr=2.10e-04
2026-02-14 12:47:11,507 | INFO | [Inverse][square|pts=400|noise=5%] epoch=11299/11999 total=5.005e-03 pde=2.340e-04 bc=3.731e-05 data=4.398e-05 best=4.944e-03 lr=2.10e-04
2026-02-14 12:47:12,948 | INFO | [Inverse][square|pts=400|noise=5%] epoch=11399/11999 total=5.102e-03 pde=2.364e-04 bc=3.391e-05 data=4.527e-05 best=4.928e-03 lr=2.10e-04
2026-02-14 12:47:14,384 | INFO | [Inverse][square|pts=400|noise=5%] checkpoint saved at epoch=11499 -> outputs_refactor\full_matrix_rerun_20260214_112937\checkpoints\square\inverse_pts_400_noise_5_last.pth
2026-02-14 12:47:14,384 | INFO | [Inverse][square|pts=400|noise=5%] epoch=11499/11999 total=4.929e-03 pde=2.294e-04 bc=3.325e-05 data=4.367e-05 best=4.915e-03 lr=2.10e-04
2026-02-14 12:47:15,878 | INFO | [Inverse][square|pts=400|noise=5%] epoch=11599/11999 total=4.928e-03 pde=2.283e-04 bc=3.406e-05 data=4.360e-05 best=4.905e-03 lr=2.10e-04
2026-02-14 12:47:17,350 | INFO | [Inverse][square|pts=400|noise=5%] epoch=11699/11999 total=4.906e-03 pde=2.255e-04 bc=3.290e-05 data=4.351e-05 best=4.897e-03 lr=2.10e-04
2026-02-14 12:47:18,853 | INFO | [Inverse][square|pts=400|noise=5%] epoch=11799/11999 total=5.009e-03 pde=2.261e-04 bc=3.512e-05 data=4.432e-05 best=4.881e-03 lr=2.10e-04
2026-02-14 12:47:20,324 | INFO | [Inverse][square|pts=400|noise=5%] epoch=11899/11999 total=4.941e-03 pde=2.229e-04 bc=3.315e-05 data=4.387e-05 best=4.874e-03 lr=2.10e-04
2026-02-14 12:47:21,801 | INFO | [Inverse][square|pts=400|noise=5%] checkpoint saved at epoch=11999 -> outputs_refactor\full_matrix_rerun_20260214_112937\checkpoints\square\inverse_pts_400_noise_5_last.pth
2026-02-14 12:47:21,801 | INFO | [Inverse][square|pts=400|noise=5%] epoch=11999/11999 total=5.012e-03 pde=2.233e-04 bc=3.243e-05 data=4.465e-05 best=4.860e-03 lr=2.10e-04
2026-02-14 12:47:22,387 | INFO | [Inverse][pts_800_noise_0] start training charge=square points=800 noise=0%
2026-02-14 12:47:22,414 | INFO | [Inverse][square|pts=800|noise=0%] epoch=0/11999 total=3.019e+00 pde=2.967e-02 bc=1.417e-03 data=2.975e-02 best=3.019e+00 lr=1.00e-03
2026-02-14 12:47:24,109 | INFO | [Inverse][square|pts=800|noise=0%] epoch=99/11999 total=4.330e-01 pde=1.864e-01 bc=2.213e-03 data=2.245e-03 best=4.170e-01 lr=1.00e-03
2026-02-14 12:47:25,665 | INFO | [Inverse][square|pts=800|noise=0%] epoch=199/11999 total=2.576e-01 pde=7.266e-02 bc=1.300e-03 data=1.719e-03 best=2.253e-01 lr=1.00e-03
2026-02-14 12:47:27,159 | INFO | [Inverse][square|pts=800|noise=0%] epoch=299/11999 total=1.549e-01 pde=2.461e-02 bc=1.470e-03 data=1.156e-03 best=1.517e-01 lr=1.00e-03
2026-02-14 12:47:28,734 | INFO | [Inverse][square|pts=800|noise=0%] epoch=399/11999 total=1.142e-01 pde=1.890e-02 bc=1.024e-03 data=8.509e-04 best=1.130e-01 lr=1.00e-03
2026-02-14 12:47:30,286 | INFO | [Inverse][square|pts=800|noise=0%] checkpoint saved at epoch=499 -> outputs_refactor\full_matrix_rerun_20260214_112937\checkpoints\square\inverse_pts_800_noise_0_last.pth
2026-02-14 12:47:30,287 | INFO | [Inverse][square|pts=800|noise=0%] epoch=499/11999 total=8.965e-02 pde=1.342e-02 bc=7.668e-04 data=6.856e-04 best=8.780e-02 lr=1.00e-03
2026-02-14 12:47:31,737 | INFO | [Inverse][square|pts=800|noise=0%] epoch=599/11999 total=7.202e-02 pde=1.127e-02 bc=4.267e-04 data=5.648e-04 best=7.202e-02 lr=1.00e-03
2026-02-14 12:47:33,222 | INFO | [Inverse][square|pts=800|noise=0%] epoch=699/11999 total=6.547e-02 pde=1.159e-02 bc=5.227e-04 data=4.865e-04 best=6.547e-02 lr=1.00e-03
2026-02-14 12:47:34,744 | INFO | [Inverse][square|pts=800|noise=0%] epoch=799/11999 total=5.741e-02 pde=1.206e-02 bc=4.139e-04 data=4.122e-04 best=5.741e-02 lr=1.00e-03
2026-02-14 12:47:36,236 | INFO | [Inverse][square|pts=800|noise=0%] epoch=899/11999 total=6.484e-02 pde=1.199e-02 bc=5.886e-04 data=4.697e-04 best=5.016e-02 lr=1.00e-03
2026-02-14 12:47:37,651 | INFO | [Inverse][square|pts=800|noise=0%] checkpoint saved at epoch=999 -> outputs_refactor\full_matrix_rerun_20260214_112937\checkpoints\square\inverse_pts_800_noise_0_last.pth
2026-02-14 12:47:37,652 | INFO | [Inverse][square|pts=800|noise=0%] epoch=999/11999 total=5.636e-02 pde=1.110e-02 bc=2.526e-04 data=4.273e-04 best=4.770e-02 lr=1.00e-03
2026-02-14 12:47:39,092 | INFO | [Inverse][square|pts=800|noise=0%] epoch=1099/11999 total=5.189e-02 pde=1.050e-02 bc=2.470e-04 data=3.891e-04 best=4.770e-02 lr=1.00e-03
2026-02-14 12:47:40,574 | INFO | [Inverse][square|pts=800|noise=0%] epoch=1199/11999 total=4.699e-02 pde=9.843e-03 bc=2.200e-04 data=3.494e-04 best=4.549e-02 lr=1.00e-03
2026-02-14 12:47:42,112 | INFO | [Inverse][square|pts=800|noise=0%] epoch=1299/11999 total=4.522e-02 pde=9.210e-03 bc=2.235e-04 data=3.377e-04 best=4.031e-02 lr=1.00e-03
2026-02-14 12:47:43,639 | INFO | [Inverse][square|pts=800|noise=0%] epoch=1399/11999 total=3.980e-02 pde=8.492e-03 bc=1.890e-04 data=2.941e-04 best=3.739e-02 lr=1.00e-03
2026-02-14 12:47:45,182 | INFO | [Inverse][square|pts=800|noise=0%] checkpoint saved at epoch=1499 -> outputs_refactor\full_matrix_rerun_20260214_112937\checkpoints\square\inverse_pts_800_noise_0_last.pth
2026-02-14 12:47:45,182 | INFO | [Inverse][square|pts=800|noise=0%] epoch=1499/11999 total=3.540e-02 pde=7.732e-03 bc=1.340e-04 data=2.633e-04 best=3.395e-02 lr=1.00e-03
2026-02-14 12:47:46,742 | INFO | [Inverse][square|pts=800|noise=0%] epoch=1599/11999 total=2.703e-02 pde=6.976e-03 bc=5.317e-05 data=1.952e-04 best=2.672e-02 lr=1.00e-03
2026-02-14 12:47:48,199 | INFO | [Inverse][square|pts=800|noise=0%] epoch=1699/11999 total=3.108e-02 pde=6.205e-03 bc=2.084e-04 data=2.279e-04 best=2.345e-02 lr=1.00e-03
2026-02-14 12:47:49,674 | INFO | [Inverse][square|pts=800|noise=0%] epoch=1799/11999 total=2.072e-02 pde=5.175e-03 bc=8.645e-05 data=1.468e-04 best=2.072e-02 lr=1.00e-03
2026-02-14 12:47:51,128 | INFO | [Inverse][square|pts=800|noise=0%] epoch=1899/11999 total=3.930e-02 pde=4.461e-03 bc=1.961e-04 data=3.288e-04 best=1.696e-02 lr=1.00e-03
2026-02-14 12:47:52,552 | INFO | [Inverse][square|pts=800|noise=0%] checkpoint saved at epoch=1999 -> outputs_refactor\full_matrix_rerun_20260214_112937\checkpoints\square\inverse_pts_800_noise_0_last.pth
2026-02-14 12:47:52,553 | INFO | [Inverse][square|pts=800|noise=0%] epoch=1999/11999 total=3.465e-02 pde=5.000e-03 bc=3.280e-04 data=2.637e-04 best=1.618e-02 lr=1.00e-03
2026-02-14 12:47:53,994 | INFO | [Inverse][square|pts=800|noise=0%] epoch=2099/11999 total=1.676e-02 pde=3.581e-03 bc=1.086e-04 data=1.209e-04 best=1.514e-02 lr=1.00e-03
2026-02-14 12:47:55,424 | INFO | [Inverse][square|pts=800|noise=0%] epoch=2199/11999 total=1.503e-02 pde=3.103e-03 bc=1.032e-04 data=1.090e-04 best=1.443e-02 lr=1.00e-03
2026-02-14 12:47:56,867 | INFO | [Inverse][square|pts=800|noise=0%] epoch=2299/11999 total=1.500e-02 pde=2.729e-03 bc=1.698e-04 data=1.057e-04 best=1.141e-02 lr=1.00e-03
2026-02-14 12:47:58,308 | INFO | [Inverse][square|pts=800|noise=0%] epoch=2399/11999 total=1.763e-02 pde=2.554e-03 bc=2.320e-04 data=1.276e-04 best=1.141e-02 lr=1.00e-03
2026-02-14 12:47:59,729 | INFO | [Inverse][square|pts=800|noise=0%] checkpoint saved at epoch=2499 -> outputs_refactor\full_matrix_rerun_20260214_112937\checkpoints\square\inverse_pts_800_noise_0_last.pth
2026-02-14 12:47:59,730 | INFO | [Inverse][square|pts=800|noise=0%] epoch=2499/11999 total=1.898e-02 pde=2.364e-03 bc=2.679e-04 data=1.393e-04 best=1.141e-02 lr=1.00e-03
2026-02-14 12:48:01,173 | INFO | [Inverse][square|pts=800|noise=0%] epoch=2599/11999 total=1.425e-02 pde=2.100e-03 bc=1.926e-04 data=1.022e-04 best=1.082e-02 lr=1.00e-03
2026-02-14 12:48:02,619 | INFO | [Inverse][square|pts=800|noise=0%] epoch=2699/11999 total=1.319e-02 pde=1.939e-03 bc=1.777e-04 data=9.472e-05 best=1.082e-02 lr=1.00e-03
2026-02-14 12:48:04,059 | INFO | [Inverse][square|pts=800|noise=0%] epoch=2799/11999 total=1.351e-02 pde=1.829e-03 bc=1.875e-04 data=9.804e-05 best=1.082e-02 lr=1.00e-03
2026-02-14 12:48:05,565 | INFO | [Inverse][square|pts=800|noise=0%] epoch=2899/11999 total=1.395e-02 pde=1.745e-03 bc=1.992e-04 data=1.021e-04 best=9.591e-03 lr=1.00e-03
2026-02-14 12:48:07,038 | INFO | [Inverse][square|pts=800|noise=0%] checkpoint saved at epoch=2999 -> outputs_refactor\full_matrix_rerun_20260214_112937\checkpoints\square\inverse_pts_800_noise_0_last.pth
2026-02-14 12:48:07,039 | INFO | [Inverse][square|pts=800|noise=0%] epoch=2999/11999 total=1.126e-02 pde=1.575e-03 bc=1.562e-04 data=8.125e-05 best=9.297e-03 lr=1.00e-03
2026-02-14 12:48:08,447 | INFO | [Inverse][square|pts=800|noise=0%] epoch=3099/11999 total=1.059e-02 pde=1.482e-03 bc=1.469e-04 data=7.641e-05 best=9.297e-03 lr=1.00e-03
2026-02-14 12:48:09,858 | INFO | [Inverse][square|pts=800|noise=0%] epoch=3199/11999 total=9.715e-03 pde=1.381e-03 bc=1.360e-04 data=6.973e-05 best=9.297e-03 lr=1.00e-03
2026-02-14 12:48:11,330 | INFO | [Inverse][square|pts=800|noise=0%] epoch=3299/11999 total=8.513e-03 pde=1.273e-03 bc=1.193e-04 data=6.048e-05 best=8.513e-03 lr=1.00e-03
2026-02-14 12:48:12,815 | INFO | [Inverse][square|pts=800|noise=0%] epoch=3399/11999 total=1.038e-02 pde=1.249e-03 bc=6.013e-05 data=8.526e-05 best=5.421e-03 lr=1.00e-03
2026-02-14 12:48:14,257 | INFO | [Inverse][square|pts=800|noise=0%] checkpoint saved at epoch=3499 -> outputs_refactor\full_matrix_rerun_20260214_112937\checkpoints\square\inverse_pts_800_noise_0_last.pth
2026-02-14 12:48:14,258 | INFO | [Inverse][square|pts=800|noise=0%] epoch=3499/11999 total=6.842e-02 pde=4.589e-02 bc=3.061e-04 data=1.947e-04 best=5.421e-03 lr=1.00e-03
2026-02-14 12:48:15,686 | INFO | [Inverse][square|pts=800|noise=0%] epoch=3599/11999 total=1.455e-02 pde=1.391e-03 bc=1.394e-04 data=1.176e-04 best=5.421e-03 lr=1.00e-03
2026-02-14 12:48:17,134 | INFO | [Inverse][square|pts=800|noise=0%] epoch=3699/11999 total=1.205e-02 pde=1.243e-03 bc=9.683e-05 data=9.837e-05 best=5.421e-03 lr=1.00e-03
2026-02-14 12:48:18,570 | INFO | [Inverse][square|pts=800|noise=0%] epoch=3799/11999 total=1.057e-02 pde=1.144e-03 bc=8.120e-05 data=8.619e-05 best=5.421e-03 lr=1.00e-03
2026-02-14 12:48:20,003 | INFO | [Inverse][square|pts=800|noise=0%] epoch=3899/11999 total=9.715e-03 pde=1.066e-03 bc=7.270e-05 data=7.922e-05 best=5.421e-03 lr=8.00e-04
2026-02-14 12:48:21,407 | INFO | [Inverse][square|pts=800|noise=0%] checkpoint saved at epoch=3999 -> outputs_refactor\full_matrix_rerun_20260214_112937\checkpoints\square\inverse_pts_800_noise_0_last.pth
2026-02-14 12:48:21,407 | INFO | [Inverse][square|pts=800|noise=0%] epoch=3999/11999 total=8.074e-03 pde=9.808e-04 bc=6.076e-05 data=6.486e-05 best=5.421e-03 lr=8.00e-04
2026-02-14 12:48:22,835 | INFO | [Inverse][square|pts=800|noise=0%] epoch=4099/11999 total=8.622e-03 pde=9.624e-04 bc=7.269e-05 data=6.932e-05 best=5.421e-03 lr=8.00e-04
2026-02-14 12:48:24,304 | INFO | [Inverse][square|pts=800|noise=0%] epoch=4199/11999 total=9.932e-03 pde=9.599e-04 bc=8.837e-05 data=8.088e-05 best=5.050e-03 lr=8.00e-04
2026-02-14 12:48:25,716 | INFO | [Inverse][square|pts=800|noise=0%] epoch=4299/11999 total=7.567e-03 pde=8.462e-04 bc=6.704e-05 data=6.050e-05 best=5.050e-03 lr=8.00e-04
2026-02-14 12:48:27,173 | INFO | [Inverse][square|pts=800|noise=0%] epoch=4399/11999 total=7.799e-03 pde=8.141e-04 bc=6.888e-05 data=6.297e-05 best=4.781e-03 lr=8.00e-04
2026-02-14 12:48:28,602 | INFO | [Inverse][square|pts=800|noise=0%] checkpoint saved at epoch=4499 -> outputs_refactor\full_matrix_rerun_20260214_112937\checkpoints\square\inverse_pts_800_noise_0_last.pth
2026-02-14 12:48:28,602 | INFO | [Inverse][square|pts=800|noise=0%] epoch=4499/11999 total=7.113e-03 pde=7.618e-04 bc=6.787e-05 data=5.673e-05 best=4.781e-03 lr=8.00e-04
2026-02-14 12:48:30,075 | INFO | [Inverse][square|pts=800|noise=0%] epoch=4599/11999 total=6.874e-03 pde=7.236e-04 bc=6.305e-05 data=5.520e-05 best=4.781e-03 lr=8.00e-04
2026-02-14 12:48:31,512 | INFO | [Inverse][square|pts=800|noise=0%] epoch=4699/11999 total=6.519e-03 pde=6.741e-04 bc=5.279e-05 data=5.317e-05 best=4.781e-03 lr=8.00e-04
2026-02-14 12:48:32,993 | INFO | [Inverse][square|pts=800|noise=0%] epoch=4799/11999 total=3.195e-02 pde=1.499e-03 bc=5.035e-04 data=2.542e-04 best=3.454e-03 lr=8.00e-04
2026-02-14 12:48:34,435 | INFO | [Inverse][square|pts=800|noise=0%] epoch=4899/11999 total=6.904e-03 pde=6.791e-04 bc=5.719e-05 data=5.653e-05 best=3.454e-03 lr=8.00e-04
2026-02-14 12:48:35,875 | INFO | [Inverse][square|pts=800|noise=0%] checkpoint saved at epoch=4999 -> outputs_refactor\full_matrix_rerun_20260214_112937\checkpoints\square\inverse_pts_800_noise_0_last.pth
2026-02-14 12:48:35,875 | INFO | [Inverse][square|pts=800|noise=0%] epoch=4999/11999 total=6.744e-03 pde=6.621e-04 bc=5.660e-05 data=5.516e-05 best=3.454e-03 lr=8.00e-04
2026-02-14 12:48:37,296 | INFO | [Inverse][square|pts=800|noise=0%] epoch=5099/11999 total=6.567e-03 pde=6.440e-04 bc=5.543e-05 data=5.369e-05 best=3.454e-03 lr=8.00e-04
2026-02-14 12:48:38,746 | INFO | [Inverse][square|pts=800|noise=0%] epoch=5199/11999 total=6.531e-03 pde=6.317e-04 bc=5.542e-05 data=5.345e-05 best=3.454e-03 lr=8.00e-04
2026-02-14 12:48:40,154 | INFO | [Inverse][square|pts=800|noise=0%] epoch=5299/11999 total=4.375e-03 pde=5.352e-04 bc=3.838e-05 data=3.456e-05 best=3.454e-03 lr=6.40e-04
2026-02-14 12:48:41,567 | INFO | [Inverse][square|pts=800|noise=0%] epoch=5399/11999 total=4.815e-03 pde=5.417e-04 bc=4.165e-05 data=3.857e-05 best=3.454e-03 lr=6.40e-04
2026-02-14 12:48:43,025 | INFO | [Inverse][square|pts=800|noise=0%] checkpoint saved at epoch=5499 -> outputs_refactor\full_matrix_rerun_20260214_112937\checkpoints\square\inverse_pts_800_noise_0_last.pth
2026-02-14 12:48:43,025 | INFO | [Inverse][square|pts=800|noise=0%] epoch=5499/11999 total=4.812e-03 pde=5.333e-04 bc=4.191e-05 data=3.860e-05 best=3.454e-03 lr=6.40e-04
2026-02-14 12:48:44,431 | INFO | [Inverse][square|pts=800|noise=0%] epoch=5599/11999 total=4.650e-03 pde=5.269e-04 bc=4.167e-05 data=3.706e-05 best=3.454e-03 lr=6.40e-04
2026-02-14 12:48:45,860 | INFO | [Inverse][square|pts=800|noise=0%] epoch=5699/11999 total=4.637e-03 pde=5.316e-04 bc=4.454e-05 data=3.660e-05 best=3.454e-03 lr=6.40e-04
2026-02-14 12:48:47,331 | INFO | [Inverse][square|pts=800|noise=0%] epoch=5799/11999 total=4.333e-03 pde=5.173e-04 bc=4.164e-05 data=3.399e-05 best=3.066e-03 lr=5.12e-04
2026-02-14 12:48:48,784 | INFO | [Inverse][square|pts=800|noise=0%] epoch=5899/11999 total=3.758e-03 pde=4.836e-04 bc=3.480e-05 data=2.926e-05 best=3.066e-03 lr=5.12e-04
2026-02-14 12:48:50,274 | INFO | [Inverse][square|pts=800|noise=0%] checkpoint saved at epoch=5999 -> outputs_refactor\full_matrix_rerun_20260214_112937\checkpoints\square\inverse_pts_800_noise_0_last.pth
2026-02-14 12:48:50,275 | INFO | [Inverse][square|pts=800|noise=0%] epoch=5999/11999 total=3.824e-03 pde=4.611e-04 bc=2.944e-05 data=3.068e-05 best=3.066e-03 lr=5.12e-04
2026-02-14 12:48:51,691 | INFO | [Inverse][square|pts=800|noise=0%] epoch=6099/11999 total=3.682e-03 pde=4.359e-04 bc=2.822e-05 data=2.964e-05 best=3.066e-03 lr=5.12e-04
2026-02-14 12:48:53,110 | INFO | [Inverse][square|pts=800|noise=0%] epoch=6199/11999 total=3.189e-03 pde=4.201e-04 bc=2.859e-05 data=2.483e-05 best=3.028e-03 lr=5.12e-04
2026-02-14 12:48:54,592 | INFO | [Inverse][square|pts=800|noise=0%] epoch=6299/11999 total=3.800e-03 pde=4.595e-04 bc=6.787e-05 data=2.662e-05 best=2.362e-03 lr=5.12e-04
2026-02-14 12:48:56,032 | INFO | [Inverse][square|pts=800|noise=0%] epoch=6399/11999 total=3.486e-03 pde=4.368e-04 bc=6.437e-05 data=2.405e-05 best=2.362e-03 lr=5.12e-04
2026-02-14 12:48:57,471 | INFO | [Inverse][square|pts=800|noise=0%] checkpoint saved at epoch=6499 -> outputs_refactor\full_matrix_rerun_20260214_112937\checkpoints\square\inverse_pts_800_noise_0_last.pth
2026-02-14 12:48:57,472 | INFO | [Inverse][square|pts=800|noise=0%] epoch=6499/11999 total=3.530e-03 pde=4.349e-04 bc=6.443e-05 data=2.451e-05 best=2.362e-03 lr=5.12e-04
2026-02-14 12:48:58,916 | INFO | [Inverse][square|pts=800|noise=0%] epoch=6599/11999 total=3.087e-03 pde=4.127e-04 bc=5.516e-05 data=2.123e-05 best=2.362e-03 lr=5.12e-04
2026-02-14 12:49:00,358 | INFO | [Inverse][square|pts=800|noise=0%] epoch=6699/11999 total=2.524e-03 pde=3.799e-04 bc=4.563e-05 data=1.688e-05 best=2.362e-03 lr=5.12e-04
2026-02-14 12:49:01,806 | INFO | [Inverse][square|pts=800|noise=0%] epoch=6799/11999 total=2.464e-03 pde=3.754e-04 bc=4.293e-05 data=1.660e-05 best=2.362e-03 lr=4.10e-04
2026-02-14 12:49:03,232 | INFO | [Inverse][square|pts=800|noise=0%] epoch=6899/11999 total=2.512e-03 pde=3.734e-04 bc=4.415e-05 data=1.697e-05 best=2.362e-03 lr=4.10e-04
2026-02-14 12:49:04,666 | INFO | [Inverse][square|pts=800|noise=0%] checkpoint saved at epoch=6999 -> outputs_refactor\full_matrix_rerun_20260214_112937\checkpoints\square\inverse_pts_800_noise_0_last.pth
2026-02-14 12:49:04,666 | INFO | [Inverse][square|pts=800|noise=0%] epoch=6999/11999 total=2.574e-03 pde=3.719e-04 bc=4.553e-05 data=1.746e-05 best=2.335e-03 lr=4.10e-04
2026-02-14 12:49:06,126 | INFO | [Inverse][square|pts=800|noise=0%] epoch=7099/11999 total=7.289e-03 pde=6.897e-04 bc=1.103e-04 data=5.496e-05 best=2.092e-03 lr=4.10e-04
2026-02-14 12:49:07,547 | INFO | [Inverse][square|pts=800|noise=0%] epoch=7199/11999 total=4.981e-03 pde=2.482e-03 bc=3.307e-05 data=2.168e-05 best=2.086e-03 lr=4.10e-04
2026-02-14 12:49:08,991 | INFO | [Inverse][square|pts=800|noise=0%] epoch=7299/11999 total=5.000e-03 pde=4.545e-04 bc=7.010e-05 data=3.845e-05 best=2.058e-03 lr=4.10e-04
2026-02-14 12:49:10,444 | INFO | [Inverse][square|pts=800|noise=0%] epoch=7399/11999 total=4.118e-03 pde=4.196e-04 bc=4.945e-05 data=3.204e-05 best=2.015e-03 lr=4.10e-04
2026-02-14 12:49:11,857 | INFO | [Inverse][square|pts=800|noise=0%] checkpoint saved at epoch=7499 -> outputs_refactor\full_matrix_rerun_20260214_112937\checkpoints\square\inverse_pts_800_noise_0_last.pth
2026-02-14 12:49:11,857 | INFO | [Inverse][square|pts=800|noise=0%] epoch=7499/11999 total=2.892e-03 pde=3.604e-04 bc=3.507e-05 data=2.180e-05 best=2.015e-03 lr=4.10e-04
2026-02-14 12:49:13,287 | INFO | [Inverse][square|pts=800|noise=0%] epoch=7599/11999 total=2.878e-03 pde=3.565e-04 bc=3.464e-05 data=2.175e-05 best=2.015e-03 lr=4.10e-04
2026-02-14 12:49:14,700 | INFO | [Inverse][square|pts=800|noise=0%] epoch=7699/11999 total=2.836e-03 pde=3.517e-04 bc=3.406e-05 data=2.144e-05 best=2.015e-03 lr=4.10e-04
2026-02-14 12:49:16,126 | INFO | [Inverse][square|pts=800|noise=0%] epoch=7799/11999 total=2.794e-03 pde=3.469e-04 bc=3.340e-05 data=2.113e-05 best=2.015e-03 lr=4.10e-04
2026-02-14 12:49:17,548 | INFO | [Inverse][square|pts=800|noise=0%] epoch=7899/11999 total=2.523e-03 pde=3.334e-04 bc=3.186e-05 data=1.871e-05 best=2.015e-03 lr=3.28e-04
2026-02-14 12:49:18,990 | INFO | [Inverse][square|pts=800|noise=0%] checkpoint saved at epoch=7999 -> outputs_refactor\full_matrix_rerun_20260214_112937\checkpoints\square\inverse_pts_800_noise_0_last.pth
2026-02-14 12:49:18,991 | INFO | [Inverse][square|pts=800|noise=0%] epoch=7999/11999 total=2.432e-03 pde=3.284e-04 bc=3.230e-05 data=1.781e-05 best=2.015e-03 lr=3.28e-04
2026-02-14 12:49:20,428 | INFO | [Inverse][square|pts=800|noise=0%] epoch=8099/11999 total=2.346e-03 pde=3.230e-04 bc=3.222e-05 data=1.700e-05 best=2.015e-03 lr=3.28e-04
2026-02-14 12:49:21,842 | INFO | [Inverse][square|pts=800|noise=0%] epoch=8199/11999 total=2.247e-03 pde=3.165e-04 bc=3.169e-05 data=1.614e-05 best=2.015e-03 lr=3.28e-04
2026-02-14 12:49:23,250 | INFO | [Inverse][square|pts=800|noise=0%] epoch=8299/11999 total=2.149e-03 pde=3.098e-04 bc=3.113e-05 data=1.528e-05 best=2.015e-03 lr=3.28e-04
2026-02-14 12:49:24,710 | INFO | [Inverse][square|pts=800|noise=0%] epoch=8399/11999 total=1.859e-03 pde=2.938e-04 bc=3.068e-05 data=1.258e-05 best=1.857e-03 lr=2.62e-04
2026-02-14 12:49:26,465 | INFO | [Inverse][square|pts=800|noise=0%] checkpoint saved at epoch=8499 -> outputs_refactor\full_matrix_rerun_20260214_112937\checkpoints\square\inverse_pts_800_noise_0_last.pth
2026-02-14 12:49:26,465 | INFO | [Inverse][square|pts=800|noise=0%] epoch=8499/11999 total=1.835e-03 pde=2.910e-04 bc=3.076e-05 data=1.237e-05 best=1.835e-03 lr=2.62e-04
2026-02-14 12:49:28,256 | INFO | [Inverse][square|pts=800|noise=0%] epoch=8599/11999 total=1.814e-03 pde=2.879e-04 bc=3.052e-05 data=1.221e-05 best=1.814e-03 lr=2.62e-04
2026-02-14 12:49:30,053 | INFO | [Inverse][square|pts=800|noise=0%] epoch=8699/11999 total=1.792e-03 pde=2.844e-04 bc=3.028e-05 data=1.205e-05 best=1.792e-03 lr=2.62e-04
2026-02-14 12:49:31,869 | INFO | [Inverse][square|pts=800|noise=0%] epoch=8799/11999 total=1.771e-03 pde=2.807e-04 bc=3.004e-05 data=1.190e-05 best=1.771e-03 lr=2.62e-04
2026-02-14 12:49:33,668 | INFO | [Inverse][square|pts=800|noise=0%] epoch=8899/11999 total=1.749e-03 pde=2.767e-04 bc=2.979e-05 data=1.174e-05 best=1.749e-03 lr=2.62e-04
2026-02-14 12:49:35,185 | INFO | [Inverse][square|pts=800|noise=0%] checkpoint saved at epoch=8999 -> outputs_refactor\full_matrix_rerun_20260214_112937\checkpoints\square\inverse_pts_800_noise_0_last.pth
2026-02-14 12:49:35,186 | INFO | [Inverse][square|pts=800|noise=0%] epoch=8999/11999 total=1.613e-02 pde=9.847e-04 bc=2.360e-04 data=1.278e-04 best=1.736e-03 lr=2.62e-04
2026-02-14 12:49:36,675 | INFO | [Inverse][square|pts=800|noise=0%] epoch=9099/11999 total=1.718e-03 pde=2.701e-04 bc=2.910e-05 data=1.157e-05 best=1.718e-03 lr=2.62e-04
2026-02-14 12:49:38,488 | INFO | [Inverse][square|pts=800|noise=0%] epoch=9199/11999 total=1.697e-03 pde=2.665e-04 bc=2.919e-05 data=1.139e-05 best=1.697e-03 lr=2.62e-04
2026-02-14 12:49:40,087 | INFO | [Inverse][square|pts=800|noise=0%] epoch=9299/11999 total=2.052e-03 pde=2.804e-04 bc=3.991e-05 data=1.373e-05 best=1.678e-03 lr=2.62e-04
2026-02-14 12:49:41,604 | INFO | [Inverse][square|pts=800|noise=0%] epoch=9399/11999 total=1.666e-03 pde=2.596e-04 bc=2.786e-05 data=1.128e-05 best=1.662e-03 lr=2.62e-04
2026-02-14 12:49:43,046 | INFO | [Inverse][square|pts=800|noise=0%] checkpoint saved at epoch=9499 -> outputs_refactor\full_matrix_rerun_20260214_112937\checkpoints\square\inverse_pts_800_noise_0_last.pth
2026-02-14 12:49:43,047 | INFO | [Inverse][square|pts=800|noise=0%] epoch=9499/11999 total=1.821e-03 pde=2.635e-04 bc=3.564e-05 data=1.201e-05 best=1.652e-03 lr=2.62e-04
2026-02-14 12:49:44,489 | INFO | [Inverse][square|pts=800|noise=0%] epoch=9599/11999 total=1.668e-03 pde=2.539e-04 bc=3.076e-05 data=1.106e-05 best=1.624e-03 lr=2.62e-04
2026-02-14 12:49:45,926 | INFO | [Inverse][square|pts=800|noise=0%] epoch=9699/11999 total=1.689e-03 pde=2.520e-04 bc=3.249e-05 data=1.112e-05 best=1.613e-03 lr=2.62e-04
2026-02-14 12:49:47,376 | INFO | [Inverse][square|pts=800|noise=0%] epoch=9799/11999 total=1.601e-03 pde=2.454e-04 bc=2.856e-05 data=1.070e-05 best=1.595e-03 lr=2.62e-04
2026-02-14 12:49:48,829 | INFO | [Inverse][square|pts=800|noise=0%] epoch=9899/11999 total=1.574e-03 pde=2.415e-04 bc=2.741e-05 data=1.058e-05 best=1.574e-03 lr=2.62e-04
2026-02-14 12:49:50,323 | INFO | [Inverse][square|pts=800|noise=0%] checkpoint saved at epoch=9999 -> outputs_refactor\full_matrix_rerun_20260214_112937\checkpoints\square\inverse_pts_800_noise_0_last.pth
2026-02-14 12:49:50,323 | INFO | [Inverse][square|pts=800|noise=0%] epoch=9999/11999 total=1.974e-03 pde=2.637e-04 bc=3.388e-05 data=1.372e-05 best=1.554e-03 lr=2.62e-04
2026-02-14 12:49:51,768 | INFO | [Inverse][square|pts=800|noise=0%] epoch=10099/11999 total=2.261e-03 pde=2.773e-04 bc=3.069e-05 data=1.677e-05 best=1.554e-03 lr=2.62e-04
2026-02-14 12:49:53,220 | INFO | [Inverse][square|pts=800|noise=0%] epoch=10199/11999 total=2.335e-03 pde=2.787e-04 bc=3.042e-05 data=1.752e-05 best=1.554e-03 lr=2.62e-04
2026-02-14 12:49:54,628 | INFO | [Inverse][square|pts=800|noise=0%] epoch=10299/11999 total=2.019e-03 pde=2.553e-04 bc=2.554e-05 data=1.509e-05 best=1.554e-03 lr=2.62e-04
2026-02-14 12:49:56,056 | INFO | [Inverse][square|pts=800|noise=0%] epoch=10399/11999 total=2.006e-03 pde=2.377e-04 bc=2.233e-05 data=1.545e-05 best=1.554e-03 lr=2.62e-04
2026-02-14 12:49:57,487 | INFO | [Inverse][square|pts=800|noise=0%] checkpoint saved at epoch=10499 -> outputs_refactor\full_matrix_rerun_20260214_112937\checkpoints\square\inverse_pts_800_noise_0_last.pth
2026-02-14 12:49:57,487 | INFO | [Inverse][square|pts=800|noise=0%] epoch=10499/11999 total=1.679e-03 pde=2.306e-04 bc=2.379e-05 data=1.211e-05 best=1.554e-03 lr=2.10e-04
2026-02-14 12:49:59,079 | INFO | [Inverse][square|pts=800|noise=0%] epoch=10599/11999 total=1.500e-03 pde=2.260e-04 bc=2.680e-05 data=1.006e-05 best=1.500e-03 lr=2.10e-04
2026-02-14 12:50:00,882 | INFO | [Inverse][square|pts=800|noise=0%] epoch=10699/11999 total=1.489e-03 pde=2.237e-04 bc=2.661e-05 data=9.997e-06 best=1.489e-03 lr=2.10e-04
2026-02-14 12:50:03,053 | INFO | [Inverse][square|pts=800|noise=0%] epoch=10799/11999 total=1.479e-03 pde=2.214e-04 bc=2.645e-05 data=9.933e-06 best=1.479e-03 lr=2.10e-04
2026-02-14 12:50:05,399 | INFO | [Inverse][square|pts=800|noise=0%] epoch=10899/11999 total=1.469e-03 pde=2.191e-04 bc=2.629e-05 data=9.868e-06 best=1.469e-03 lr=2.10e-04
2026-02-14 12:50:07,693 | INFO | [Inverse][square|pts=800|noise=0%] checkpoint saved at epoch=10999 -> outputs_refactor\full_matrix_rerun_20260214_112937\checkpoints\square\inverse_pts_800_noise_0_last.pth
2026-02-14 12:50:07,693 | INFO | [Inverse][square|pts=800|noise=0%] epoch=10999/11999 total=2.345e-02 pde=1.681e-03 bc=2.457e-04 data=1.931e-04 best=1.463e-03 lr=2.10e-04
2026-02-14 12:50:09,428 | INFO | [Inverse][square|pts=800|noise=0%] epoch=11099/11999 total=1.885e-03 pde=2.390e-04 bc=3.709e-05 data=1.275e-05 best=1.463e-03 lr=2.10e-04
2026-02-14 12:50:11,230 | INFO | [Inverse][square|pts=800|noise=0%] epoch=11199/11999 total=1.717e-03 pde=2.281e-04 bc=3.357e-05 data=1.154e-05 best=1.463e-03 lr=2.10e-04
2026-02-14 12:50:12,811 | INFO | [Inverse][square|pts=800|noise=0%] epoch=11299/11999 total=1.682e-03 pde=2.251e-04 bc=3.240e-05 data=1.133e-05 best=1.463e-03 lr=2.10e-04
2026-02-14 12:50:14,411 | INFO | [Inverse][square|pts=800|noise=0%] epoch=11399/11999 total=1.699e-03 pde=2.254e-04 bc=3.231e-05 data=1.150e-05 best=1.463e-03 lr=2.10e-04
2026-02-14 12:50:16,050 | INFO | [Inverse][square|pts=800|noise=0%] checkpoint saved at epoch=11499 -> outputs_refactor\full_matrix_rerun_20260214_112937\checkpoints\square\inverse_pts_800_noise_0_last.pth
2026-02-14 12:50:16,051 | INFO | [Inverse][square|pts=800|noise=0%] epoch=11499/11999 total=1.433e-03 pde=2.078e-04 bc=2.557e-05 data=9.691e-06 best=1.433e-03 lr=1.68e-04
2026-02-14 12:50:18,117 | INFO | [Inverse][square|pts=800|noise=0%] epoch=11599/11999 total=1.425e-03 pde=2.068e-04 bc=2.562e-05 data=9.618e-06 best=1.425e-03 lr=1.68e-04
2026-02-14 12:50:20,180 | INFO | [Inverse][square|pts=800|noise=0%] epoch=11699/11999 total=1.417e-03 pde=2.056e-04 bc=2.550e-05 data=9.568e-06 best=1.417e-03 lr=1.68e-04
2026-02-14 12:50:22,169 | INFO | [Inverse][square|pts=800|noise=0%] epoch=11799/11999 total=1.410e-03 pde=2.041e-04 bc=2.538e-05 data=9.518e-06 best=1.410e-03 lr=1.68e-04
2026-02-14 12:50:24,144 | INFO | [Inverse][square|pts=800|noise=0%] epoch=11899/11999 total=1.402e-03 pde=2.026e-04 bc=2.525e-05 data=9.469e-06 best=1.402e-03 lr=1.68e-04
2026-02-14 12:50:26,133 | INFO | [Inverse][square|pts=800|noise=0%] checkpoint saved at epoch=11999 -> outputs_refactor\full_matrix_rerun_20260214_112937\checkpoints\square\inverse_pts_800_noise_0_last.pth
2026-02-14 12:50:26,133 | INFO | [Inverse][square|pts=800|noise=0%] epoch=11999/11999 total=1.394e-03 pde=2.008e-04 bc=2.512e-05 data=9.419e-06 best=1.394e-03 lr=1.68e-04
2026-02-14 12:50:26,801 | INFO | [Inverse][pts_800_noise_1] start training charge=square points=800 noise=1%
2026-02-14 12:50:26,831 | INFO | [Inverse][square|pts=800|noise=1%] epoch=0/11999 total=4.646e+00 pde=1.171e-02 bc=2.740e-02 data=4.361e-02 best=4.646e+00 lr=1.00e-03
2026-02-14 12:50:28,711 | INFO | [Inverse][square|pts=800|noise=1%] epoch=99/11999 total=3.794e-01 pde=1.171e-01 bc=1.661e-03 data=2.457e-03 best=3.794e-01 lr=1.00e-03
2026-02-14 12:50:30,456 | INFO | [Inverse][square|pts=800|noise=1%] epoch=199/11999 total=2.230e-01 pde=7.090e-02 bc=7.253e-04 data=1.448e-03 best=2.189e-01 lr=1.00e-03
2026-02-14 12:50:32,236 | INFO | [Inverse][square|pts=800|noise=1%] epoch=299/11999 total=1.413e-01 pde=2.472e-02 bc=7.158e-04 data=1.094e-03 best=1.413e-01 lr=1.00e-03
2026-02-14 12:50:33,993 | INFO | [Inverse][square|pts=800|noise=1%] epoch=399/11999 total=1.063e-01 pde=1.141e-02 bc=1.151e-03 data=8.337e-04 best=9.066e-02 lr=1.00e-03
2026-02-14 12:50:35,589 | INFO | [Inverse][square|pts=800|noise=1%] checkpoint saved at epoch=499 -> outputs_refactor\full_matrix_rerun_20260214_112937\checkpoints\square\inverse_pts_800_noise_1_last.pth
2026-02-14 12:50:35,590 | INFO | [Inverse][square|pts=800|noise=1%] epoch=499/11999 total=7.208e-02 pde=7.345e-03 bc=4.038e-04 data=6.070e-04 best=7.208e-02 lr=1.00e-03
2026-02-14 12:50:37,225 | INFO | [Inverse][square|pts=800|noise=1%] epoch=599/11999 total=7.468e-02 pde=7.223e-03 bc=7.313e-04 data=6.015e-04 best=6.292e-02 lr=1.00e-03
2026-02-14 12:50:38,761 | INFO | [Inverse][square|pts=800|noise=1%] epoch=699/11999 total=6.171e-02 pde=8.363e-03 bc=5.351e-04 data=4.800e-04 best=5.964e-02 lr=1.00e-03
2026-02-14 12:50:40,434 | INFO | [Inverse][square|pts=800|noise=1%] epoch=799/11999 total=5.978e-02 pde=9.485e-03 bc=5.736e-04 data=4.456e-04 best=5.216e-02 lr=1.00e-03
2026-02-14 12:50:42,162 | INFO | [Inverse][square|pts=800|noise=1%] epoch=899/11999 total=5.460e-02 pde=9.976e-03 bc=4.930e-04 data=3.969e-04 best=4.743e-02 lr=1.00e-03
2026-02-14 12:50:43,923 | INFO | [Inverse][square|pts=800|noise=1%] checkpoint saved at epoch=999 -> outputs_refactor\full_matrix_rerun_20260214_112937\checkpoints\square\inverse_pts_800_noise_1_last.pth
2026-02-14 12:50:43,924 | INFO | [Inverse][square|pts=800|noise=1%] epoch=999/11999 total=4.889e-02 pde=1.008e-02 bc=4.070e-04 data=3.474e-04 best=4.262e-02 lr=1.00e-03
2026-02-14 12:50:45,576 | INFO | [Inverse][square|pts=800|noise=1%] epoch=1099/11999 total=4.940e-02 pde=9.512e-03 bc=3.444e-04 data=3.644e-04 best=4.096e-02 lr=1.00e-03
2026-02-14 12:50:47,101 | INFO | [Inverse][square|pts=800|noise=1%] epoch=1199/11999 total=4.353e-02 pde=8.824e-03 bc=2.975e-04 data=3.174e-04 best=3.911e-02 lr=1.00e-03
2026-02-14 12:50:48,664 | INFO | [Inverse][square|pts=800|noise=1%] epoch=1299/11999 total=4.224e-02 pde=8.234e-03 bc=3.206e-04 data=3.080e-04 best=3.614e-02 lr=1.00e-03
2026-02-14 12:50:50,213 | INFO | [Inverse][square|pts=800|noise=1%] epoch=1399/11999 total=3.648e-02 pde=7.689e-03 bc=2.684e-04 data=2.611e-04 best=3.432e-02 lr=1.00e-03
2026-02-14 12:50:51,900 | INFO | [Inverse][square|pts=800|noise=1%] checkpoint saved at epoch=1499 -> outputs_refactor\full_matrix_rerun_20260214_112937\checkpoints\square\inverse_pts_800_noise_1_last.pth
2026-02-14 12:50:51,901 | INFO | [Inverse][square|pts=800|noise=1%] epoch=1499/11999 total=3.344e-02 pde=7.143e-03 bc=2.295e-04 data=2.400e-04 best=3.176e-02 lr=1.00e-03
2026-02-14 12:50:53,613 | INFO | [Inverse][square|pts=800|noise=1%] epoch=1599/11999 total=2.789e-02 pde=6.468e-03 bc=1.532e-04 data=1.989e-04 best=2.430e-02 lr=1.00e-03
2026-02-14 12:50:55,399 | INFO | [Inverse][square|pts=800|noise=1%] epoch=1699/11999 total=2.948e-02 pde=5.893e-03 bc=2.159e-04 data=2.143e-04 best=2.362e-02 lr=1.00e-03
2026-02-14 12:50:57,004 | INFO | [Inverse][square|pts=800|noise=1%] epoch=1799/11999 total=2.420e-02 pde=5.309e-03 bc=1.561e-04 data=1.733e-04 best=2.139e-02 lr=1.00e-03
2026-02-14 12:50:58,639 | INFO | [Inverse][square|pts=800|noise=1%] epoch=1899/11999 total=2.219e-02 pde=4.835e-03 bc=1.549e-04 data=1.581e-04 best=1.984e-02 lr=1.00e-03
2026-02-14 12:51:00,253 | INFO | [Inverse][square|pts=800|noise=1%] checkpoint saved at epoch=1999 -> outputs_refactor\full_matrix_rerun_20260214_112937\checkpoints\square\inverse_pts_800_noise_1_last.pth
2026-02-14 12:51:00,253 | INFO | [Inverse][square|pts=800|noise=1%] epoch=1999/11999 total=1.774e-02 pde=4.345e-03 bc=8.086e-05 data=1.259e-04 best=1.468e-02 lr=1.00e-03
2026-02-14 12:51:01,827 | INFO | [Inverse][square|pts=800|noise=1%] epoch=2099/11999 total=6.279e-02 pde=3.177e-02 bc=4.579e-04 data=2.644e-04 best=1.400e-02 lr=1.00e-03
2026-02-14 12:51:03,380 | INFO | [Inverse][square|pts=800|noise=1%] epoch=2199/11999 total=1.608e-02 pde=3.839e-03 bc=1.175e-04 data=1.107e-04 best=1.308e-02 lr=1.00e-03
2026-02-14 12:51:05,006 | INFO | [Inverse][square|pts=800|noise=1%] epoch=2299/11999 total=1.751e-02 pde=3.698e-03 bc=8.350e-05 data=1.298e-04 best=1.297e-02 lr=1.00e-03
2026-02-14 12:51:06,917 | INFO | [Inverse][square|pts=800|noise=1%] epoch=2399/11999 total=1.410e-02 pde=3.546e-03 bc=5.018e-05 data=1.005e-04 best=1.297e-02 lr=1.00e-03
2026-02-14 12:51:08,566 | INFO | [Inverse][square|pts=800|noise=1%] checkpoint saved at epoch=2499 -> outputs_refactor\full_matrix_rerun_20260214_112937\checkpoints\square\inverse_pts_800_noise_1_last.pth
2026-02-14 12:51:08,567 | INFO | [Inverse][square|pts=800|noise=1%] epoch=2499/11999 total=1.322e-02 pde=3.358e-03 bc=4.567e-05 data=9.407e-05 best=1.254e-02 lr=1.00e-03
2026-02-14 12:51:10,294 | INFO | [Inverse][square|pts=800|noise=1%] epoch=2599/11999 total=1.494e-02 pde=3.193e-03 bc=6.678e-05 data=1.108e-04 best=1.254e-02 lr=1.00e-03
2026-02-14 12:51:11,928 | INFO | [Inverse][square|pts=800|noise=1%] epoch=2699/11999 total=1.452e-02 pde=2.982e-03 bc=6.540e-05 data=1.088e-04 best=1.232e-02 lr=1.00e-03
2026-02-14 12:51:13,671 | INFO | [Inverse][square|pts=800|noise=1%] epoch=2799/11999 total=1.367e-02 pde=2.763e-03 bc=5.741e-05 data=1.033e-04 best=1.232e-02 lr=1.00e-03
2026-02-14 12:51:15,406 | INFO | [Inverse][square|pts=800|noise=1%] epoch=2899/11999 total=1.381e-02 pde=2.551e-03 bc=5.836e-05 data=1.068e-04 best=1.072e-02 lr=1.00e-03
2026-02-14 12:51:17,265 | INFO | [Inverse][square|pts=800|noise=1%] checkpoint saved at epoch=2999 -> outputs_refactor\full_matrix_rerun_20260214_112937\checkpoints\square\inverse_pts_800_noise_1_last.pth
2026-02-14 12:51:17,266 | INFO | [Inverse][square|pts=800|noise=1%] epoch=2999/11999 total=1.237e-02 pde=2.301e-03 bc=4.848e-05 data=9.581e-05 best=1.072e-02 lr=1.00e-03
2026-02-14 12:51:18,964 | INFO | [Inverse][square|pts=800|noise=1%] epoch=3099/11999 total=1.236e-02 pde=2.095e-03 bc=4.307e-05 data=9.836e-05 best=1.072e-02 lr=1.00e-03
2026-02-14 12:51:20,908 | INFO | [Inverse][square|pts=800|noise=1%] epoch=3199/11999 total=8.348e-03 pde=1.859e-03 bc=2.355e-05 data=6.254e-05 best=8.348e-03 lr=1.00e-03
2026-02-14 12:51:22,750 | INFO | [Inverse][square|pts=800|noise=1%] epoch=3299/11999 total=8.405e-02 pde=3.246e-03 bc=1.052e-03 data=7.028e-04 best=7.388e-03 lr=1.00e-03
2026-02-14 12:51:24,402 | INFO | [Inverse][square|pts=800|noise=1%] epoch=3399/11999 total=9.001e-03 pde=1.520e-03 bc=4.841e-05 data=6.997e-05 best=7.388e-03 lr=1.00e-03
2026-02-14 12:51:26,150 | INFO | [Inverse][square|pts=800|noise=1%] checkpoint saved at epoch=3499 -> outputs_refactor\full_matrix_rerun_20260214_112937\checkpoints\square\inverse_pts_800_noise_1_last.pth
2026-02-14 12:51:26,150 | INFO | [Inverse][square|pts=800|noise=1%] epoch=3499/11999 total=1.080e-02 pde=1.409e-03 bc=6.990e-05 data=8.693e-05 best=7.388e-03 lr=1.00e-03
2026-02-14 12:51:27,757 | INFO | [Inverse][square|pts=800|noise=1%] epoch=3599/11999 total=1.476e-02 pde=1.341e-03 bc=1.588e-04 data=1.183e-04 best=6.596e-03 lr=1.00e-03
2026-02-14 12:51:29,327 | INFO | [Inverse][square|pts=800|noise=1%] epoch=3699/11999 total=1.305e-02 pde=1.275e-03 bc=1.063e-04 data=1.071e-04 best=6.596e-03 lr=1.00e-03
2026-02-14 12:51:30,822 | INFO | [Inverse][square|pts=800|noise=1%] epoch=3799/11999 total=1.183e-02 pde=1.202e-03 bc=1.085e-04 data=9.545e-05 best=6.596e-03 lr=1.00e-03
2026-02-14 12:51:32,341 | INFO | [Inverse][square|pts=800|noise=1%] epoch=3899/11999 total=1.048e-02 pde=1.119e-03 bc=9.552e-05 data=8.410e-05 best=6.340e-03 lr=1.00e-03
2026-02-14 12:51:33,833 | INFO | [Inverse][square|pts=800|noise=1%] checkpoint saved at epoch=3999 -> outputs_refactor\full_matrix_rerun_20260214_112937\checkpoints\square\inverse_pts_800_noise_1_last.pth
2026-02-14 12:51:33,834 | INFO | [Inverse][square|pts=800|noise=1%] epoch=3999/11999 total=9.799e-03 pde=1.057e-03 bc=8.842e-05 data=7.857e-05 best=6.340e-03 lr=1.00e-03
2026-02-14 12:51:35,362 | INFO | [Inverse][square|pts=800|noise=1%] epoch=4099/11999 total=9.987e-03 pde=1.016e-03 bc=6.921e-05 data=8.279e-05 best=6.234e-03 lr=1.00e-03
2026-02-14 12:51:36,982 | INFO | [Inverse][square|pts=800|noise=1%] epoch=4199/11999 total=9.535e-03 pde=9.542e-04 bc=9.217e-05 data=7.659e-05 best=6.234e-03 lr=1.00e-03
2026-02-14 12:51:38,468 | INFO | [Inverse][square|pts=800|noise=1%] epoch=4299/11999 total=9.233e-03 pde=9.291e-04 bc=7.211e-05 data=7.583e-05 best=6.234e-03 lr=1.00e-03
2026-02-14 12:51:39,997 | INFO | [Inverse][square|pts=800|noise=1%] epoch=4399/11999 total=1.057e-02 pde=9.571e-04 bc=5.605e-05 data=9.051e-05 best=5.932e-03 lr=1.00e-03
2026-02-14 12:51:41,525 | INFO | [Inverse][square|pts=800|noise=1%] checkpoint saved at epoch=4499 -> outputs_refactor\full_matrix_rerun_20260214_112937\checkpoints\square\inverse_pts_800_noise_1_last.pth
2026-02-14 12:51:41,526 | INFO | [Inverse][square|pts=800|noise=1%] epoch=4499/11999 total=1.193e-02 pde=8.927e-04 bc=1.560e-04 data=9.475e-05 best=4.392e-03 lr=1.00e-03
2026-02-14 12:51:43,058 | INFO | [Inverse][square|pts=800|noise=1%] epoch=4599/11999 total=1.295e-02 pde=9.586e-04 bc=1.685e-04 data=1.030e-04 best=4.392e-03 lr=1.00e-03
2026-02-14 12:51:44,563 | INFO | [Inverse][square|pts=800|noise=1%] epoch=4699/11999 total=1.267e-02 pde=9.463e-04 bc=1.707e-04 data=1.002e-04 best=4.392e-03 lr=1.00e-03
2026-02-14 12:51:46,095 | INFO | [Inverse][square|pts=800|noise=1%] epoch=4799/11999 total=7.703e-03 pde=7.742e-04 bc=1.052e-04 data=5.877e-05 best=4.392e-03 lr=1.00e-03
2026-02-14 12:51:47,578 | INFO | [Inverse][square|pts=800|noise=1%] epoch=4899/11999 total=9.929e-03 pde=8.230e-04 bc=1.469e-04 data=7.637e-05 best=4.392e-03 lr=1.00e-03
2026-02-14 12:51:49,064 | INFO | [Inverse][square|pts=800|noise=1%] checkpoint saved at epoch=4999 -> outputs_refactor\full_matrix_rerun_20260214_112937\checkpoints\square\inverse_pts_800_noise_1_last.pth
2026-02-14 12:51:49,064 | INFO | [Inverse][square|pts=800|noise=1%] epoch=4999/11999 total=6.133e-03 pde=6.887e-04 bc=9.068e-05 data=4.538e-05 best=4.392e-03 lr=8.00e-04
2026-02-14 12:51:50,597 | INFO | [Inverse][square|pts=800|noise=1%] epoch=5099/11999 total=6.251e-03 pde=6.542e-04 bc=8.946e-05 data=4.702e-05 best=4.392e-03 lr=8.00e-04
2026-02-14 12:51:52,145 | INFO | [Inverse][square|pts=800|noise=1%] epoch=5199/11999 total=4.489e-03 pde=5.915e-04 bc=6.395e-05 data=3.258e-05 best=4.076e-03 lr=8.00e-04
2026-02-14 12:51:53,661 | INFO | [Inverse][square|pts=800|noise=1%] epoch=5299/11999 total=4.652e-03 pde=8.261e-04 bc=3.940e-05 data=3.432e-05 best=3.388e-03 lr=8.00e-04
2026-02-14 12:51:55,187 | INFO | [Inverse][square|pts=800|noise=1%] epoch=5399/11999 total=3.991e-03 pde=5.747e-04 bc=3.531e-05 data=3.063e-05 best=3.388e-03 lr=8.00e-04
2026-02-14 12:51:56,731 | INFO | [Inverse][square|pts=800|noise=1%] checkpoint saved at epoch=5499 -> outputs_refactor\full_matrix_rerun_20260214_112937\checkpoints\square\inverse_pts_800_noise_1_last.pth
2026-02-14 12:51:56,732 | INFO | [Inverse][square|pts=800|noise=1%] epoch=5499/11999 total=4.673e-03 pde=5.795e-04 bc=4.069e-05 data=3.686e-05 best=3.388e-03 lr=8.00e-04
2026-02-14 12:51:58,333 | INFO | [Inverse][square|pts=800|noise=1%] epoch=5599/11999 total=5.266e-03 pde=5.840e-04 bc=4.481e-05 data=4.234e-05 best=3.388e-03 lr=8.00e-04
2026-02-14 12:51:59,913 | INFO | [Inverse][square|pts=800|noise=1%] epoch=5699/11999 total=4.537e-03 pde=5.533e-04 bc=4.390e-05 data=3.545e-05 best=3.388e-03 lr=8.00e-04
2026-02-14 12:52:01,441 | INFO | [Inverse][square|pts=800|noise=1%] epoch=5799/11999 total=3.742e-03 pde=5.268e-04 bc=3.239e-05 data=2.892e-05 best=3.388e-03 lr=6.40e-04
2026-02-14 12:52:02,926 | INFO | [Inverse][square|pts=800|noise=1%] epoch=5899/11999 total=4.025e-03 pde=5.276e-04 bc=3.833e-05 data=3.114e-05 best=3.388e-03 lr=6.40e-04
2026-02-14 12:52:04,411 | INFO | [Inverse][square|pts=800|noise=1%] checkpoint saved at epoch=5999 -> outputs_refactor\full_matrix_rerun_20260214_112937\checkpoints\square\inverse_pts_800_noise_1_last.pth
2026-02-14 12:52:04,411 | INFO | [Inverse][square|pts=800|noise=1%] epoch=5999/11999 total=4.008e-03 pde=5.213e-04 bc=4.122e-05 data=3.074e-05 best=3.388e-03 lr=6.40e-04
2026-02-14 12:52:06,052 | INFO | [Inverse][square|pts=800|noise=1%] epoch=6099/11999 total=3.958e-03 pde=5.115e-04 bc=4.710e-05 data=2.975e-05 best=3.388e-03 lr=6.40e-04
2026-02-14 12:52:07,806 | INFO | [Inverse][square|pts=800|noise=1%] epoch=6199/11999 total=3.732e-03 pde=5.047e-04 bc=4.800e-05 data=2.748e-05 best=2.909e-03 lr=6.40e-04
2026-02-14 12:52:09,380 | INFO | [Inverse][square|pts=800|noise=1%] epoch=6299/11999 total=4.660e-03 pde=5.123e-04 bc=5.425e-05 data=3.606e-05 best=2.857e-03 lr=6.40e-04
2026-02-14 12:52:11,038 | INFO | [Inverse][square|pts=800|noise=1%] epoch=6399/11999 total=6.436e-03 pde=5.608e-04 bc=8.683e-05 data=5.007e-05 best=2.857e-03 lr=6.40e-04
2026-02-14 12:52:12,917 | INFO | [Inverse][square|pts=800|noise=1%] checkpoint saved at epoch=6499 -> outputs_refactor\full_matrix_rerun_20260214_112937\checkpoints\square\inverse_pts_800_noise_1_last.pth
2026-02-14 12:52:12,918 | INFO | [Inverse][square|pts=800|noise=1%] epoch=6499/11999 total=5.535e-03 pde=5.419e-04 bc=7.703e-05 data=4.223e-05 best=2.857e-03 lr=6.40e-04
2026-02-14 12:52:14,581 | INFO | [Inverse][square|pts=800|noise=1%] epoch=6599/11999 total=4.831e-03 pde=5.282e-04 bc=6.984e-05 data=3.604e-05 best=2.857e-03 lr=6.40e-04
2026-02-14 12:52:16,218 | INFO | [Inverse][square|pts=800|noise=1%] epoch=6699/11999 total=4.502e-03 pde=5.217e-04 bc=6.607e-05 data=3.320e-05 best=2.857e-03 lr=6.40e-04
2026-02-14 12:52:17,925 | INFO | [Inverse][square|pts=800|noise=1%] epoch=6799/11999 total=4.228e-03 pde=5.021e-04 bc=5.395e-05 data=3.186e-05 best=2.857e-03 lr=5.12e-04
2026-02-14 12:52:19,804 | INFO | [Inverse][square|pts=800|noise=1%] epoch=6899/11999 total=3.714e-03 pde=4.907e-04 bc=4.774e-05 data=2.745e-05 best=2.857e-03 lr=5.12e-04
2026-02-14 12:52:21,326 | INFO | [Inverse][square|pts=800|noise=1%] checkpoint saved at epoch=6999 -> outputs_refactor\full_matrix_rerun_20260214_112937\checkpoints\square\inverse_pts_800_noise_1_last.pth
2026-02-14 12:52:21,327 | INFO | [Inverse][square|pts=800|noise=1%] epoch=6999/11999 total=3.608e-03 pde=4.875e-04 bc=4.535e-05 data=2.667e-05 best=2.857e-03 lr=5.12e-04
2026-02-14 12:52:22,889 | INFO | [Inverse][square|pts=800|noise=1%] epoch=7099/11999 total=3.595e-03 pde=4.839e-04 bc=4.049e-05 data=2.706e-05 best=2.857e-03 lr=5.12e-04
2026-02-14 12:52:24,389 | INFO | [Inverse][square|pts=800|noise=1%] epoch=7199/11999 total=3.582e-03 pde=4.812e-04 bc=3.837e-05 data=2.717e-05 best=2.857e-03 lr=5.12e-04
2026-02-14 12:52:25,984 | INFO | [Inverse][square|pts=800|noise=1%] epoch=7299/11999 total=2.902e-03 pde=4.652e-04 bc=3.245e-05 data=2.113e-05 best=2.809e-03 lr=4.10e-04
2026-02-14 12:52:27,741 | INFO | [Inverse][square|pts=800|noise=1%] epoch=7399/11999 total=4.914e-03 pde=4.990e-04 bc=7.674e-05 data=3.647e-05 best=2.505e-03 lr=4.10e-04
2026-02-14 12:52:29,418 | INFO | [Inverse][square|pts=800|noise=1%] checkpoint saved at epoch=7499 -> outputs_refactor\full_matrix_rerun_20260214_112937\checkpoints\square\inverse_pts_800_noise_1_last.pth
2026-02-14 12:52:29,419 | INFO | [Inverse][square|pts=800|noise=1%] epoch=7499/11999 total=4.143e-03 pde=8.374e-04 bc=3.236e-05 data=2.982e-05 best=2.456e-03 lr=4.10e-04
2026-02-14 12:52:31,034 | INFO | [Inverse][square|pts=800|noise=1%] epoch=7599/11999 total=2.569e-03 pde=4.504e-04 bc=3.634e-05 data=1.756e-05 best=2.452e-03 lr=4.10e-04
2026-02-14 12:52:32,690 | INFO | [Inverse][square|pts=800|noise=1%] epoch=7699/11999 total=4.562e-03 pde=4.642e-04 bc=3.490e-05 data=3.749e-05 best=2.445e-03 lr=4.10e-04
2026-02-14 12:52:34,337 | INFO | [Inverse][square|pts=800|noise=1%] epoch=7799/11999 total=2.709e-03 pde=4.434e-04 bc=3.100e-05 data=1.955e-05 best=2.445e-03 lr=4.10e-04
2026-02-14 12:52:35,932 | INFO | [Inverse][square|pts=800|noise=1%] epoch=7899/11999 total=2.908e-03 pde=4.489e-04 bc=4.152e-05 data=2.044e-05 best=2.428e-03 lr=4.10e-04
2026-02-14 12:52:37,553 | INFO | [Inverse][square|pts=800|noise=1%] checkpoint saved at epoch=7999 -> outputs_refactor\full_matrix_rerun_20260214_112937\checkpoints\square\inverse_pts_800_noise_1_last.pth
2026-02-14 12:52:37,554 | INFO | [Inverse][square|pts=800|noise=1%] epoch=7999/11999 total=3.048e-03 pde=4.519e-04 bc=3.696e-05 data=2.227e-05 best=2.428e-03 lr=4.10e-04
2026-02-14 12:52:39,204 | INFO | [Inverse][square|pts=800|noise=1%] epoch=8099/11999 total=3.114e-03 pde=4.510e-04 bc=3.836e-05 data=2.280e-05 best=2.428e-03 lr=4.10e-04
2026-02-14 12:52:40,898 | INFO | [Inverse][square|pts=800|noise=1%] epoch=8199/11999 total=2.964e-03 pde=4.438e-04 bc=3.775e-05 data=2.142e-05 best=2.428e-03 lr=4.10e-04
2026-02-14 12:52:42,448 | INFO | [Inverse][square|pts=800|noise=1%] epoch=8299/11999 total=2.873e-03 pde=4.378e-04 bc=3.766e-05 data=2.058e-05 best=2.428e-03 lr=4.10e-04
2026-02-14 12:52:44,192 | INFO | [Inverse][square|pts=800|noise=1%] epoch=8399/11999 total=2.331e-03 pde=4.175e-04 bc=3.577e-05 data=1.556e-05 best=2.304e-03 lr=3.28e-04
2026-02-14 12:52:45,754 | INFO | [Inverse][square|pts=800|noise=1%] checkpoint saved at epoch=8499 -> outputs_refactor\full_matrix_rerun_20260214_112937\checkpoints\square\inverse_pts_800_noise_1_last.pth
2026-02-14 12:52:45,755 | INFO | [Inverse][square|pts=800|noise=1%] epoch=8499/11999 total=2.320e-03 pde=4.134e-04 bc=3.629e-05 data=1.544e-05 best=2.282e-03 lr=3.28e-04
2026-02-14 12:52:47,412 | INFO | [Inverse][square|pts=800|noise=1%] epoch=8599/11999 total=2.260e-03 pde=4.070e-04 bc=3.351e-05 data=1.518e-05 best=2.260e-03 lr=3.28e-04
2026-02-14 12:52:49,040 | INFO | [Inverse][square|pts=800|noise=1%] epoch=8699/11999 total=2.338e-03 pde=4.052e-04 bc=2.963e-05 data=1.636e-05 best=2.245e-03 lr=3.28e-04
2026-02-14 12:52:50,660 | INFO | [Inverse][square|pts=800|noise=1%] epoch=8799/11999 total=2.376e-03 pde=4.009e-04 bc=4.014e-05 data=1.573e-05 best=2.226e-03 lr=3.28e-04
2026-02-14 12:52:52,277 | INFO | [Inverse][square|pts=800|noise=1%] epoch=8899/11999 total=2.250e-03 pde=3.911e-04 bc=3.645e-05 data=1.495e-05 best=2.200e-03 lr=3.28e-04
2026-02-14 12:52:54,213 | INFO | [Inverse][square|pts=800|noise=1%] checkpoint saved at epoch=8999 -> outputs_refactor\full_matrix_rerun_20260214_112937\checkpoints\square\inverse_pts_800_noise_1_last.pth
2026-02-14 12:52:54,214 | INFO | [Inverse][square|pts=800|noise=1%] epoch=8999/11999 total=2.188e-03 pde=3.836e-04 bc=3.115e-05 data=1.493e-05 best=2.177e-03 lr=3.28e-04
2026-02-14 12:52:55,779 | INFO | [Inverse][square|pts=800|noise=1%] epoch=9099/11999 total=2.173e-03 pde=3.774e-04 bc=3.089e-05 data=1.486e-05 best=2.171e-03 lr=3.28e-04
2026-02-14 12:52:57,370 | INFO | [Inverse][square|pts=800|noise=1%] epoch=9199/11999 total=2.150e-03 pde=3.707e-04 bc=3.409e-05 data=1.438e-05 best=2.147e-03 lr=3.28e-04
2026-02-14 12:52:58,943 | INFO | [Inverse][square|pts=800|noise=1%] epoch=9299/11999 total=2.121e-03 pde=3.639e-04 bc=3.333e-05 data=1.424e-05 best=2.116e-03 lr=3.28e-04
2026-02-14 12:53:00,453 | INFO | [Inverse][square|pts=800|noise=1%] epoch=9399/11999 total=2.192e-03 pde=3.610e-04 bc=3.719e-05 data=1.460e-05 best=2.106e-03 lr=3.28e-04
2026-02-14 12:53:02,003 | INFO | [Inverse][square|pts=800|noise=1%] checkpoint saved at epoch=9499 -> outputs_refactor\full_matrix_rerun_20260214_112937\checkpoints\square\inverse_pts_800_noise_1_last.pth
2026-02-14 12:53:02,004 | INFO | [Inverse][square|pts=800|noise=1%] epoch=9499/11999 total=2.230e-03 pde=3.571e-04 bc=3.851e-05 data=1.488e-05 best=2.084e-03 lr=3.28e-04
2026-02-14 12:53:03,558 | INFO | [Inverse][square|pts=800|noise=1%] epoch=9599/11999 total=2.327e-03 pde=3.530e-04 bc=3.535e-05 data=1.621e-05 best=2.061e-03 lr=3.28e-04
2026-02-14 12:53:05,056 | INFO | [Inverse][square|pts=800|noise=1%] epoch=9699/11999 total=5.391e-03 pde=1.056e-03 bc=7.509e-05 data=3.584e-05 best=2.051e-03 lr=3.28e-04
2026-02-14 12:53:06,523 | INFO | [Inverse][square|pts=800|noise=1%] epoch=9799/11999 total=5.276e-03 pde=3.855e-04 bc=3.088e-05 data=4.582e-05 best=2.051e-03 lr=3.28e-04
2026-02-14 12:53:08,070 | INFO | [Inverse][square|pts=800|noise=1%] epoch=9899/11999 total=2.907e-03 pde=3.454e-04 bc=5.172e-05 data=2.044e-05 best=2.051e-03 lr=3.28e-04
2026-02-14 12:53:09,560 | INFO | [Inverse][square|pts=800|noise=1%] checkpoint saved at epoch=9999 -> outputs_refactor\full_matrix_rerun_20260214_112937\checkpoints\square\inverse_pts_800_noise_1_last.pth
2026-02-14 12:53:09,560 | INFO | [Inverse][square|pts=800|noise=1%] epoch=9999/11999 total=3.252e-03 pde=3.486e-04 bc=5.649e-05 data=2.339e-05 best=2.051e-03 lr=3.28e-04
2026-02-14 12:53:11,079 | INFO | [Inverse][square|pts=800|noise=1%] epoch=10099/11999 total=3.722e-03 pde=1.915e-03 bc=3.330e-05 data=1.475e-05 best=2.051e-03 lr=3.28e-04
2026-02-14 12:53:12,563 | INFO | [Inverse][square|pts=800|noise=1%] epoch=10199/11999 total=2.769e-03 pde=3.343e-04 bc=2.619e-05 data=2.172e-05 best=2.030e-03 lr=3.28e-04
2026-02-14 12:53:14,037 | INFO | [Inverse][square|pts=800|noise=1%] epoch=10299/11999 total=2.691e-03 pde=3.424e-04 bc=3.756e-05 data=1.973e-05 best=2.030e-03 lr=3.28e-04
2026-02-14 12:53:15,537 | INFO | [Inverse][square|pts=800|noise=1%] epoch=10399/11999 total=2.699e-03 pde=3.407e-04 bc=3.781e-05 data=1.981e-05 best=2.030e-03 lr=3.28e-04
2026-02-14 12:53:17,043 | INFO | [Inverse][square|pts=800|noise=1%] checkpoint saved at epoch=10499 -> outputs_refactor\full_matrix_rerun_20260214_112937\checkpoints\square\inverse_pts_800_noise_1_last.pth
2026-02-14 12:53:17,044 | INFO | [Inverse][square|pts=800|noise=1%] epoch=10499/11999 total=2.750e-03 pde=3.402e-04 bc=3.841e-05 data=2.026e-05 best=2.030e-03 lr=3.28e-04
2026-02-14 12:53:18,564 | INFO | [Inverse][square|pts=800|noise=1%] epoch=10599/11999 total=2.448e-03 pde=3.328e-04 bc=4.546e-05 data=1.660e-05 best=1.989e-03 lr=3.28e-04
2026-02-14 12:53:20,049 | INFO | [Inverse][square|pts=800|noise=1%] epoch=10699/11999 total=3.570e-03 pde=3.683e-04 bc=5.457e-05 data=2.656e-05 best=1.989e-03 lr=3.28e-04
2026-02-14 12:53:21,556 | INFO | [Inverse][square|pts=800|noise=1%] epoch=10799/11999 total=2.555e-03 pde=3.335e-04 bc=2.879e-05 data=1.933e-05 best=1.989e-03 lr=3.28e-04
2026-02-14 12:53:23,011 | INFO | [Inverse][square|pts=800|noise=1%] epoch=10899/11999 total=2.228e-03 pde=3.190e-04 bc=2.815e-05 data=1.627e-05 best=1.989e-03 lr=3.28e-04
2026-02-14 12:53:24,490 | INFO | [Inverse][square|pts=800|noise=1%] checkpoint saved at epoch=10999 -> outputs_refactor\full_matrix_rerun_20260214_112937\checkpoints\square\inverse_pts_800_noise_1_last.pth
2026-02-14 12:53:24,490 | INFO | [Inverse][square|pts=800|noise=1%] epoch=10999/11999 total=2.427e-03 pde=3.252e-04 bc=2.852e-05 data=1.817e-05 best=1.989e-03 lr=3.28e-04
2026-02-14 12:53:26,000 | INFO | [Inverse][square|pts=800|noise=1%] epoch=11099/11999 total=2.180e-03 pde=3.136e-04 bc=2.816e-05 data=1.585e-05 best=1.989e-03 lr=2.62e-04
2026-02-14 12:53:27,493 | INFO | [Inverse][square|pts=800|noise=1%] epoch=11199/11999 total=2.173e-03 pde=3.121e-04 bc=2.830e-05 data=1.578e-05 best=1.989e-03 lr=2.62e-04
2026-02-14 12:53:28,972 | INFO | [Inverse][square|pts=800|noise=1%] epoch=11299/11999 total=2.177e-03 pde=3.107e-04 bc=2.813e-05 data=1.585e-05 best=1.989e-03 lr=2.62e-04
2026-02-14 12:53:30,463 | INFO | [Inverse][square|pts=800|noise=1%] epoch=11399/11999 total=2.177e-03 pde=3.088e-04 bc=2.780e-05 data=1.590e-05 best=1.989e-03 lr=2.62e-04
2026-02-14 12:53:31,951 | INFO | [Inverse][square|pts=800|noise=1%] checkpoint saved at epoch=11499 -> outputs_refactor\full_matrix_rerun_20260214_112937\checkpoints\square\inverse_pts_800_noise_1_last.pth
2026-02-14 12:53:31,952 | INFO | [Inverse][square|pts=800|noise=1%] epoch=11499/11999 total=2.092e-03 pde=3.033e-04 bc=2.773e-05 data=1.511e-05 best=1.989e-03 lr=2.62e-04
2026-02-14 12:53:33,450 | INFO | [Inverse][square|pts=800|noise=1%] epoch=11599/11999 total=2.123e-03 pde=3.026e-04 bc=2.750e-05 data=1.545e-05 best=1.989e-03 lr=2.10e-04
2026-02-14 12:53:35,229 | INFO | [Inverse][square|pts=800|noise=1%] epoch=11699/11999 total=1.902e-03 pde=2.923e-04 bc=3.106e-05 data=1.299e-05 best=1.902e-03 lr=2.10e-04
2026-02-14 12:53:37,172 | INFO | [Inverse][square|pts=800|noise=1%] epoch=11799/11999 total=1.893e-03 pde=2.903e-04 bc=3.094e-05 data=1.293e-05 best=1.893e-03 lr=2.10e-04
2026-02-14 12:53:39,095 | INFO | [Inverse][square|pts=800|noise=1%] epoch=11899/11999 total=1.884e-03 pde=2.881e-04 bc=3.088e-05 data=1.287e-05 best=1.884e-03 lr=2.10e-04
2026-02-14 12:53:41,039 | INFO | [Inverse][square|pts=800|noise=1%] checkpoint saved at epoch=11999 -> outputs_refactor\full_matrix_rerun_20260214_112937\checkpoints\square\inverse_pts_800_noise_1_last.pth
2026-02-14 12:53:41,040 | INFO | [Inverse][square|pts=800|noise=1%] epoch=11999/11999 total=1.875e-03 pde=2.857e-04 bc=3.081e-05 data=1.281e-05 best=1.875e-03 lr=2.10e-04
2026-02-14 12:53:41,687 | INFO | [Inverse][pts_800_noise_2] start training charge=square points=800 noise=2%
2026-02-14 12:53:41,714 | INFO | [Inverse][square|pts=800|noise=2%] epoch=0/11999 total=1.462e+01 pde=1.716e-02 bc=1.870e-01 data=1.274e-01 best=1.462e+01 lr=1.00e-03
2026-02-14 12:53:43,467 | INFO | [Inverse][square|pts=800|noise=2%] epoch=99/11999 total=3.384e-01 pde=1.317e-01 bc=9.849e-04 data=1.969e-03 best=3.384e-01 lr=1.00e-03
2026-02-14 12:53:45,097 | INFO | [Inverse][square|pts=800|noise=2%] epoch=199/11999 total=2.492e-01 pde=7.102e-02 bc=1.636e-03 data=1.618e-03 best=2.282e-01 lr=1.00e-03
2026-02-14 12:53:46,836 | INFO | [Inverse][square|pts=800|noise=2%] epoch=299/11999 total=2.012e-01 pde=4.812e-02 bc=1.594e-03 data=1.371e-03 best=1.879e-01 lr=1.00e-03
2026-02-14 12:53:48,477 | INFO | [Inverse][square|pts=800|noise=2%] epoch=399/11999 total=1.588e-01 pde=2.963e-02 bc=1.321e-03 data=1.159e-03 best=1.552e-01 lr=1.00e-03
2026-02-14 12:53:50,179 | INFO | [Inverse][square|pts=800|noise=2%] checkpoint saved at epoch=499 -> outputs_refactor\full_matrix_rerun_20260214_112937\checkpoints\square\inverse_pts_800_noise_2_last.pth
2026-02-14 12:53:50,179 | INFO | [Inverse][square|pts=800|noise=2%] epoch=499/11999 total=1.166e-01 pde=1.355e-02 bc=1.068e-03 data=9.234e-04 best=1.146e-01 lr=1.00e-03
2026-02-14 12:53:51,833 | INFO | [Inverse][square|pts=800|noise=2%] epoch=599/11999 total=8.665e-02 pde=9.628e-03 bc=2.103e-04 data=7.492e-04 best=8.176e-02 lr=1.00e-03
2026-02-14 12:53:53,382 | INFO | [Inverse][square|pts=800|noise=2%] epoch=699/11999 total=9.947e-02 pde=1.175e-02 bc=9.510e-04 data=7.821e-04 best=6.509e-02 lr=1.00e-03
2026-02-14 12:53:54,897 | INFO | [Inverse][square|pts=800|noise=2%] epoch=799/11999 total=6.024e-02 pde=1.359e-02 bc=3.316e-04 data=4.334e-04 best=5.826e-02 lr=1.00e-03
2026-02-14 12:53:56,402 | INFO | [Inverse][square|pts=800|noise=2%] epoch=899/11999 total=8.316e-02 pde=1.389e-02 bc=8.398e-04 data=6.087e-04 best=5.517e-02 lr=1.00e-03
2026-02-14 12:53:57,914 | INFO | [Inverse][square|pts=800|noise=2%] checkpoint saved at epoch=999 -> outputs_refactor\full_matrix_rerun_20260214_112937\checkpoints\square\inverse_pts_800_noise_2_last.pth
2026-02-14 12:53:57,915 | INFO | [Inverse][square|pts=800|noise=2%] epoch=999/11999 total=5.926e-02 pde=1.330e-02 bc=4.372e-04 data=4.159e-04 best=5.176e-02 lr=1.00e-03
2026-02-14 12:53:59,412 | INFO | [Inverse][square|pts=800|noise=2%] epoch=1099/11999 total=5.208e-02 pde=1.244e-02 bc=2.481e-04 data=3.716e-04 best=4.947e-02 lr=1.00e-03
2026-02-14 12:54:00,945 | INFO | [Inverse][square|pts=800|noise=2%] epoch=1199/11999 total=4.779e-02 pde=1.051e-02 bc=3.584e-04 data=3.370e-04 best=4.154e-02 lr=1.00e-03
2026-02-14 12:54:02,447 | INFO | [Inverse][square|pts=800|noise=2%] epoch=1299/11999 total=3.590e-02 pde=8.847e-03 bc=2.327e-04 data=2.472e-04 best=3.590e-02 lr=1.00e-03
2026-02-14 12:54:03,951 | INFO | [Inverse][square|pts=800|noise=2%] epoch=1399/11999 total=3.319e-02 pde=7.539e-03 bc=2.264e-04 data=2.339e-04 best=3.159e-02 lr=1.00e-03
2026-02-14 12:54:05,477 | INFO | [Inverse][square|pts=800|noise=2%] checkpoint saved at epoch=1499 -> outputs_refactor\full_matrix_rerun_20260214_112937\checkpoints\square\inverse_pts_800_noise_2_last.pth
2026-02-14 12:54:05,477 | INFO | [Inverse][square|pts=800|noise=2%] epoch=1499/11999 total=3.374e-02 pde=6.855e-03 bc=2.919e-04 data=2.397e-04 best=2.942e-02 lr=1.00e-03
2026-02-14 12:54:06,982 | INFO | [Inverse][square|pts=800|noise=2%] epoch=1599/11999 total=3.216e-02 pde=6.404e-03 bc=2.960e-04 data=2.280e-04 best=2.670e-02 lr=1.00e-03
2026-02-14 12:54:08,549 | INFO | [Inverse][square|pts=800|noise=2%] epoch=1699/11999 total=2.695e-02 pde=5.907e-03 bc=2.272e-04 data=1.877e-04 best=2.521e-02 lr=1.00e-03
2026-02-14 12:54:10,138 | INFO | [Inverse][square|pts=800|noise=2%] epoch=1799/11999 total=2.329e-02 pde=5.178e-03 bc=1.881e-04 data=1.623e-04 best=2.284e-02 lr=1.00e-03
2026-02-14 12:54:11,735 | INFO | [Inverse][square|pts=800|noise=2%] epoch=1899/11999 total=2.210e-02 pde=4.266e-03 bc=1.938e-04 data=1.589e-04 best=1.859e-02 lr=1.00e-03
2026-02-14 12:54:13,285 | INFO | [Inverse][square|pts=800|noise=2%] checkpoint saved at epoch=1999 -> outputs_refactor\full_matrix_rerun_20260214_112937\checkpoints\square\inverse_pts_800_noise_2_last.pth
2026-02-14 12:54:13,286 | INFO | [Inverse][square|pts=800|noise=2%] epoch=1999/11999 total=1.943e-02 pde=3.469e-03 bc=1.762e-04 data=1.420e-04 best=1.575e-02 lr=1.00e-03
2026-02-14 12:54:14,807 | INFO | [Inverse][square|pts=800|noise=2%] epoch=2099/11999 total=1.473e-02 pde=2.944e-03 bc=1.180e-04 data=1.061e-04 best=1.473e-02 lr=1.00e-03
2026-02-14 12:54:16,405 | INFO | [Inverse][square|pts=800|noise=2%] epoch=2199/11999 total=1.133e-02 pde=2.529e-03 bc=7.923e-05 data=8.007e-05 best=1.133e-02 lr=1.00e-03
2026-02-14 12:54:17,958 | INFO | [Inverse][square|pts=800|noise=2%] epoch=2299/11999 total=1.073e-02 pde=2.385e-03 bc=4.197e-05 data=7.927e-05 best=8.988e-03 lr=1.00e-03
2026-02-14 12:54:19,463 | INFO | [Inverse][square|pts=800|noise=2%] epoch=2399/11999 total=1.487e-02 pde=2.086e-03 bc=1.184e-04 data=1.160e-04 best=8.907e-03 lr=1.00e-03
2026-02-14 12:54:20,958 | INFO | [Inverse][square|pts=800|noise=2%] checkpoint saved at epoch=2499 -> outputs_refactor\full_matrix_rerun_20260214_112937\checkpoints\square\inverse_pts_800_noise_2_last.pth
2026-02-14 12:54:20,959 | INFO | [Inverse][square|pts=800|noise=2%] epoch=2499/11999 total=1.514e-02 pde=1.913e-03 bc=1.287e-04 data=1.194e-04 best=8.907e-03 lr=1.00e-03
2026-02-14 12:54:22,453 | INFO | [Inverse][square|pts=800|noise=2%] epoch=2599/11999 total=1.196e-02 pde=1.699e-03 bc=9.595e-05 data=9.305e-05 best=8.907e-03 lr=1.00e-03
2026-02-14 12:54:23,955 | INFO | [Inverse][square|pts=800|noise=2%] epoch=2699/11999 total=1.126e-02 pde=1.560e-03 bc=8.482e-05 data=8.857e-05 best=8.907e-03 lr=1.00e-03
2026-02-14 12:54:25,429 | INFO | [Inverse][square|pts=800|noise=2%] epoch=2799/11999 total=1.127e-02 pde=1.450e-03 bc=8.495e-05 data=8.969e-05 best=8.907e-03 lr=1.00e-03
2026-02-14 12:54:27,002 | INFO | [Inverse][square|pts=800|noise=2%] epoch=2899/11999 total=1.132e-02 pde=1.359e-03 bc=8.806e-05 data=9.084e-05 best=6.666e-03 lr=8.00e-04
2026-02-14 12:54:28,576 | INFO | [Inverse][square|pts=800|noise=2%] checkpoint saved at epoch=2999 -> outputs_refactor\full_matrix_rerun_20260214_112937\checkpoints\square\inverse_pts_800_noise_2_last.pth
2026-02-14 12:54:28,577 | INFO | [Inverse][square|pts=800|noise=2%] epoch=2999/11999 total=8.063e-03 pde=1.144e-03 bc=5.349e-05 data=6.384e-05 best=5.567e-03 lr=8.00e-04
2026-02-14 12:54:30,062 | INFO | [Inverse][square|pts=800|noise=2%] epoch=3099/11999 total=8.882e-03 pde=1.082e-03 bc=6.570e-05 data=7.143e-05 best=5.567e-03 lr=8.00e-04
2026-02-14 12:54:31,529 | INFO | [Inverse][square|pts=800|noise=2%] epoch=3199/11999 total=8.394e-03 pde=1.032e-03 bc=7.504e-05 data=6.612e-05 best=5.567e-03 lr=8.00e-04
2026-02-14 12:54:33,011 | INFO | [Inverse][square|pts=800|noise=2%] epoch=3299/11999 total=7.635e-03 pde=1.002e-03 bc=7.425e-05 data=5.891e-05 best=5.567e-03 lr=8.00e-04
2026-02-14 12:54:34,508 | INFO | [Inverse][square|pts=800|noise=2%] epoch=3399/11999 total=7.239e-03 pde=9.774e-04 bc=7.402e-05 data=5.521e-05 best=5.567e-03 lr=8.00e-04
2026-02-14 12:54:36,023 | INFO | [Inverse][square|pts=800|noise=2%] checkpoint saved at epoch=3499 -> outputs_refactor\full_matrix_rerun_20260214_112937\checkpoints\square\inverse_pts_800_noise_2_last.pth
2026-02-14 12:54:36,024 | INFO | [Inverse][square|pts=800|noise=2%] epoch=3499/11999 total=7.386e-03 pde=9.517e-04 bc=7.874e-05 data=5.646e-05 best=5.501e-03 lr=6.40e-04
2026-02-14 12:54:37,555 | INFO | [Inverse][square|pts=800|noise=2%] epoch=3599/11999 total=8.105e-03 pde=9.981e-04 bc=1.145e-04 data=5.962e-05 best=5.362e-03 lr=6.40e-04
2026-02-14 12:54:39,027 | INFO | [Inverse][square|pts=800|noise=2%] epoch=3699/11999 total=7.412e-03 pde=9.520e-04 bc=1.028e-04 data=5.432e-05 best=5.362e-03 lr=6.40e-04
2026-02-14 12:54:40,511 | INFO | [Inverse][square|pts=800|noise=2%] epoch=3799/11999 total=7.097e-03 pde=9.093e-04 bc=1.003e-04 data=5.185e-05 best=5.362e-03 lr=6.40e-04
2026-02-14 12:54:42,119 | INFO | [Inverse][square|pts=800|noise=2%] epoch=3899/11999 total=7.396e-03 pde=8.836e-04 bc=1.084e-04 data=5.429e-05 best=5.362e-03 lr=6.40e-04
2026-02-14 12:54:43,596 | INFO | [Inverse][square|pts=800|noise=2%] checkpoint saved at epoch=3999 -> outputs_refactor\full_matrix_rerun_20260214_112937\checkpoints\square\inverse_pts_800_noise_2_last.pth
2026-02-14 12:54:43,597 | INFO | [Inverse][square|pts=800|noise=2%] epoch=3999/11999 total=7.887e-03 pde=8.683e-04 bc=1.179e-04 data=5.840e-05 best=5.362e-03 lr=6.40e-04
2026-02-14 12:54:45,110 | INFO | [Inverse][square|pts=800|noise=2%] epoch=4099/11999 total=6.072e-03 pde=8.040e-04 bc=8.380e-05 data=4.430e-05 best=5.169e-03 lr=5.12e-04
2026-02-14 12:54:46,622 | INFO | [Inverse][square|pts=800|noise=2%] epoch=4199/11999 total=5.610e-03 pde=7.735e-04 bc=7.551e-05 data=4.082e-05 best=4.896e-03 lr=5.12e-04
2026-02-14 12:54:48,078 | INFO | [Inverse][square|pts=800|noise=2%] epoch=4299/11999 total=5.498e-03 pde=7.529e-04 bc=7.429e-05 data=4.002e-05 best=4.896e-03 lr=5.12e-04
2026-02-14 12:54:49,540 | INFO | [Inverse][square|pts=800|noise=2%] epoch=4399/11999 total=5.583e-03 pde=7.475e-04 bc=7.876e-05 data=4.048e-05 best=4.896e-03 lr=5.12e-04
2026-02-14 12:54:51,135 | INFO | [Inverse][square|pts=800|noise=2%] checkpoint saved at epoch=4499 -> outputs_refactor\full_matrix_rerun_20260214_112937\checkpoints\square\inverse_pts_800_noise_2_last.pth
2026-02-14 12:54:51,136 | INFO | [Inverse][square|pts=800|noise=2%] epoch=4499/11999 total=1.443e-02 pde=9.023e-03 bc=6.108e-05 data=4.798e-05 best=4.151e-03 lr=5.12e-04
2026-02-14 12:54:52,600 | INFO | [Inverse][square|pts=800|noise=2%] epoch=4599/11999 total=7.010e-03 pde=7.194e-04 bc=5.993e-05 data=5.691e-05 best=4.151e-03 lr=5.12e-04
2026-02-14 12:54:54,259 | INFO | [Inverse][square|pts=800|noise=2%] epoch=4699/11999 total=5.188e-03 pde=6.825e-04 bc=5.259e-05 data=3.979e-05 best=4.151e-03 lr=5.12e-04
2026-02-14 12:54:56,129 | INFO | [Inverse][square|pts=800|noise=2%] epoch=4799/11999 total=5.127e-03 pde=6.934e-04 bc=5.063e-05 data=3.927e-05 best=4.151e-03 lr=5.12e-04
2026-02-14 12:54:57,687 | INFO | [Inverse][square|pts=800|noise=2%] epoch=4899/11999 total=5.342e-03 pde=6.811e-04 bc=5.325e-05 data=4.128e-05 best=4.151e-03 lr=5.12e-04
2026-02-14 12:54:59,394 | INFO | [Inverse][square|pts=800|noise=2%] checkpoint saved at epoch=4999 -> outputs_refactor\full_matrix_rerun_20260214_112937\checkpoints\square\inverse_pts_800_noise_2_last.pth
2026-02-14 12:54:59,395 | INFO | [Inverse][square|pts=800|noise=2%] epoch=4999/11999 total=4.393e-03 pde=6.570e-04 bc=4.259e-05 data=3.310e-05 best=4.151e-03 lr=4.10e-04
2026-02-14 12:55:01,213 | INFO | [Inverse][square|pts=800|noise=2%] epoch=5099/11999 total=4.617e-03 pde=6.568e-04 bc=4.495e-05 data=3.511e-05 best=4.089e-03 lr=4.10e-04
2026-02-14 12:55:02,848 | INFO | [Inverse][square|pts=800|noise=2%] epoch=5199/11999 total=4.526e-03 pde=6.505e-04 bc=4.105e-05 data=3.465e-05 best=4.089e-03 lr=4.10e-04
2026-02-14 12:55:04,557 | INFO | [Inverse][square|pts=800|noise=2%] epoch=5299/11999 total=3.968e-03 pde=6.336e-04 bc=3.117e-05 data=3.023e-05 best=3.896e-03 lr=4.10e-04
2026-02-14 12:55:06,134 | INFO | [Inverse][square|pts=800|noise=2%] epoch=5399/11999 total=4.274e-03 pde=6.355e-04 bc=3.129e-05 data=3.326e-05 best=3.823e-03 lr=4.10e-04
2026-02-14 12:55:07,684 | INFO | [Inverse][square|pts=800|noise=2%] checkpoint saved at epoch=5499 -> outputs_refactor\full_matrix_rerun_20260214_112937\checkpoints\square\inverse_pts_800_noise_2_last.pth
2026-02-14 12:55:07,684 | INFO | [Inverse][square|pts=800|noise=2%] epoch=5499/11999 total=5.480e-03 pde=6.628e-04 bc=3.383e-05 data=4.479e-05 best=3.566e-03 lr=4.10e-04
2026-02-14 12:55:09,371 | INFO | [Inverse][square|pts=800|noise=2%] epoch=5599/11999 total=4.069e-03 pde=8.283e-04 bc=4.580e-05 data=2.783e-05 best=3.566e-03 lr=4.10e-04
2026-02-14 12:55:10,964 | INFO | [Inverse][square|pts=800|noise=2%] epoch=5699/11999 total=4.262e-03 pde=6.217e-04 bc=5.105e-05 data=3.130e-05 best=3.566e-03 lr=4.10e-04
2026-02-14 12:55:12,633 | INFO | [Inverse][square|pts=800|noise=2%] epoch=5799/11999 total=4.281e-03 pde=6.079e-04 bc=5.193e-05 data=3.154e-05 best=3.566e-03 lr=4.10e-04
2026-02-14 12:55:14,292 | INFO | [Inverse][square|pts=800|noise=2%] epoch=5899/11999 total=4.124e-03 pde=5.996e-04 bc=4.897e-05 data=3.034e-05 best=3.566e-03 lr=4.10e-04
2026-02-14 12:55:15,956 | INFO | [Inverse][square|pts=800|noise=2%] checkpoint saved at epoch=5999 -> outputs_refactor\full_matrix_rerun_20260214_112937\checkpoints\square\inverse_pts_800_noise_2_last.pth
2026-02-14 12:55:15,956 | INFO | [Inverse][square|pts=800|noise=2%] epoch=5999/11999 total=3.848e-03 pde=5.884e-04 bc=4.396e-05 data=2.820e-05 best=3.566e-03 lr=3.28e-04
2026-02-14 12:55:17,650 | INFO | [Inverse][square|pts=800|noise=2%] epoch=6099/11999 total=3.746e-03 pde=5.806e-04 bc=4.261e-05 data=2.740e-05 best=3.566e-03 lr=3.28e-04
2026-02-14 12:55:19,297 | INFO | [Inverse][square|pts=800|noise=2%] epoch=6199/11999 total=3.720e-03 pde=5.735e-04 bc=4.323e-05 data=2.714e-05 best=3.566e-03 lr=3.28e-04
2026-02-14 12:55:20,893 | INFO | [Inverse][square|pts=800|noise=2%] epoch=6299/11999 total=3.736e-03 pde=5.679e-04 bc=4.422e-05 data=2.726e-05 best=3.566e-03 lr=3.28e-04
2026-02-14 12:55:22,581 | INFO | [Inverse][square|pts=800|noise=2%] epoch=6399/11999 total=3.654e-03 pde=5.589e-04 bc=3.588e-05 data=2.736e-05 best=3.454e-03 lr=3.28e-04
2026-02-14 12:55:24,228 | INFO | [Inverse][square|pts=800|noise=2%] checkpoint saved at epoch=6499 -> outputs_refactor\full_matrix_rerun_20260214_112937\checkpoints\square\inverse_pts_800_noise_2_last.pth
2026-02-14 12:55:24,228 | INFO | [Inverse][square|pts=800|noise=2%] epoch=6499/11999 total=3.580e-03 pde=5.520e-04 bc=3.613e-05 data=2.667e-05 best=3.207e-03 lr=3.28e-04
2026-02-14 12:55:25,909 | INFO | [Inverse][square|pts=800|noise=2%] epoch=6599/11999 total=3.661e-03 pde=5.525e-04 bc=2.647e-05 data=2.844e-05 best=3.207e-03 lr=3.28e-04
2026-02-14 12:55:27,524 | INFO | [Inverse][square|pts=800|noise=2%] epoch=6699/11999 total=4.605e-03 pde=5.670e-04 bc=2.268e-05 data=3.811e-05 best=3.207e-03 lr=3.28e-04
2026-02-14 12:55:29,207 | INFO | [Inverse][square|pts=800|noise=2%] epoch=6799/11999 total=5.738e-03 pde=5.686e-04 bc=7.183e-05 data=4.451e-05 best=3.207e-03 lr=3.28e-04
2026-02-14 12:55:30,780 | INFO | [Inverse][square|pts=800|noise=2%] epoch=6899/11999 total=3.615e-03 pde=5.443e-04 bc=2.297e-05 data=2.841e-05 best=3.207e-03 lr=3.28e-04
2026-02-14 12:55:32,345 | INFO | [Inverse][square|pts=800|noise=2%] checkpoint saved at epoch=6999 -> outputs_refactor\full_matrix_rerun_20260214_112937\checkpoints\square\inverse_pts_800_noise_2_last.pth
2026-02-14 12:55:32,345 | INFO | [Inverse][square|pts=800|noise=2%] epoch=6999/11999 total=3.650e-03 pde=5.456e-04 bc=2.276e-05 data=2.876e-05 best=3.121e-03 lr=2.62e-04
2026-02-14 12:55:34,147 | INFO | [Inverse][square|pts=800|noise=2%] epoch=7099/11999 total=3.056e-03 pde=5.227e-04 bc=2.876e-05 data=2.245e-05 best=3.056e-03 lr=2.62e-04
2026-02-14 12:55:36,156 | INFO | [Inverse][square|pts=800|noise=2%] epoch=7199/11999 total=3.020e-03 pde=5.147e-04 bc=2.854e-05 data=2.220e-05 best=3.020e-03 lr=2.62e-04
2026-02-14 12:55:37,775 | INFO | [Inverse][square|pts=800|noise=2%] epoch=7299/11999 total=3.831e-03 pde=5.229e-04 bc=5.133e-05 data=2.795e-05 best=3.000e-03 lr=2.62e-04
2026-02-14 12:55:39,317 | INFO | [Inverse][square|pts=800|noise=2%] epoch=7399/11999 total=3.630e-03 pde=5.156e-04 bc=2.685e-05 data=2.846e-05 best=3.000e-03 lr=2.62e-04
2026-02-14 12:55:40,801 | INFO | [Inverse][square|pts=800|noise=2%] checkpoint saved at epoch=7499 -> outputs_refactor\full_matrix_rerun_20260214_112937\checkpoints\square\inverse_pts_800_noise_2_last.pth
2026-02-14 12:55:40,802 | INFO | [Inverse][square|pts=800|noise=2%] epoch=7499/11999 total=3.460e-03 pde=5.083e-04 bc=2.613e-05 data=2.690e-05 best=3.000e-03 lr=2.62e-04
2026-02-14 12:55:42,408 | INFO | [Inverse][square|pts=800|noise=2%] epoch=7599/11999 total=3.451e-03 pde=5.041e-04 bc=2.588e-05 data=2.688e-05 best=3.000e-03 lr=2.62e-04
2026-02-14 12:55:44,053 | INFO | [Inverse][square|pts=800|noise=2%] epoch=7699/11999 total=3.385e-03 pde=4.972e-04 bc=2.461e-05 data=2.641e-05 best=3.000e-03 lr=2.62e-04
2026-02-14 12:55:45,617 | INFO | [Inverse][square|pts=800|noise=2%] epoch=7799/11999 total=3.233e-03 pde=4.903e-04 bc=2.392e-05 data=2.504e-05 best=3.000e-03 lr=2.10e-04
2026-02-14 12:55:47,097 | INFO | [Inverse][square|pts=800|noise=2%] epoch=7899/11999 total=3.127e-03 pde=4.844e-04 bc=2.359e-05 data=2.407e-05 best=3.000e-03 lr=2.10e-04
2026-02-14 12:55:48,564 | INFO | [Inverse][square|pts=800|noise=2%] checkpoint saved at epoch=7999 -> outputs_refactor\full_matrix_rerun_20260214_112937\checkpoints\square\inverse_pts_800_noise_2_last.pth
2026-02-14 12:55:48,564 | INFO | [Inverse][square|pts=800|noise=2%] epoch=7999/11999 total=3.103e-03 pde=4.799e-04 bc=2.327e-05 data=2.390e-05 best=3.000e-03 lr=2.10e-04
2026-02-14 12:55:50,076 | INFO | [Inverse][square|pts=800|noise=2%] epoch=8099/11999 total=3.084e-03 pde=4.754e-04 bc=2.291e-05 data=2.379e-05 best=3.000e-03 lr=2.10e-04
2026-02-14 12:55:51,662 | INFO | [Inverse][square|pts=800|noise=2%] epoch=8199/11999 total=2.813e-03 pde=4.647e-04 bc=2.728e-05 data=2.075e-05 best=2.813e-03 lr=2.10e-04
2026-02-14 12:55:53,508 | INFO | [Inverse][square|pts=800|noise=2%] epoch=8299/11999 total=2.790e-03 pde=4.597e-04 bc=2.689e-05 data=2.061e-05 best=2.790e-03 lr=2.10e-04
2026-02-14 12:55:55,464 | INFO | [Inverse][square|pts=800|noise=2%] epoch=8399/11999 total=2.767e-03 pde=4.542e-04 bc=2.677e-05 data=2.045e-05 best=2.767e-03 lr=2.10e-04
2026-02-14 12:55:57,403 | INFO | [Inverse][square|pts=800|noise=2%] checkpoint saved at epoch=8499 -> outputs_refactor\full_matrix_rerun_20260214_112937\checkpoints\square\inverse_pts_800_noise_2_last.pth
2026-02-14 12:55:57,404 | INFO | [Inverse][square|pts=800|noise=2%] epoch=8499/11999 total=2.743e-03 pde=4.481e-04 bc=2.664e-05 data=2.029e-05 best=2.743e-03 lr=2.10e-04
2026-02-14 12:55:59,292 | INFO | [Inverse][square|pts=800|noise=2%] epoch=8599/11999 total=2.719e-03 pde=4.416e-04 bc=2.650e-05 data=2.013e-05 best=2.719e-03 lr=2.10e-04
2026-02-14 12:56:01,194 | INFO | [Inverse][square|pts=800|noise=2%] epoch=8699/11999 total=2.695e-03 pde=4.347e-04 bc=2.636e-05 data=1.996e-05 best=2.695e-03 lr=2.10e-04
2026-02-14 12:56:03,088 | INFO | [Inverse][square|pts=800|noise=2%] epoch=8799/11999 total=2.670e-03 pde=4.275e-04 bc=2.621e-05 data=1.980e-05 best=2.670e-03 lr=2.10e-04
2026-02-14 12:56:04,633 | INFO | [Inverse][square|pts=800|noise=2%] epoch=8899/11999 total=3.751e-03 pde=1.316e-03 bc=2.469e-05 data=2.188e-05 best=2.662e-03 lr=2.10e-04
2026-02-14 12:56:06,175 | INFO | [Inverse][square|pts=800|noise=2%] checkpoint saved at epoch=8999 -> outputs_refactor\full_matrix_rerun_20260214_112937\checkpoints\square\inverse_pts_800_noise_2_last.pth
2026-02-14 12:56:06,175 | INFO | [Inverse][square|pts=800|noise=2%] epoch=8999/11999 total=2.642e-03 pde=4.178e-04 bc=2.632e-05 data=1.961e-05 best=2.640e-03 lr=2.10e-04
2026-02-14 12:56:08,077 | INFO | [Inverse][square|pts=800|noise=2%] epoch=9099/11999 total=2.621e-03 pde=4.120e-04 bc=2.588e-05 data=1.951e-05 best=2.621e-03 lr=2.10e-04
2026-02-14 12:56:09,993 | INFO | [Inverse][square|pts=800|noise=2%] epoch=9199/11999 total=2.603e-03 pde=4.061e-04 bc=2.576e-05 data=1.939e-05 best=2.603e-03 lr=2.10e-04
2026-02-14 12:56:11,792 | INFO | [Inverse][square|pts=800|noise=2%] epoch=9299/11999 total=8.851e-03 pde=5.901e-04 bc=1.043e-04 data=7.218e-05 best=2.588e-03 lr=2.10e-04
2026-02-14 12:56:13,299 | INFO | [Inverse][square|pts=800|noise=2%] epoch=9399/11999 total=3.280e-03 pde=4.130e-04 bc=1.983e-05 data=2.669e-05 best=2.588e-03 lr=2.10e-04
2026-02-14 12:56:14,858 | INFO | [Inverse][square|pts=800|noise=2%] checkpoint saved at epoch=9499 -> outputs_refactor\full_matrix_rerun_20260214_112937\checkpoints\square\inverse_pts_800_noise_2_last.pth
2026-02-14 12:56:14,859 | INFO | [Inverse][square|pts=800|noise=2%] epoch=9499/11999 total=2.560e-03 pde=3.916e-04 bc=2.526e-05 data=1.916e-05 best=2.560e-03 lr=2.10e-04
2026-02-14 12:56:16,773 | INFO | [Inverse][square|pts=800|noise=2%] epoch=9599/11999 total=2.542e-03 pde=3.859e-04 bc=2.538e-05 data=1.902e-05 best=2.542e-03 lr=2.10e-04
2026-02-14 12:56:18,583 | INFO | [Inverse][square|pts=800|noise=2%] epoch=9699/11999 total=4.707e-03 pde=4.492e-04 bc=4.725e-05 data=3.785e-05 best=2.526e-03 lr=2.10e-04
2026-02-14 12:56:20,325 | INFO | [Inverse][square|pts=800|noise=2%] epoch=9799/11999 total=3.056e-03 pde=3.882e-04 bc=4.193e-05 data=2.248e-05 best=2.526e-03 lr=2.10e-04
2026-02-14 12:56:22,109 | INFO | [Inverse][square|pts=800|noise=2%] epoch=9899/11999 total=2.935e-03 pde=3.816e-04 bc=3.942e-05 data=2.160e-05 best=2.526e-03 lr=2.10e-04
2026-02-14 12:56:23,729 | INFO | [Inverse][square|pts=800|noise=2%] checkpoint saved at epoch=9999 -> outputs_refactor\full_matrix_rerun_20260214_112937\checkpoints\square\inverse_pts_800_noise_2_last.pth
2026-02-14 12:56:23,729 | INFO | [Inverse][square|pts=800|noise=2%] epoch=9999/11999 total=2.886e-03 pde=3.767e-04 bc=3.846e-05 data=2.125e-05 best=2.526e-03 lr=2.10e-04
2026-02-14 12:56:25,338 | INFO | [Inverse][square|pts=800|noise=2%] epoch=10099/11999 total=2.862e-03 pde=3.723e-04 bc=3.770e-05 data=2.112e-05 best=2.526e-03 lr=2.10e-04
2026-02-14 12:56:26,828 | INFO | [Inverse][square|pts=800|noise=2%] epoch=10199/11999 total=2.484e-03 pde=3.592e-04 bc=2.665e-05 data=1.858e-05 best=2.484e-03 lr=1.68e-04
2026-02-14 12:56:28,594 | INFO | [Inverse][square|pts=800|noise=2%] epoch=10299/11999 total=2.453e-03 pde=3.554e-04 bc=2.475e-05 data=1.850e-05 best=2.453e-03 lr=1.68e-04
2026-02-14 12:56:30,501 | INFO | [Inverse][square|pts=800|noise=2%] epoch=10399/11999 total=2.440e-03 pde=3.512e-04 bc=2.468e-05 data=1.842e-05 best=2.440e-03 lr=1.68e-04
2026-02-14 12:56:32,380 | INFO | [Inverse][square|pts=800|noise=2%] checkpoint saved at epoch=10499 -> outputs_refactor\full_matrix_rerun_20260214_112937\checkpoints\square\inverse_pts_800_noise_2_last.pth
2026-02-14 12:56:32,380 | INFO | [Inverse][square|pts=800|noise=2%] epoch=10499/11999 total=2.426e-03 pde=3.468e-04 bc=2.460e-05 data=1.833e-05 best=2.426e-03 lr=1.68e-04
2026-02-14 12:56:34,284 | INFO | [Inverse][square|pts=800|noise=2%] epoch=10599/11999 total=2.412e-03 pde=3.421e-04 bc=2.451e-05 data=1.824e-05 best=2.412e-03 lr=1.68e-04
2026-02-14 12:56:36,184 | INFO | [Inverse][square|pts=800|noise=2%] epoch=10699/11999 total=2.397e-03 pde=3.372e-04 bc=2.442e-05 data=1.816e-05 best=2.397e-03 lr=1.68e-04
2026-02-14 12:56:37,860 | INFO | [Inverse][square|pts=800|noise=2%] epoch=10799/11999 total=2.390e-03 pde=3.323e-04 bc=2.378e-05 data=1.820e-05 best=2.384e-03 lr=1.68e-04
2026-02-14 12:56:39,373 | INFO | [Inverse][square|pts=800|noise=2%] epoch=10899/11999 total=2.405e-03 pde=3.287e-04 bc=2.619e-05 data=1.815e-05 best=2.369e-03 lr=1.68e-04
2026-02-14 12:56:40,981 | INFO | [Inverse][square|pts=800|noise=2%] checkpoint saved at epoch=10999 -> outputs_refactor\full_matrix_rerun_20260214_112937\checkpoints\square\inverse_pts_800_noise_2_last.pth
2026-02-14 12:56:40,981 | INFO | [Inverse][square|pts=800|noise=2%] epoch=10999/11999 total=2.360e-03 pde=3.222e-04 bc=2.358e-05 data=1.802e-05 best=2.353e-03 lr=1.68e-04
2026-02-14 12:56:42,558 | INFO | [Inverse][square|pts=800|noise=2%] epoch=11099/11999 total=2.338e-03 pde=3.170e-04 bc=2.397e-05 data=1.781e-05 best=2.338e-03 lr=1.68e-04
2026-02-14 12:56:44,118 | INFO | [Inverse][square|pts=800|noise=2%] epoch=11199/11999 total=2.360e-03 pde=3.135e-04 bc=2.591e-05 data=1.787e-05 best=2.328e-03 lr=1.68e-04
2026-02-14 12:56:45,685 | INFO | [Inverse][square|pts=800|noise=2%] epoch=11299/11999 total=2.397e-03 pde=3.098e-04 bc=2.265e-05 data=1.861e-05 best=2.309e-03 lr=1.68e-04
2026-02-14 12:56:47,310 | INFO | [Inverse][square|pts=800|noise=2%] epoch=11399/11999 total=2.439e-03 pde=3.068e-04 bc=2.255e-05 data=1.906e-05 best=2.294e-03 lr=1.68e-04
2026-02-14 12:56:48,932 | INFO | [Inverse][square|pts=800|noise=2%] checkpoint saved at epoch=11499 -> outputs_refactor\full_matrix_rerun_20260214_112937\checkpoints\square\inverse_pts_800_noise_2_last.pth
2026-02-14 12:56:48,932 | INFO | [Inverse][square|pts=800|noise=2%] epoch=11499/11999 total=2.426e-03 pde=3.027e-04 bc=2.865e-05 data=1.837e-05 best=2.280e-03 lr=1.68e-04
2026-02-14 12:56:50,459 | INFO | [Inverse][square|pts=800|noise=2%] epoch=11599/11999 total=2.270e-03 pde=2.917e-04 bc=2.439e-05 data=1.735e-05 best=2.265e-03 lr=1.68e-04
2026-02-14 12:56:51,996 | INFO | [Inverse][square|pts=800|noise=2%] epoch=11699/11999 total=2.272e-03 pde=2.870e-04 bc=2.251e-05 data=1.759e-05 best=2.251e-03 lr=1.68e-04
2026-02-14 12:56:53,640 | INFO | [Inverse][square|pts=800|noise=2%] epoch=11799/11999 total=2.234e-03 pde=2.811e-04 bc=2.371e-05 data=1.716e-05 best=2.234e-03 lr=1.68e-04
2026-02-14 12:56:55,136 | INFO | [Inverse][square|pts=800|noise=2%] epoch=11899/11999 total=2.246e-03 pde=2.768e-04 bc=2.206e-05 data=1.749e-05 best=2.220e-03 lr=1.68e-04
2026-02-14 12:56:56,628 | INFO | [Inverse][square|pts=800|noise=2%] checkpoint saved at epoch=11999 -> outputs_refactor\full_matrix_rerun_20260214_112937\checkpoints\square\inverse_pts_800_noise_2_last.pth
2026-02-14 12:56:56,628 | INFO | [Inverse][square|pts=800|noise=2%] epoch=11999/11999 total=2.223e-03 pde=2.714e-04 bc=2.280e-05 data=1.724e-05 best=2.217e-03 lr=1.68e-04
2026-02-14 12:56:57,273 | INFO | [Inverse][pts_800_noise_5] start training charge=square points=800 noise=5%
2026-02-14 12:56:57,299 | INFO | [Inverse][square|pts=800|noise=5%] epoch=0/11999 total=4.042e+00 pde=6.854e-02 bc=1.341e-02 data=3.839e-02 best=4.042e+00 lr=1.00e-03
2026-02-14 12:56:59,112 | INFO | [Inverse][square|pts=800|noise=5%] epoch=99/11999 total=3.954e-01 pde=1.872e-01 bc=1.164e-03 data=1.965e-03 best=3.954e-01 lr=1.00e-03
2026-02-14 12:57:00,872 | INFO | [Inverse][square|pts=800|noise=5%] epoch=199/11999 total=2.043e-01 pde=5.103e-02 bc=1.297e-03 data=1.403e-03 best=2.043e-01 lr=1.00e-03
2026-02-14 12:57:02,522 | INFO | [Inverse][square|pts=800|noise=5%] epoch=299/11999 total=1.262e-01 pde=1.763e-02 bc=8.189e-04 data=1.004e-03 best=1.251e-01 lr=1.00e-03
2026-02-14 12:57:04,107 | INFO | [Inverse][square|pts=800|noise=5%] epoch=399/11999 total=8.822e-02 pde=1.083e-02 bc=3.678e-04 data=7.371e-04 best=8.713e-02 lr=1.00e-03
2026-02-14 12:57:05,681 | INFO | [Inverse][square|pts=800|noise=5%] checkpoint saved at epoch=499 -> outputs_refactor\full_matrix_rerun_20260214_112937\checkpoints\square\inverse_pts_800_noise_5_last.pth
2026-02-14 12:57:05,682 | INFO | [Inverse][square|pts=800|noise=5%] epoch=499/11999 total=7.497e-02 pde=1.042e-02 bc=6.068e-04 data=5.849e-04 best=7.359e-02 lr=1.00e-03
2026-02-14 12:57:07,202 | INFO | [Inverse][square|pts=800|noise=5%] epoch=599/11999 total=5.966e-02 pde=1.178e-02 bc=3.105e-04 data=4.478e-04 best=5.793e-02 lr=1.00e-03
2026-02-14 12:57:08,756 | INFO | [Inverse][square|pts=800|noise=5%] epoch=699/11999 total=5.776e-02 pde=1.198e-02 bc=1.654e-04 data=4.413e-04 best=5.217e-02 lr=1.00e-03
2026-02-14 12:57:10,257 | INFO | [Inverse][square|pts=800|noise=5%] epoch=799/11999 total=5.341e-02 pde=1.097e-02 bc=1.728e-04 data=4.071e-04 best=4.973e-02 lr=1.00e-03
2026-02-14 12:57:11,775 | INFO | [Inverse][square|pts=800|noise=5%] epoch=899/11999 total=4.380e-02 pde=1.015e-02 bc=1.746e-04 data=3.191e-04 best=4.324e-02 lr=1.00e-03
2026-02-14 12:57:13,340 | INFO | [Inverse][square|pts=800|noise=5%] checkpoint saved at epoch=999 -> outputs_refactor\full_matrix_rerun_20260214_112937\checkpoints\square\inverse_pts_800_noise_5_last.pth
2026-02-14 12:57:13,341 | INFO | [Inverse][square|pts=800|noise=5%] epoch=999/11999 total=4.373e-02 pde=9.238e-03 bc=1.899e-04 data=3.260e-04 best=3.506e-02 lr=1.00e-03
2026-02-14 12:57:14,826 | INFO | [Inverse][square|pts=800|noise=5%] epoch=1099/11999 total=3.432e-02 pde=8.283e-03 bc=1.048e-04 data=2.498e-04 best=3.364e-02 lr=1.00e-03
2026-02-14 12:57:16,318 | INFO | [Inverse][square|pts=800|noise=5%] epoch=1199/11999 total=3.241e-02 pde=7.379e-03 bc=1.081e-04 data=2.394e-04 best=2.969e-02 lr=1.00e-03
2026-02-14 12:57:17,859 | INFO | [Inverse][square|pts=800|noise=5%] epoch=1299/11999 total=2.863e-02 pde=6.474e-03 bc=9.739e-05 data=2.118e-04 best=2.633e-02 lr=1.00e-03
2026-02-14 12:57:19,377 | INFO | [Inverse][square|pts=800|noise=5%] epoch=1399/11999 total=2.691e-02 pde=5.675e-03 bc=1.008e-04 data=2.022e-04 best=2.217e-02 lr=1.00e-03
2026-02-14 12:57:20,935 | INFO | [Inverse][square|pts=800|noise=5%] checkpoint saved at epoch=1499 -> outputs_refactor\full_matrix_rerun_20260214_112937\checkpoints\square\inverse_pts_800_noise_5_last.pth
2026-02-14 12:57:20,935 | INFO | [Inverse][square|pts=800|noise=5%] epoch=1499/11999 total=2.751e-02 pde=4.940e-03 bc=1.326e-04 data=2.124e-04 best=1.993e-02 lr=1.00e-03
2026-02-14 12:57:22,458 | INFO | [Inverse][square|pts=800|noise=5%] epoch=1599/11999 total=2.256e-02 pde=4.173e-03 bc=9.185e-05 data=1.746e-04 best=1.965e-02 lr=1.00e-03
2026-02-14 12:57:24,043 | INFO | [Inverse][square|pts=800|noise=5%] epoch=1699/11999 total=2.288e-02 pde=3.557e-03 bc=1.148e-04 data=1.817e-04 best=1.620e-02 lr=1.00e-03
2026-02-14 12:57:25,561 | INFO | [Inverse][square|pts=800|noise=5%] epoch=1799/11999 total=1.820e-02 pde=2.804e-03 bc=8.501e-05 data=1.454e-04 best=1.563e-02 lr=1.00e-03
2026-02-14 12:57:27,129 | INFO | [Inverse][square|pts=800|noise=5%] epoch=1899/11999 total=1.521e-02 pde=2.194e-03 bc=6.930e-05 data=1.232e-04 best=1.439e-02 lr=1.00e-03
2026-02-14 12:57:28,719 | INFO | [Inverse][square|pts=800|noise=5%] checkpoint saved at epoch=1999 -> outputs_refactor\full_matrix_rerun_20260214_112937\checkpoints\square\inverse_pts_800_noise_5_last.pth
2026-02-14 12:57:28,720 | INFO | [Inverse][square|pts=800|noise=5%] epoch=1999/11999 total=1.274e-02 pde=1.704e-03 bc=5.644e-05 data=1.047e-04 best=1.209e-02 lr=1.00e-03
2026-02-14 12:57:30,271 | INFO | [Inverse][square|pts=800|noise=5%] epoch=2099/11999 total=1.637e-02 pde=1.470e-03 bc=1.126e-04 data=1.377e-04 best=9.871e-03 lr=1.00e-03
2026-02-14 12:57:31,743 | INFO | [Inverse][square|pts=800|noise=5%] epoch=2199/11999 total=1.465e-02 pde=1.248e-03 bc=1.428e-04 data=1.197e-04 best=9.871e-03 lr=1.00e-03
2026-02-14 12:57:33,225 | INFO | [Inverse][square|pts=800|noise=5%] epoch=2299/11999 total=1.379e-02 pde=1.118e-03 bc=1.356e-04 data=1.132e-04 best=9.871e-03 lr=1.00e-03
2026-02-14 12:57:34,703 | INFO | [Inverse][square|pts=800|noise=5%] epoch=2399/11999 total=1.214e-02 pde=9.927e-04 bc=1.143e-04 data=1.000e-04 best=9.871e-03 lr=1.00e-03
2026-02-14 12:57:36,191 | INFO | [Inverse][square|pts=800|noise=5%] checkpoint saved at epoch=2499 -> outputs_refactor\full_matrix_rerun_20260214_112937\checkpoints\square\inverse_pts_800_noise_5_last.pth
2026-02-14 12:57:36,192 | INFO | [Inverse][square|pts=800|noise=5%] epoch=2499/11999 total=1.262e-02 pde=9.426e-04 bc=1.252e-04 data=1.042e-04 best=9.871e-03 lr=1.00e-03
2026-02-14 12:57:37,646 | INFO | [Inverse][square|pts=800|noise=5%] epoch=2599/11999 total=1.118e-02 pde=8.415e-04 bc=1.101e-04 data=9.237e-05 best=9.314e-03 lr=8.00e-04
2026-02-14 12:57:39,133 | INFO | [Inverse][square|pts=800|noise=5%] epoch=2699/11999 total=1.018e-02 pde=7.674e-04 bc=9.697e-05 data=8.440e-05 best=9.314e-03 lr=8.00e-04
2026-02-14 12:57:40,657 | INFO | [Inverse][square|pts=800|noise=5%] epoch=2799/11999 total=9.664e-03 pde=7.137e-04 bc=9.224e-05 data=8.028e-05 best=9.174e-03 lr=8.00e-04
2026-02-14 12:57:42,312 | INFO | [Inverse][square|pts=800|noise=5%] epoch=2899/11999 total=9.140e-03 pde=6.588e-04 bc=8.662e-05 data=7.616e-05 best=8.724e-03 lr=8.00e-04
2026-02-14 12:57:43,885 | INFO | [Inverse][square|pts=800|noise=5%] checkpoint saved at epoch=2999 -> outputs_refactor\full_matrix_rerun_20260214_112937\checkpoints\square\inverse_pts_800_noise_5_last.pth
2026-02-14 12:57:43,885 | INFO | [Inverse][square|pts=800|noise=5%] epoch=2999/11999 total=2.413e-02 pde=8.407e-04 bc=2.798e-04 data=2.049e-04 best=7.306e-03 lr=8.00e-04
2026-02-14 12:57:45,391 | INFO | [Inverse][square|pts=800|noise=5%] epoch=3099/11999 total=1.026e-02 pde=7.305e-04 bc=7.061e-05 data=8.821e-05 best=7.306e-03 lr=8.00e-04
2026-02-14 12:57:46,878 | INFO | [Inverse][square|pts=800|noise=5%] epoch=3199/11999 total=8.424e-03 pde=6.318e-04 bc=3.728e-05 data=7.419e-05 best=7.084e-03 lr=8.00e-04
2026-02-14 12:57:48,345 | INFO | [Inverse][square|pts=800|noise=5%] epoch=3299/11999 total=1.071e-02 pde=6.798e-04 bc=7.750e-05 data=9.253e-05 best=6.924e-03 lr=8.00e-04
2026-02-14 12:57:49,822 | INFO | [Inverse][square|pts=800|noise=5%] epoch=3399/11999 total=9.361e-03 pde=6.324e-04 bc=6.546e-05 data=8.074e-05 best=6.924e-03 lr=8.00e-04
2026-02-14 12:57:51,284 | INFO | [Inverse][square|pts=800|noise=5%] checkpoint saved at epoch=3499 -> outputs_refactor\full_matrix_rerun_20260214_112937\checkpoints\square\inverse_pts_800_noise_5_last.pth
2026-02-14 12:57:51,285 | INFO | [Inverse][square|pts=800|noise=5%] epoch=3499/11999 total=8.911e-03 pde=6.152e-04 bc=6.043e-05 data=7.692e-05 best=6.924e-03 lr=8.00e-04
2026-02-14 12:57:52,763 | INFO | [Inverse][square|pts=800|noise=5%] epoch=3599/11999 total=8.584e-03 pde=5.999e-04 bc=5.699e-05 data=7.414e-05 best=6.924e-03 lr=8.00e-04
2026-02-14 12:57:54,274 | INFO | [Inverse][square|pts=800|noise=5%] epoch=3699/11999 total=8.559e-03 pde=5.942e-04 bc=5.749e-05 data=7.390e-05 best=6.924e-03 lr=8.00e-04
2026-02-14 12:57:55,796 | INFO | [Inverse][square|pts=800|noise=5%] epoch=3799/11999 total=7.410e-03 pde=5.520e-04 bc=4.551e-05 data=6.402e-05 best=6.924e-03 lr=6.40e-04
2026-02-14 12:57:57,250 | INFO | [Inverse][square|pts=800|noise=5%] epoch=3899/11999 total=7.237e-03 pde=5.403e-04 bc=4.464e-05 data=6.250e-05 best=6.924e-03 lr=6.40e-04
2026-02-14 12:57:58,736 | INFO | [Inverse][square|pts=800|noise=5%] checkpoint saved at epoch=3999 -> outputs_refactor\full_matrix_rerun_20260214_112937\checkpoints\square\inverse_pts_800_noise_5_last.pth
2026-02-14 12:57:58,736 | INFO | [Inverse][square|pts=800|noise=5%] epoch=3999/11999 total=7.591e-03 pde=5.464e-04 bc=5.047e-05 data=6.540e-05 best=6.924e-03 lr=6.40e-04
2026-02-14 12:58:00,218 | INFO | [Inverse][square|pts=800|noise=5%] epoch=4099/11999 total=7.360e-03 pde=5.345e-04 bc=4.886e-05 data=6.337e-05 best=6.924e-03 lr=6.40e-04
2026-02-14 12:58:01,721 | INFO | [Inverse][square|pts=800|noise=5%] epoch=4199/11999 total=7.516e-03 pde=5.354e-04 bc=5.055e-05 data=6.475e-05 best=6.924e-03 lr=6.40e-04
2026-02-14 12:58:03,208 | INFO | [Inverse][square|pts=800|noise=5%] epoch=4299/11999 total=7.227e-03 pde=5.187e-04 bc=4.528e-05 data=6.256e-05 best=6.760e-03 lr=5.12e-04
2026-02-14 12:58:04,688 | INFO | [Inverse][square|pts=800|noise=5%] epoch=4399/11999 total=7.123e-03 pde=5.040e-04 bc=3.932e-05 data=6.226e-05 best=6.760e-03 lr=5.12e-04
2026-02-14 12:58:06,134 | INFO | [Inverse][square|pts=800|noise=5%] checkpoint saved at epoch=4499 -> outputs_refactor\full_matrix_rerun_20260214_112937\checkpoints\square\inverse_pts_800_noise_5_last.pth
2026-02-14 12:58:06,134 | INFO | [Inverse][square|pts=800|noise=5%] epoch=4499/11999 total=7.089e-03 pde=4.850e-04 bc=3.323e-05 data=6.272e-05 best=6.760e-03 lr=5.12e-04
2026-02-14 12:58:07,613 | INFO | [Inverse][square|pts=800|noise=5%] epoch=4599/11999 total=6.901e-03 pde=4.676e-04 bc=3.085e-05 data=6.125e-05 best=6.760e-03 lr=5.12e-04
2026-02-14 12:58:09,176 | INFO | [Inverse][square|pts=800|noise=5%] epoch=4699/11999 total=6.635e-03 pde=4.525e-04 bc=3.039e-05 data=5.879e-05 best=6.635e-03 lr=5.12e-04
2026-02-14 12:58:10,771 | INFO | [Inverse][square|pts=800|noise=5%] epoch=4799/11999 total=8.121e-03 pde=4.862e-04 bc=7.807e-05 data=6.854e-05 best=6.075e-03 lr=5.12e-04
2026-02-14 12:58:12,245 | INFO | [Inverse][square|pts=800|noise=5%] epoch=4899/11999 total=7.233e-03 pde=4.793e-04 bc=4.064e-05 data=6.348e-05 best=6.075e-03 lr=5.12e-04
2026-02-14 12:58:13,721 | INFO | [Inverse][square|pts=800|noise=5%] checkpoint saved at epoch=4999 -> outputs_refactor\full_matrix_rerun_20260214_112937\checkpoints\square\inverse_pts_800_noise_5_last.pth
2026-02-14 12:58:13,722 | INFO | [Inverse][square|pts=800|noise=5%] epoch=4999/11999 total=7.304e-03 pde=4.775e-04 bc=4.096e-05 data=6.417e-05 best=6.075e-03 lr=5.12e-04
2026-02-14 12:58:15,239 | INFO | [Inverse][square|pts=800|noise=5%] epoch=5099/11999 total=7.356e-03 pde=4.751e-04 bc=4.159e-05 data=6.465e-05 best=6.075e-03 lr=5.12e-04
2026-02-14 12:58:16,745 | INFO | [Inverse][square|pts=800|noise=5%] epoch=5199/11999 total=7.356e-03 pde=4.702e-04 bc=4.188e-05 data=6.467e-05 best=6.075e-03 lr=5.12e-04
2026-02-14 12:58:18,246 | INFO | [Inverse][square|pts=800|noise=5%] epoch=5299/11999 total=6.281e-03 pde=4.134e-04 bc=3.443e-05 data=5.523e-05 best=6.075e-03 lr=4.10e-04
2026-02-14 12:58:19,695 | INFO | [Inverse][square|pts=800|noise=5%] epoch=5399/11999 total=5.924e-03 pde=3.852e-04 bc=3.391e-05 data=5.200e-05 best=5.783e-03 lr=4.10e-04
2026-02-14 12:58:21,178 | INFO | [Inverse][square|pts=800|noise=5%] checkpoint saved at epoch=5499 -> outputs_refactor\full_matrix_rerun_20260214_112937\checkpoints\square\inverse_pts_800_noise_5_last.pth
2026-02-14 12:58:21,178 | INFO | [Inverse][square|pts=800|noise=5%] epoch=5499/11999 total=6.642e-03 pde=4.094e-04 bc=5.528e-05 data=5.680e-05 best=5.783e-03 lr=4.10e-04
2026-02-14 12:58:22,617 | INFO | [Inverse][square|pts=800|noise=5%] epoch=5599/11999 total=6.729e-03 pde=4.060e-04 bc=5.699e-05 data=5.753e-05 best=5.783e-03 lr=4.10e-04
2026-02-14 12:58:24,135 | INFO | [Inverse][square|pts=800|noise=5%] epoch=5699/11999 total=6.784e-03 pde=4.017e-04 bc=5.818e-05 data=5.800e-05 best=5.783e-03 lr=4.10e-04
2026-02-14 12:58:25,602 | INFO | [Inverse][square|pts=800|noise=5%] epoch=5799/11999 total=6.619e-03 pde=3.893e-04 bc=5.590e-05 data=5.671e-05 best=5.783e-03 lr=4.10e-04
2026-02-14 12:58:27,145 | INFO | [Inverse][square|pts=800|noise=5%] epoch=5899/11999 total=5.619e-03 pde=3.454e-04 bc=3.522e-05 data=4.921e-05 best=5.614e-03 lr=3.28e-04
2026-02-14 12:58:29,021 | INFO | [Inverse][square|pts=800|noise=5%] checkpoint saved at epoch=5999 -> outputs_refactor\full_matrix_rerun_20260214_112937\checkpoints\square\inverse_pts_800_noise_5_last.pth
2026-02-14 12:58:29,021 | INFO | [Inverse][square|pts=800|noise=5%] epoch=5999/11999 total=5.575e-03 pde=3.364e-04 bc=3.447e-05 data=4.894e-05 best=5.575e-03 lr=3.28e-04
2026-02-14 12:58:30,906 | INFO | [Inverse][square|pts=800|noise=5%] epoch=6099/11999 total=5.537e-03 pde=3.270e-04 bc=3.438e-05 data=4.866e-05 best=5.537e-03 lr=3.28e-04
2026-02-14 12:58:32,812 | INFO | [Inverse][square|pts=800|noise=5%] epoch=6199/11999 total=5.500e-03 pde=3.172e-04 bc=3.423e-05 data=4.840e-05 best=5.500e-03 lr=3.28e-04
2026-02-14 12:58:34,652 | INFO | [Inverse][square|pts=800|noise=5%] epoch=6299/11999 total=5.462e-03 pde=3.072e-04 bc=3.405e-05 data=4.814e-05 best=5.462e-03 lr=3.28e-04
2026-02-14 12:58:36,298 | INFO | [Inverse][square|pts=800|noise=5%] epoch=6399/11999 total=5.557e-03 pde=3.027e-04 bc=3.848e-05 data=4.870e-05 best=5.428e-03 lr=3.28e-04
2026-02-14 12:58:37,848 | INFO | [Inverse][square|pts=800|noise=5%] checkpoint saved at epoch=6499 -> outputs_refactor\full_matrix_rerun_20260214_112937\checkpoints\square\inverse_pts_800_noise_5_last.pth
2026-02-14 12:58:37,848 | INFO | [Inverse][square|pts=800|noise=5%] epoch=6499/11999 total=5.504e-03 pde=2.928e-04 bc=3.549e-05 data=4.857e-05 best=5.407e-03 lr=3.28e-04
2026-02-14 12:58:39,391 | INFO | [Inverse][square|pts=800|noise=5%] epoch=6599/11999 total=5.480e-03 pde=2.851e-04 bc=3.368e-05 data=4.858e-05 best=5.381e-03 lr=3.28e-04
2026-02-14 12:58:40,942 | INFO | [Inverse][square|pts=800|noise=5%] epoch=6699/11999 total=5.389e-03 pde=2.743e-04 bc=3.728e-05 data=4.741e-05 best=5.346e-03 lr=3.28e-04
2026-02-14 12:58:42,771 | INFO | [Inverse][square|pts=800|noise=5%] epoch=6799/11999 total=5.328e-03 pde=2.649e-04 bc=3.176e-05 data=4.745e-05 best=5.314e-03 lr=3.28e-04
2026-02-14 12:58:44,361 | INFO | [Inverse][square|pts=800|noise=5%] epoch=6899/11999 total=5.967e-03 pde=2.955e-04 bc=4.715e-05 data=5.200e-05 best=5.298e-03 lr=3.28e-04
2026-02-14 12:58:46,093 | INFO | [Inverse][square|pts=800|noise=5%] checkpoint saved at epoch=6999 -> outputs_refactor\full_matrix_rerun_20260214_112937\checkpoints\square\inverse_pts_800_noise_5_last.pth
2026-02-14 12:58:46,094 | INFO | [Inverse][square|pts=800|noise=5%] epoch=6999/11999 total=5.968e-03 pde=2.922e-04 bc=4.849e-05 data=5.191e-05 best=5.298e-03 lr=3.28e-04
2026-02-14 12:58:47,669 | INFO | [Inverse][square|pts=800|noise=5%] epoch=7099/11999 total=6.005e-03 pde=2.910e-04 bc=4.956e-05 data=5.218e-05 best=5.298e-03 lr=3.28e-04
2026-02-14 12:58:49,246 | INFO | [Inverse][square|pts=800|noise=5%] epoch=7199/11999 total=6.098e-03 pde=2.922e-04 bc=5.181e-05 data=5.287e-05 best=5.298e-03 lr=3.28e-04
2026-02-14 12:58:50,853 | INFO | [Inverse][square|pts=800|noise=5%] epoch=7299/11999 total=5.928e-03 pde=2.795e-04 bc=4.944e-05 data=5.154e-05 best=5.298e-03 lr=3.28e-04
2026-02-14 12:58:52,557 | INFO | [Inverse][square|pts=800|noise=5%] epoch=7399/11999 total=5.576e-03 pde=2.580e-04 bc=4.309e-05 data=4.888e-05 best=5.298e-03 lr=2.62e-04
2026-02-14 12:58:54,154 | INFO | [Inverse][square|pts=800|noise=5%] checkpoint saved at epoch=7499 -> outputs_refactor\full_matrix_rerun_20260214_112937\checkpoints\square\inverse_pts_800_noise_5_last.pth
2026-02-14 12:58:54,154 | INFO | [Inverse][square|pts=800|noise=5%] epoch=7499/11999 total=5.512e-03 pde=2.516e-04 bc=4.216e-05 data=4.839e-05 best=5.298e-03 lr=2.62e-04
2026-02-14 12:58:55,892 | INFO | [Inverse][square|pts=800|noise=5%] epoch=7599/11999 total=5.445e-03 pde=2.450e-04 bc=4.108e-05 data=4.790e-05 best=5.298e-03 lr=2.62e-04
2026-02-14 12:58:57,547 | INFO | [Inverse][square|pts=800|noise=5%] epoch=7699/11999 total=5.440e-03 pde=2.415e-04 bc=4.137e-05 data=4.784e-05 best=5.298e-03 lr=2.62e-04
2026-02-14 12:58:59,159 | INFO | [Inverse][square|pts=800|noise=5%] epoch=7799/11999 total=5.434e-03 pde=2.378e-04 bc=4.165e-05 data=4.779e-05 best=5.298e-03 lr=2.62e-04
2026-02-14 12:59:00,837 | INFO | [Inverse][square|pts=800|noise=5%] epoch=7899/11999 total=5.128e-03 pde=2.206e-04 bc=3.020e-05 data=4.605e-05 best=5.123e-03 lr=2.10e-04
2026-02-14 12:59:02,765 | INFO | [Inverse][square|pts=800|noise=5%] checkpoint saved at epoch=7999 -> outputs_refactor\full_matrix_rerun_20260214_112937\checkpoints\square\inverse_pts_800_noise_5_last.pth
2026-02-14 12:59:02,766 | INFO | [Inverse][square|pts=800|noise=5%] epoch=7999/11999 total=5.107e-03 pde=2.169e-04 bc=3.093e-05 data=4.581e-05 best=5.107e-03 lr=2.10e-04
2026-02-14 12:59:04,759 | INFO | [Inverse][square|pts=800|noise=5%] epoch=8099/11999 total=5.091e-03 pde=2.133e-04 bc=3.080e-05 data=4.570e-05 best=5.091e-03 lr=2.10e-04
2026-02-14 12:59:06,846 | INFO | [Inverse][square|pts=800|noise=5%] epoch=8199/11999 total=5.075e-03 pde=2.097e-04 bc=3.064e-05 data=4.559e-05 best=5.075e-03 lr=2.10e-04
2026-02-14 12:59:09,155 | INFO | [Inverse][square|pts=800|noise=5%] epoch=8299/11999 total=5.059e-03 pde=2.060e-04 bc=3.048e-05 data=4.548e-05 best=5.059e-03 lr=2.10e-04
2026-02-14 12:59:11,488 | INFO | [Inverse][square|pts=800|noise=5%] epoch=8399/11999 total=5.064e-03 pde=2.029e-04 bc=2.912e-05 data=4.570e-05 best=5.044e-03 lr=2.10e-04
2026-02-14 12:59:13,493 | INFO | [Inverse][square|pts=800|noise=5%] checkpoint saved at epoch=8499 -> outputs_refactor\full_matrix_rerun_20260214_112937\checkpoints\square\inverse_pts_800_noise_5_last.pth
2026-02-14 12:59:13,494 | INFO | [Inverse][square|pts=800|noise=5%] epoch=8499/11999 total=5.026e-03 pde=1.984e-04 bc=2.994e-05 data=4.528e-05 best=5.026e-03 lr=2.10e-04
2026-02-14 12:59:15,145 | INFO | [Inverse][square|pts=800|noise=5%] epoch=8599/11999 total=5.015e-03 pde=1.950e-04 bc=3.084e-05 data=4.512e-05 best=5.011e-03 lr=2.10e-04
2026-02-14 12:59:16,672 | INFO | [Inverse][square|pts=800|noise=5%] epoch=8699/11999 total=5.015e-03 pde=1.918e-04 bc=2.854e-05 data=4.538e-05 best=4.996e-03 lr=2.10e-04
2026-02-14 12:59:18,185 | INFO | [Inverse][square|pts=800|noise=5%] epoch=8799/11999 total=4.988e-03 pde=1.878e-04 bc=2.865e-05 data=4.514e-05 best=4.979e-03 lr=2.10e-04
2026-02-14 12:59:19,801 | INFO | [Inverse][square|pts=800|noise=5%] epoch=8899/11999 total=4.969e-03 pde=1.845e-04 bc=3.055e-05 data=4.480e-05 best=4.963e-03 lr=2.10e-04
2026-02-14 12:59:21,517 | INFO | [Inverse][square|pts=800|noise=5%] checkpoint saved at epoch=8999 -> outputs_refactor\full_matrix_rerun_20260214_112937\checkpoints\square\inverse_pts_800_noise_5_last.pth
2026-02-14 12:59:21,517 | INFO | [Inverse][square|pts=800|noise=5%] epoch=8999/11999 total=5.019e-03 pde=1.833e-04 bc=2.728e-05 data=4.562e-05 best=4.950e-03 lr=2.10e-04
2026-02-14 12:59:23,055 | INFO | [Inverse][square|pts=800|noise=5%] epoch=9099/11999 total=4.939e-03 pde=1.776e-04 bc=2.814e-05 data=4.480e-05 best=4.931e-03 lr=2.10e-04
2026-02-14 12:59:24,641 | INFO | [Inverse][square|pts=800|noise=5%] epoch=9199/11999 total=4.918e-03 pde=1.742e-04 bc=2.828e-05 data=4.461e-05 best=4.916e-03 lr=2.10e-04
2026-02-14 12:59:26,196 | INFO | [Inverse][square|pts=800|noise=5%] epoch=9299/11999 total=4.901e-03 pde=1.712e-04 bc=2.939e-05 data=4.436e-05 best=4.899e-03 lr=2.10e-04
2026-02-14 12:59:27,715 | INFO | [Inverse][square|pts=800|noise=5%] epoch=9399/11999 total=4.889e-03 pde=1.684e-04 bc=2.962e-05 data=4.425e-05 best=4.888e-03 lr=2.10e-04
2026-02-14 12:59:29,222 | INFO | [Inverse][square|pts=800|noise=5%] checkpoint saved at epoch=9499 -> outputs_refactor\full_matrix_rerun_20260214_112937\checkpoints\square\inverse_pts_800_noise_5_last.pth
2026-02-14 12:59:29,222 | INFO | [Inverse][square|pts=800|noise=5%] epoch=9499/11999 total=4.882e-03 pde=1.654e-04 bc=2.755e-05 data=4.442e-05 best=4.877e-03 lr=2.10e-04
2026-02-14 12:59:30,789 | INFO | [Inverse][square|pts=800|noise=5%] epoch=9599/11999 total=4.884e-03 pde=1.639e-04 bc=3.081e-05 data=4.412e-05 best=4.856e-03 lr=2.10e-04
2026-02-14 12:59:32,282 | INFO | [Inverse][square|pts=800|noise=5%] epoch=9699/11999 total=4.891e-03 pde=1.622e-04 bc=3.171e-05 data=4.411e-05 best=4.843e-03 lr=2.10e-04
2026-02-14 12:59:33,754 | INFO | [Inverse][square|pts=800|noise=5%] epoch=9799/11999 total=4.851e-03 pde=1.583e-04 bc=2.690e-05 data=4.424e-05 best=4.832e-03 lr=2.10e-04
2026-02-14 12:59:35,242 | INFO | [Inverse][square|pts=800|noise=5%] epoch=9899/11999 total=4.981e-03 pde=1.665e-04 bc=2.750e-05 data=4.539e-05 best=4.819e-03 lr=2.10e-04
2026-02-14 12:59:36,748 | INFO | [Inverse][square|pts=800|noise=5%] checkpoint saved at epoch=9999 -> outputs_refactor\full_matrix_rerun_20260214_112937\checkpoints\square\inverse_pts_800_noise_5_last.pth
2026-02-14 12:59:36,748 | INFO | [Inverse][square|pts=800|noise=5%] epoch=9999/11999 total=4.900e-03 pde=1.587e-04 bc=2.993e-05 data=4.442e-05 best=4.809e-03 lr=2.10e-04
2026-02-14 12:59:38,235 | INFO | [Inverse][square|pts=800|noise=5%] epoch=10099/11999 total=4.824e-03 pde=1.529e-04 bc=2.544e-05 data=4.417e-05 best=4.798e-03 lr=2.10e-04
2026-02-14 12:59:39,767 | INFO | [Inverse][square|pts=800|noise=5%] epoch=10199/11999 total=4.827e-03 pde=1.523e-04 bc=2.800e-05 data=4.395e-05 best=4.781e-03 lr=2.10e-04
2026-02-14 12:59:41,269 | INFO | [Inverse][square|pts=800|noise=5%] epoch=10299/11999 total=4.795e-03 pde=1.478e-04 bc=2.733e-05 data=4.374e-05 best=4.772e-03 lr=2.10e-04
2026-02-14 12:59:42,871 | INFO | [Inverse][square|pts=800|noise=5%] epoch=10399/11999 total=4.961e-03 pde=1.560e-04 bc=3.711e-05 data=4.434e-05 best=4.757e-03 lr=2.10e-04
2026-02-14 12:59:44,415 | INFO | [Inverse][square|pts=800|noise=5%] checkpoint saved at epoch=10499 -> outputs_refactor\full_matrix_rerun_20260214_112937\checkpoints\square\inverse_pts_800_noise_5_last.pth
2026-02-14 12:59:44,415 | INFO | [Inverse][square|pts=800|noise=5%] epoch=10499/11999 total=4.757e-03 pde=1.448e-04 bc=2.524e-05 data=4.360e-05 best=4.743e-03 lr=2.10e-04
2026-02-14 12:59:46,000 | INFO | [Inverse][square|pts=800|noise=5%] epoch=10599/11999 total=4.746e-03 pde=1.435e-04 bc=2.897e-05 data=4.313e-05 best=4.736e-03 lr=2.10e-04
2026-02-14 12:59:47,745 | INFO | [Inverse][square|pts=800|noise=5%] epoch=10699/11999 total=4.743e-03 pde=1.427e-04 bc=2.613e-05 data=4.339e-05 best=4.724e-03 lr=2.10e-04
2026-02-14 12:59:49,233 | INFO | [Inverse][square|pts=800|noise=5%] epoch=10799/11999 total=4.748e-03 pde=1.421e-04 bc=2.687e-05 data=4.337e-05 best=4.724e-03 lr=2.10e-04
2026-02-14 12:59:50,883 | INFO | [Inverse][square|pts=800|noise=5%] epoch=10899/11999 total=4.716e-03 pde=1.388e-04 bc=2.595e-05 data=4.317e-05 best=4.709e-03 lr=2.10e-04
2026-02-14 12:59:52,660 | INFO | [Inverse][square|pts=800|noise=5%] checkpoint saved at epoch=10999 -> outputs_refactor\full_matrix_rerun_20260214_112937\checkpoints\square\inverse_pts_800_noise_5_last.pth
2026-02-14 12:59:52,660 | INFO | [Inverse][square|pts=800|noise=5%] epoch=10999/11999 total=4.711e-03 pde=1.383e-04 bc=2.889e-05 data=4.283e-05 best=4.697e-03 lr=2.10e-04
2026-02-14 12:59:54,555 | INFO | [Inverse][square|pts=800|noise=5%] epoch=11099/11999 total=4.891e-03 pde=1.487e-04 bc=3.408e-05 data=4.401e-05 best=4.690e-03 lr=2.10e-04
2026-02-14 12:59:56,135 | INFO | [Inverse][square|pts=800|noise=5%] epoch=11199/11999 total=4.698e-03 pde=1.354e-04 bc=2.589e-05 data=4.304e-05 best=4.685e-03 lr=2.10e-04
2026-02-14 12:59:57,714 | INFO | [Inverse][square|pts=800|noise=5%] epoch=11299/11999 total=4.731e-03 pde=1.374e-04 bc=3.128e-05 data=4.281e-05 best=4.678e-03 lr=2.10e-04
2026-02-14 12:59:59,405 | INFO | [Inverse][square|pts=800|noise=5%] epoch=11399/11999 total=4.678e-03 pde=1.332e-04 bc=2.450e-05 data=4.300e-05 best=4.664e-03 lr=2.10e-04
2026-02-14 13:00:01,057 | INFO | [Inverse][square|pts=800|noise=5%] checkpoint saved at epoch=11499 -> outputs_refactor\full_matrix_rerun_20260214_112937\checkpoints\square\inverse_pts_800_noise_5_last.pth
2026-02-14 13:00:01,058 | INFO | [Inverse][square|pts=800|noise=5%] epoch=11499/11999 total=4.680e-03 pde=1.329e-04 bc=2.788e-05 data=4.269e-05 best=4.658e-03 lr=2.10e-04
2026-02-14 13:00:02,815 | INFO | [Inverse][square|pts=800|noise=5%] epoch=11599/11999 total=4.665e-03 pde=1.314e-04 bc=2.807e-05 data=4.253e-05 best=4.658e-03 lr=2.10e-04
2026-02-14 13:00:04,402 | INFO | [Inverse][square|pts=800|noise=5%] epoch=11699/11999 total=4.718e-03 pde=1.321e-04 bc=2.502e-05 data=4.336e-05 best=4.646e-03 lr=2.10e-04
2026-02-14 13:00:05,948 | INFO | [Inverse][square|pts=800|noise=5%] epoch=11799/11999 total=4.659e-03 pde=1.295e-04 bc=2.436e-05 data=4.286e-05 best=4.642e-03 lr=2.10e-04
2026-02-14 13:00:07,516 | INFO | [Inverse][square|pts=800|noise=5%] epoch=11899/11999 total=4.637e-03 pde=1.277e-04 bc=2.615e-05 data=4.248e-05 best=4.636e-03 lr=2.10e-04
2026-02-14 13:00:09,109 | INFO | [Inverse][square|pts=800|noise=5%] checkpoint saved at epoch=11999 -> outputs_refactor\full_matrix_rerun_20260214_112937\checkpoints\square\inverse_pts_800_noise_5_last.pth
2026-02-14 13:00:09,109 | INFO | [Inverse][square|pts=800|noise=5%] epoch=11999/11999 total=4.775e-03 pde=1.372e-04 bc=2.378e-05 data=4.400e-05 best=4.629e-03 lr=2.10e-04
2026-02-14 13:00:09,820 | INFO | [Inverse][pts_1500_noise_0] start training charge=square points=1500 noise=0%
2026-02-14 13:00:09,849 | INFO | [Inverse][square|pts=1500|noise=0%] epoch=0/11999 total=5.618e+00 pde=1.343e-02 bc=3.767e-02 data=5.228e-02 best=5.618e+00 lr=1.00e-03
2026-02-14 13:00:11,817 | INFO | [Inverse][square|pts=1500|noise=0%] epoch=99/11999 total=3.064e-01 pde=1.323e-01 bc=4.823e-04 data=1.693e-03 best=3.064e-01 lr=1.00e-03
2026-02-14 13:00:13,426 | INFO | [Inverse][square|pts=1500|noise=0%] epoch=199/11999 total=2.231e-01 pde=6.631e-02 bc=9.867e-04 data=1.470e-03 best=2.151e-01 lr=1.00e-03
2026-02-14 13:00:15,059 | INFO | [Inverse][square|pts=1500|noise=0%] epoch=299/11999 total=1.543e-01 pde=3.221e-02 bc=1.063e-03 data=1.114e-03 best=1.529e-01 lr=1.00e-03
2026-02-14 13:00:16,695 | INFO | [Inverse][square|pts=1500|noise=0%] epoch=399/11999 total=1.114e-01 pde=1.417e-02 bc=9.168e-04 data=8.810e-04 best=1.114e-01 lr=1.00e-03
2026-02-14 13:00:18,374 | INFO | [Inverse][square|pts=1500|noise=0%] checkpoint saved at epoch=499 -> outputs_refactor\full_matrix_rerun_20260214_112937\checkpoints\square\inverse_pts_1500_noise_0_last.pth
2026-02-14 13:00:18,375 | INFO | [Inverse][square|pts=1500|noise=0%] epoch=499/11999 total=8.642e-02 pde=8.904e-03 bc=7.298e-04 data=7.022e-04 best=8.642e-02 lr=1.00e-03
2026-02-14 13:00:20,004 | INFO | [Inverse][square|pts=1500|noise=0%] epoch=599/11999 total=7.432e-02 pde=7.970e-03 bc=5.543e-04 data=6.081e-04 best=6.781e-02 lr=1.00e-03
2026-02-14 13:00:21,587 | INFO | [Inverse][square|pts=1500|noise=0%] epoch=699/11999 total=6.075e-02 pde=8.851e-03 bc=3.018e-04 data=4.888e-04 best=5.904e-02 lr=1.00e-03
2026-02-14 13:00:23,149 | INFO | [Inverse][square|pts=1500|noise=0%] epoch=799/11999 total=5.544e-02 pde=9.863e-03 bc=2.345e-04 data=4.323e-04 best=5.390e-02 lr=1.00e-03
2026-02-14 13:00:24,766 | INFO | [Inverse][square|pts=1500|noise=0%] epoch=899/11999 total=6.274e-02 pde=9.944e-03 bc=9.802e-05 data=5.182e-04 best=4.510e-02 lr=1.00e-03
2026-02-14 13:00:26,273 | INFO | [Inverse][square|pts=1500|noise=0%] checkpoint saved at epoch=999 -> outputs_refactor\full_matrix_rerun_20260214_112937\checkpoints\square\inverse_pts_1500_noise_0_last.pth
2026-02-14 13:00:26,273 | INFO | [Inverse][square|pts=1500|noise=0%] epoch=999/11999 total=4.376e-02 pde=9.897e-03 bc=1.905e-04 data=3.196e-04 best=4.301e-02 lr=1.00e-03
2026-02-14 13:00:27,781 | INFO | [Inverse][square|pts=1500|noise=0%] epoch=1099/11999 total=4.335e-02 pde=9.461e-03 bc=1.890e-04 data=3.200e-04 best=4.256e-02 lr=1.00e-03
2026-02-14 13:00:29,509 | INFO | [Inverse][square|pts=1500|noise=0%] epoch=1199/11999 total=3.957e-02 pde=8.700e-03 bc=2.091e-04 data=2.878e-04 best=3.877e-02 lr=1.00e-03
2026-02-14 13:00:31,069 | INFO | [Inverse][square|pts=1500|noise=0%] epoch=1299/11999 total=4.758e-02 pde=7.892e-03 bc=4.022e-04 data=3.567e-04 best=3.105e-02 lr=1.00e-03
2026-02-14 13:00:32,605 | INFO | [Inverse][square|pts=1500|noise=0%] epoch=1399/11999 total=2.862e-02 pde=7.398e-03 bc=9.652e-05 data=2.026e-04 best=2.862e-02 lr=1.00e-03
2026-02-14 13:00:34,156 | INFO | [Inverse][square|pts=1500|noise=0%] checkpoint saved at epoch=1499 -> outputs_refactor\full_matrix_rerun_20260214_112937\checkpoints\square\inverse_pts_1500_noise_0_last.pth
2026-02-14 13:00:34,157 | INFO | [Inverse][square|pts=1500|noise=0%] epoch=1499/11999 total=3.303e-02 pde=6.727e-03 bc=1.646e-04 data=2.466e-04 best=2.591e-02 lr=1.00e-03
2026-02-14 13:00:35,658 | INFO | [Inverse][square|pts=1500|noise=0%] epoch=1599/11999 total=2.785e-02 pde=6.059e-03 bc=1.625e-04 data=2.017e-04 best=2.337e-02 lr=1.00e-03
2026-02-14 13:00:37,174 | INFO | [Inverse][square|pts=1500|noise=0%] epoch=1699/11999 total=2.339e-02 pde=5.325e-03 bc=1.390e-04 data=1.667e-04 best=2.158e-02 lr=1.00e-03
2026-02-14 13:00:38,683 | INFO | [Inverse][square|pts=1500|noise=0%] epoch=1799/11999 total=2.221e-02 pde=4.799e-03 bc=1.439e-04 data=1.597e-04 best=2.158e-02 lr=1.00e-03
2026-02-14 13:00:40,261 | INFO | [Inverse][square|pts=1500|noise=0%] epoch=1899/11999 total=2.087e-02 pde=4.426e-03 bc=1.359e-04 data=1.509e-04 best=1.792e-02 lr=1.00e-03
2026-02-14 13:00:41,769 | INFO | [Inverse][square|pts=1500|noise=0%] checkpoint saved at epoch=1999 -> outputs_refactor\full_matrix_rerun_20260214_112937\checkpoints\square\inverse_pts_1500_noise_0_last.pth
2026-02-14 13:00:41,769 | INFO | [Inverse][square|pts=1500|noise=0%] epoch=1999/11999 total=1.892e-02 pde=4.125e-03 bc=1.211e-04 data=1.359e-04 best=1.787e-02 lr=1.00e-03
2026-02-14 13:00:43,353 | INFO | [Inverse][square|pts=1500|noise=0%] epoch=2099/11999 total=1.837e-02 pde=3.885e-03 bc=1.193e-04 data=1.329e-04 best=1.587e-02 lr=1.00e-03
2026-02-14 13:00:44,930 | INFO | [Inverse][square|pts=1500|noise=0%] epoch=2199/11999 total=1.875e-02 pde=3.639e-03 bc=1.293e-04 data=1.382e-04 best=1.249e-02 lr=1.00e-03
2026-02-14 13:00:46,440 | INFO | [Inverse][square|pts=1500|noise=0%] epoch=2299/11999 total=1.301e-02 pde=3.287e-03 bc=6.657e-05 data=9.062e-05 best=1.217e-02 lr=1.00e-03
2026-02-14 13:00:47,945 | INFO | [Inverse][square|pts=1500|noise=0%] epoch=2399/11999 total=1.708e-02 pde=3.134e-03 bc=1.255e-04 data=1.269e-04 best=1.160e-02 lr=1.00e-03
2026-02-14 13:00:49,555 | INFO | [Inverse][square|pts=1500|noise=0%] checkpoint saved at epoch=2499 -> outputs_refactor\full_matrix_rerun_20260214_112937\checkpoints\square\inverse_pts_1500_noise_0_last.pth
2026-02-14 13:00:49,556 | INFO | [Inverse][square|pts=1500|noise=0%] epoch=2499/11999 total=1.275e-02 pde=2.828e-03 bc=7.871e-05 data=9.140e-05 best=1.061e-02 lr=1.00e-03
2026-02-14 13:00:51,041 | INFO | [Inverse][square|pts=1500|noise=0%] epoch=2599/11999 total=1.413e-02 pde=2.659e-03 bc=1.026e-04 data=1.044e-04 best=1.061e-02 lr=1.00e-03
2026-02-14 13:00:52,600 | INFO | [Inverse][square|pts=1500|noise=0%] epoch=2699/11999 total=1.468e-02 pde=2.481e-03 bc=1.127e-04 data=1.107e-04 best=9.555e-03 lr=1.00e-03
2026-02-14 13:00:54,078 | INFO | [Inverse][square|pts=1500|noise=0%] epoch=2799/11999 total=1.207e-02 pde=2.250e-03 bc=9.012e-05 data=8.919e-05 best=9.555e-03 lr=1.00e-03
2026-02-14 13:00:55,638 | INFO | [Inverse][square|pts=1500|noise=0%] epoch=2899/11999 total=1.296e-02 pde=2.105e-03 bc=1.067e-04 data=9.791e-05 best=9.014e-03 lr=1.00e-03
2026-02-14 13:00:57,156 | INFO | [Inverse][square|pts=1500|noise=0%] checkpoint saved at epoch=2999 -> outputs_refactor\full_matrix_rerun_20260214_112937\checkpoints\square\inverse_pts_1500_noise_0_last.pth
2026-02-14 13:00:57,156 | INFO | [Inverse][square|pts=1500|noise=0%] epoch=2999/11999 total=1.956e-02 pde=4.190e-03 bc=1.678e-04 data=1.369e-04 best=7.096e-03 lr=1.00e-03
2026-02-14 13:00:58,645 | INFO | [Inverse][square|pts=1500|noise=0%] epoch=3099/11999 total=1.039e-02 pde=1.705e-03 bc=9.076e-05 data=7.775e-05 best=7.096e-03 lr=1.00e-03
2026-02-14 13:01:00,158 | INFO | [Inverse][square|pts=1500|noise=0%] epoch=3199/11999 total=1.105e-02 pde=1.605e-03 bc=1.034e-04 data=8.413e-05 best=7.096e-03 lr=1.00e-03
2026-02-14 13:01:01,675 | INFO | [Inverse][square|pts=1500|noise=0%] epoch=3299/11999 total=9.756e-03 pde=1.510e-03 bc=8.764e-05 data=7.369e-05 best=7.096e-03 lr=1.00e-03
2026-02-14 13:01:03,165 | INFO | [Inverse][square|pts=1500|noise=0%] epoch=3399/11999 total=1.095e-02 pde=1.452e-03 bc=1.006e-04 data=8.490e-05 best=7.096e-03 lr=1.00e-03
2026-02-14 13:01:04,706 | INFO | [Inverse][square|pts=1500|noise=0%] checkpoint saved at epoch=3499 -> outputs_refactor\full_matrix_rerun_20260214_112937\checkpoints\square\inverse_pts_1500_noise_0_last.pth
2026-02-14 13:01:04,706 | INFO | [Inverse][square|pts=1500|noise=0%] epoch=3499/11999 total=6.898e-03 pde=1.340e-03 bc=5.486e-05 data=5.010e-05 best=6.898e-03 lr=8.00e-04
2026-02-14 13:01:06,234 | INFO | [Inverse][square|pts=1500|noise=0%] epoch=3599/11999 total=7.800e-03 pde=1.278e-03 bc=8.001e-05 data=5.722e-05 best=6.580e-03 lr=8.00e-04
2026-02-14 13:01:07,705 | INFO | [Inverse][square|pts=1500|noise=0%] epoch=3699/11999 total=7.660e-03 pde=1.216e-03 bc=8.566e-05 data=5.588e-05 best=6.580e-03 lr=8.00e-04
2026-02-14 13:01:09,249 | INFO | [Inverse][square|pts=1500|noise=0%] epoch=3799/11999 total=7.369e-03 pde=1.164e-03 bc=8.411e-05 data=5.364e-05 best=6.580e-03 lr=8.00e-04
2026-02-14 13:01:10,730 | INFO | [Inverse][square|pts=1500|noise=0%] epoch=3899/11999 total=7.155e-03 pde=1.128e-03 bc=8.249e-05 data=5.202e-05 best=6.580e-03 lr=8.00e-04
2026-02-14 13:01:12,332 | INFO | [Inverse][square|pts=1500|noise=0%] checkpoint saved at epoch=3999 -> outputs_refactor\full_matrix_rerun_20260214_112937\checkpoints\square\inverse_pts_1500_noise_0_last.pth
2026-02-14 13:01:12,332 | INFO | [Inverse][square|pts=1500|noise=0%] epoch=3999/11999 total=1.189e-02 pde=1.298e-03 bc=1.341e-04 data=9.253e-05 best=5.708e-03 lr=8.00e-04
2026-02-14 13:01:13,805 | INFO | [Inverse][square|pts=1500|noise=0%] epoch=4099/11999 total=1.003e-02 pde=1.189e-03 bc=1.086e-04 data=7.752e-05 best=5.708e-03 lr=8.00e-04
2026-02-14 13:01:15,343 | INFO | [Inverse][square|pts=1500|noise=0%] epoch=4199/11999 total=6.902e-03 pde=1.059e-03 bc=6.992e-05 data=5.144e-05 best=5.519e-03 lr=8.00e-04
2026-02-14 13:01:16,816 | INFO | [Inverse][square|pts=1500|noise=0%] epoch=4299/11999 total=9.539e-03 pde=1.113e-03 bc=1.041e-04 data=7.385e-05 best=5.519e-03 lr=8.00e-04
2026-02-14 13:01:18,327 | INFO | [Inverse][square|pts=1500|noise=0%] epoch=4399/11999 total=8.109e-03 pde=1.044e-03 bc=8.673e-05 data=6.198e-05 best=5.494e-03 lr=8.00e-04
2026-02-14 13:01:19,828 | INFO | [Inverse][square|pts=1500|noise=0%] checkpoint saved at epoch=4499 -> outputs_refactor\full_matrix_rerun_20260214_112937\checkpoints\square\inverse_pts_1500_noise_0_last.pth
2026-02-14 13:01:19,829 | INFO | [Inverse][square|pts=1500|noise=0%] epoch=4499/11999 total=8.251e-03 pde=1.012e-03 bc=8.986e-05 data=6.340e-05 best=5.494e-03 lr=8.00e-04
2026-02-14 13:01:21,327 | INFO | [Inverse][square|pts=1500|noise=0%] epoch=4599/11999 total=7.424e-03 pde=9.498e-04 bc=8.070e-05 data=5.667e-05 best=5.494e-03 lr=8.00e-04
2026-02-14 13:01:22,864 | INFO | [Inverse][square|pts=1500|noise=0%] epoch=4699/11999 total=9.081e-03 pde=9.581e-04 bc=1.034e-04 data=7.088e-05 best=5.188e-03 lr=8.00e-04
2026-02-14 13:01:24,392 | INFO | [Inverse][square|pts=1500|noise=0%] epoch=4799/11999 total=6.831e-03 pde=8.683e-04 bc=7.554e-05 data=5.207e-05 best=4.730e-03 lr=8.00e-04
2026-02-14 13:01:25,891 | INFO | [Inverse][square|pts=1500|noise=0%] epoch=4899/11999 total=9.023e-03 pde=9.066e-04 bc=1.058e-04 data=7.058e-05 best=4.730e-03 lr=8.00e-04
2026-02-14 13:01:27,422 | INFO | [Inverse][square|pts=1500|noise=0%] checkpoint saved at epoch=4999 -> outputs_refactor\full_matrix_rerun_20260214_112937\checkpoints\square\inverse_pts_1500_noise_0_last.pth
2026-02-14 13:01:27,422 | INFO | [Inverse][square|pts=1500|noise=0%] epoch=4999/11999 total=7.231e-03 pde=8.334e-04 bc=8.423e-05 data=5.555e-05 best=4.622e-03 lr=8.00e-04
2026-02-14 13:01:28,935 | INFO | [Inverse][square|pts=1500|noise=0%] epoch=5099/11999 total=5.747e-03 pde=8.102e-04 bc=6.802e-05 data=4.257e-05 best=4.455e-03 lr=8.00e-04
2026-02-14 13:01:30,458 | INFO | [Inverse][square|pts=1500|noise=0%] epoch=5199/11999 total=8.192e-03 pde=8.240e-04 bc=9.994e-05 data=6.368e-05 best=4.455e-03 lr=8.00e-04
2026-02-14 13:01:31,986 | INFO | [Inverse][square|pts=1500|noise=0%] epoch=5299/11999 total=5.793e-03 pde=7.623e-04 bc=6.305e-05 data=4.401e-05 best=4.005e-03 lr=8.00e-04
2026-02-14 13:01:33,459 | INFO | [Inverse][square|pts=1500|noise=0%] epoch=5399/11999 total=8.881e-03 pde=8.383e-04 bc=1.011e-04 data=7.031e-05 best=4.005e-03 lr=8.00e-04
2026-02-14 13:01:34,981 | INFO | [Inverse][square|pts=1500|noise=0%] checkpoint saved at epoch=5499 -> outputs_refactor\full_matrix_rerun_20260214_112937\checkpoints\square\inverse_pts_1500_noise_0_last.pth
2026-02-14 13:01:34,981 | INFO | [Inverse][square|pts=1500|noise=0%] epoch=5499/11999 total=7.085e-03 pde=7.777e-04 bc=7.973e-05 data=5.510e-05 best=4.005e-03 lr=8.00e-04
2026-02-14 13:01:36,470 | INFO | [Inverse][square|pts=1500|noise=0%] epoch=5599/11999 total=6.478e-03 pde=7.509e-04 bc=7.283e-05 data=4.999e-05 best=4.005e-03 lr=8.00e-04
2026-02-14 13:01:37,959 | INFO | [Inverse][square|pts=1500|noise=0%] epoch=5699/11999 total=6.565e-03 pde=7.241e-04 bc=7.273e-05 data=5.113e-05 best=4.005e-03 lr=8.00e-04
2026-02-14 13:01:39,481 | INFO | [Inverse][square|pts=1500|noise=0%] epoch=5799/11999 total=5.372e-03 pde=6.580e-04 bc=5.751e-05 data=4.139e-05 best=3.885e-03 lr=6.40e-04
2026-02-14 13:01:40,977 | INFO | [Inverse][square|pts=1500|noise=0%] epoch=5899/11999 total=5.842e-03 pde=6.751e-04 bc=6.241e-05 data=4.543e-05 best=3.885e-03 lr=6.40e-04
2026-02-14 13:01:42,454 | INFO | [Inverse][square|pts=1500|noise=0%] checkpoint saved at epoch=5999 -> outputs_refactor\full_matrix_rerun_20260214_112937\checkpoints\square\inverse_pts_1500_noise_0_last.pth
2026-02-14 13:01:42,455 | INFO | [Inverse][square|pts=1500|noise=0%] epoch=5999/11999 total=4.828e-03 pde=6.321e-04 bc=4.977e-05 data=3.698e-05 best=3.885e-03 lr=6.40e-04
2026-02-14 13:01:43,925 | INFO | [Inverse][square|pts=1500|noise=0%] epoch=6099/11999 total=4.799e-03 pde=6.099e-04 bc=4.088e-05 data=3.780e-05 best=3.885e-03 lr=6.40e-04
2026-02-14 13:01:45,405 | INFO | [Inverse][square|pts=1500|noise=0%] epoch=6199/11999 total=4.674e-03 pde=5.537e-04 bc=2.579e-05 data=3.862e-05 best=3.885e-03 lr=6.40e-04
2026-02-14 13:01:46,915 | INFO | [Inverse][square|pts=1500|noise=0%] epoch=6299/11999 total=4.638e-03 pde=6.169e-04 bc=7.330e-05 data=3.288e-05 best=3.421e-03 lr=5.12e-04
2026-02-14 13:01:48,400 | INFO | [Inverse][square|pts=1500|noise=0%] epoch=6399/11999 total=3.480e-03 pde=5.093e-04 bc=4.570e-05 data=2.513e-05 best=3.177e-03 lr=5.12e-04
2026-02-14 13:01:49,918 | INFO | [Inverse][square|pts=1500|noise=0%] checkpoint saved at epoch=6499 -> outputs_refactor\full_matrix_rerun_20260214_112937\checkpoints\square\inverse_pts_1500_noise_0_last.pth
2026-02-14 13:01:49,918 | INFO | [Inverse][square|pts=1500|noise=0%] epoch=6499/11999 total=3.828e-03 pde=5.140e-04 bc=5.105e-05 data=2.803e-05 best=3.177e-03 lr=5.12e-04
2026-02-14 13:01:51,427 | INFO | [Inverse][square|pts=1500|noise=0%] epoch=6599/11999 total=4.633e-03 pde=5.426e-04 bc=6.239e-05 data=3.466e-05 best=3.177e-03 lr=5.12e-04
2026-02-14 13:01:52,891 | INFO | [Inverse][square|pts=1500|noise=0%] epoch=6699/11999 total=3.832e-03 pde=4.991e-04 bc=5.198e-05 data=2.813e-05 best=3.177e-03 lr=5.12e-04
2026-02-14 13:01:54,357 | INFO | [Inverse][square|pts=1500|noise=0%] epoch=6799/11999 total=3.742e-03 pde=4.845e-04 bc=5.143e-05 data=2.743e-05 best=3.177e-03 lr=5.12e-04
2026-02-14 13:01:55,904 | INFO | [Inverse][square|pts=1500|noise=0%] epoch=6899/11999 total=3.257e-03 pde=4.539e-04 bc=4.505e-05 data=2.353e-05 best=2.922e-03 lr=4.10e-04
2026-02-14 13:01:57,453 | INFO | [Inverse][square|pts=1500|noise=0%] checkpoint saved at epoch=6999 -> outputs_refactor\full_matrix_rerun_20260214_112937\checkpoints\square\inverse_pts_1500_noise_0_last.pth
2026-02-14 13:01:57,454 | INFO | [Inverse][square|pts=1500|noise=0%] epoch=6999/11999 total=3.018e-03 pde=4.830e-04 bc=4.095e-05 data=2.125e-05 best=2.877e-03 lr=4.10e-04
2026-02-14 13:01:58,957 | INFO | [Inverse][square|pts=1500|noise=0%] epoch=7099/11999 total=3.031e-03 pde=4.423e-04 bc=4.278e-05 data=2.161e-05 best=2.845e-03 lr=4.10e-04
2026-02-14 13:02:00,469 | INFO | [Inverse][square|pts=1500|noise=0%] epoch=7199/11999 total=3.266e-03 pde=4.329e-04 bc=4.712e-05 data=2.362e-05 best=2.795e-03 lr=4.10e-04
2026-02-14 13:02:01,974 | INFO | [Inverse][square|pts=1500|noise=0%] epoch=7299/11999 total=3.134e-03 pde=4.213e-04 bc=4.561e-05 data=2.257e-05 best=2.754e-03 lr=4.10e-04
2026-02-14 13:02:03,485 | INFO | [Inverse][square|pts=1500|noise=0%] epoch=7399/11999 total=3.338e-03 pde=4.379e-04 bc=4.921e-05 data=2.408e-05 best=2.742e-03 lr=4.10e-04
2026-02-14 13:02:05,041 | INFO | [Inverse][square|pts=1500|noise=0%] checkpoint saved at epoch=7499 -> outputs_refactor\full_matrix_rerun_20260214_112937\checkpoints\square\inverse_pts_1500_noise_0_last.pth
2026-02-14 13:02:05,041 | INFO | [Inverse][square|pts=1500|noise=0%] epoch=7499/11999 total=2.751e-03 pde=3.938e-04 bc=4.023e-05 data=1.955e-05 best=2.660e-03 lr=4.10e-04
2026-02-14 13:02:06,527 | INFO | [Inverse][square|pts=1500|noise=0%] epoch=7599/11999 total=2.642e-03 pde=3.889e-04 bc=3.922e-05 data=1.861e-05 best=2.619e-03 lr=4.10e-04
2026-02-14 13:02:08,004 | INFO | [Inverse][square|pts=1500|noise=0%] epoch=7699/11999 total=3.473e-03 pde=4.247e-04 bc=4.620e-05 data=2.586e-05 best=2.463e-03 lr=4.10e-04
2026-02-14 13:02:09,590 | INFO | [Inverse][square|pts=1500|noise=0%] epoch=7799/11999 total=2.929e-03 pde=3.840e-04 bc=4.039e-05 data=2.142e-05 best=2.463e-03 lr=4.10e-04
2026-02-14 13:02:11,117 | INFO | [Inverse][square|pts=1500|noise=0%] epoch=7899/11999 total=3.079e-03 pde=3.871e-04 bc=4.201e-05 data=2.272e-05 best=2.463e-03 lr=4.10e-04
2026-02-14 13:02:12,598 | INFO | [Inverse][square|pts=1500|noise=0%] checkpoint saved at epoch=7999 -> outputs_refactor\full_matrix_rerun_20260214_112937\checkpoints\square\inverse_pts_1500_noise_0_last.pth
2026-02-14 13:02:12,598 | INFO | [Inverse][square|pts=1500|noise=0%] epoch=7999/11999 total=2.766e-03 pde=3.710e-04 bc=3.888e-05 data=2.006e-05 best=2.463e-03 lr=4.10e-04
2026-02-14 13:02:14,116 | INFO | [Inverse][square|pts=1500|noise=0%] epoch=8099/11999 total=2.903e-03 pde=3.729e-04 bc=4.108e-05 data=2.119e-05 best=2.463e-03 lr=4.10e-04
2026-02-14 13:02:15,612 | INFO | [Inverse][square|pts=1500|noise=0%] epoch=8199/11999 total=2.632e-03 pde=3.567e-04 bc=3.875e-05 data=1.888e-05 best=2.463e-03 lr=3.28e-04
2026-02-14 13:02:17,081 | INFO | [Inverse][square|pts=1500|noise=0%] epoch=8299/11999 total=2.490e-03 pde=3.476e-04 bc=3.682e-05 data=1.775e-05 best=2.463e-03 lr=3.28e-04
2026-02-14 13:02:18,558 | INFO | [Inverse][square|pts=1500|noise=0%] epoch=8399/11999 total=2.495e-03 pde=3.447e-04 bc=3.516e-05 data=1.799e-05 best=2.459e-03 lr=3.28e-04
2026-02-14 13:02:20,076 | INFO | [Inverse][square|pts=1500|noise=0%] checkpoint saved at epoch=8499 -> outputs_refactor\full_matrix_rerun_20260214_112937\checkpoints\square\inverse_pts_1500_noise_0_last.pth
2026-02-14 13:02:20,077 | INFO | [Inverse][square|pts=1500|noise=0%] epoch=8499/11999 total=2.574e-03 pde=3.447e-04 bc=3.256e-05 data=1.904e-05 best=2.459e-03 lr=3.28e-04
2026-02-14 13:02:21,593 | INFO | [Inverse][square|pts=1500|noise=0%] epoch=8599/11999 total=2.575e-03 pde=3.406e-04 bc=2.612e-05 data=1.973e-05 best=2.459e-03 lr=3.28e-04
2026-02-14 13:02:23,153 | INFO | [Inverse][square|pts=1500|noise=0%] epoch=8699/11999 total=2.167e-03 pde=3.203e-04 bc=3.359e-05 data=1.511e-05 best=2.164e-03 lr=3.28e-04
2026-02-14 13:02:25,058 | INFO | [Inverse][square|pts=1500|noise=0%] epoch=8799/11999 total=2.129e-03 pde=3.144e-04 bc=3.196e-05 data=1.495e-05 best=2.129e-03 lr=3.28e-04
2026-02-14 13:02:27,231 | INFO | [Inverse][square|pts=1500|noise=0%] epoch=8899/11999 total=2.099e-03 pde=3.091e-04 bc=3.174e-05 data=1.473e-05 best=2.099e-03 lr=3.28e-04
2026-02-14 13:02:29,268 | INFO | [Inverse][square|pts=1500|noise=0%] checkpoint saved at epoch=8999 -> outputs_refactor\full_matrix_rerun_20260214_112937\checkpoints\square\inverse_pts_1500_noise_0_last.pth
2026-02-14 13:02:29,269 | INFO | [Inverse][square|pts=1500|noise=0%] epoch=8999/11999 total=2.146e-03 pde=3.076e-04 bc=3.445e-05 data=1.494e-05 best=2.072e-03 lr=3.28e-04
2026-02-14 13:02:30,971 | INFO | [Inverse][square|pts=1500|noise=0%] epoch=9099/11999 total=2.158e-03 pde=3.046e-04 bc=3.513e-05 data=1.502e-05 best=2.055e-03 lr=3.28e-04
2026-02-14 13:02:32,648 | INFO | [Inverse][square|pts=1500|noise=0%] epoch=9199/11999 total=2.066e-03 pde=2.963e-04 bc=2.992e-05 data=1.471e-05 best=2.029e-03 lr=3.28e-04
2026-02-14 13:02:34,343 | INFO | [Inverse][square|pts=1500|noise=0%] epoch=9299/11999 total=2.076e-03 pde=2.931e-04 bc=3.397e-05 data=1.443e-05 best=2.010e-03 lr=3.28e-04
2026-02-14 13:02:36,080 | INFO | [Inverse][square|pts=1500|noise=0%] epoch=9399/11999 total=2.032e-03 pde=2.874e-04 bc=2.941e-05 data=1.451e-05 best=1.972e-03 lr=3.28e-04
2026-02-14 13:02:37,868 | INFO | [Inverse][square|pts=1500|noise=0%] checkpoint saved at epoch=9499 -> outputs_refactor\full_matrix_rerun_20260214_112937\checkpoints\square\inverse_pts_1500_noise_0_last.pth
2026-02-14 13:02:37,869 | INFO | [Inverse][square|pts=1500|noise=0%] epoch=9499/11999 total=1.939e-03 pde=2.785e-04 bc=3.022e-05 data=1.359e-05 best=1.939e-03 lr=3.28e-04
2026-02-14 13:02:39,597 | INFO | [Inverse][square|pts=1500|noise=0%] epoch=9599/11999 total=2.088e-03 pde=2.821e-04 bc=3.490e-05 data=1.457e-05 best=1.926e-03 lr=3.28e-04
2026-02-14 13:02:41,312 | INFO | [Inverse][square|pts=1500|noise=0%] epoch=9699/11999 total=2.619e-03 pde=3.101e-04 bc=3.087e-05 data=2.000e-05 best=1.909e-03 lr=3.28e-04
2026-02-14 13:02:42,862 | INFO | [Inverse][square|pts=1500|noise=0%] epoch=9799/11999 total=2.375e-03 pde=2.934e-04 bc=2.923e-05 data=1.789e-05 best=1.909e-03 lr=3.28e-04
2026-02-14 13:02:44,664 | INFO | [Inverse][square|pts=1500|noise=0%] epoch=9899/11999 total=2.184e-03 pde=2.807e-04 bc=2.828e-05 data=1.620e-05 best=1.909e-03 lr=3.28e-04
2026-02-14 13:02:46,327 | INFO | [Inverse][square|pts=1500|noise=0%] checkpoint saved at epoch=9999 -> outputs_refactor\full_matrix_rerun_20260214_112937\checkpoints\square\inverse_pts_1500_noise_0_last.pth
2026-02-14 13:02:46,328 | INFO | [Inverse][square|pts=1500|noise=0%] epoch=9999/11999 total=2.165e-03 pde=2.774e-04 bc=2.661e-05 data=1.621e-05 best=1.909e-03 lr=3.28e-04
2026-02-14 13:02:48,096 | INFO | [Inverse][square|pts=1500|noise=0%] epoch=10099/11999 total=2.254e-03 pde=2.802e-04 bc=2.845e-05 data=1.690e-05 best=1.909e-03 lr=3.28e-04
2026-02-14 13:02:49,750 | INFO | [Inverse][square|pts=1500|noise=0%] epoch=10199/11999 total=2.100e-03 pde=2.699e-04 bc=2.772e-05 data=1.553e-05 best=1.909e-03 lr=2.62e-04
2026-02-14 13:02:51,353 | INFO | [Inverse][square|pts=1500|noise=0%] epoch=10299/11999 total=2.019e-03 pde=2.633e-04 bc=2.749e-05 data=1.480e-05 best=1.909e-03 lr=2.62e-04
2026-02-14 13:02:52,892 | INFO | [Inverse][square|pts=1500|noise=0%] epoch=10399/11999 total=2.006e-03 pde=2.610e-04 bc=2.743e-05 data=1.471e-05 best=1.909e-03 lr=2.62e-04
2026-02-14 13:02:54,410 | INFO | [Inverse][square|pts=1500|noise=0%] checkpoint saved at epoch=10499 -> outputs_refactor\full_matrix_rerun_20260214_112937\checkpoints\square\inverse_pts_1500_noise_0_last.pth
2026-02-14 13:02:54,410 | INFO | [Inverse][square|pts=1500|noise=0%] epoch=10499/11999 total=2.004e-03 pde=2.610e-04 bc=2.735e-05 data=1.469e-05 best=1.909e-03 lr=2.62e-04
2026-02-14 13:02:56,024 | INFO | [Inverse][square|pts=1500|noise=0%] epoch=10599/11999 total=2.020e-03 pde=2.956e-04 bc=2.723e-05 data=1.452e-05 best=1.909e-03 lr=2.62e-04
2026-02-14 13:02:57,649 | INFO | [Inverse][square|pts=1500|noise=0%] epoch=10699/11999 total=1.779e-03 pde=2.420e-04 bc=2.804e-05 data=1.257e-05 best=1.778e-03 lr=2.10e-04
2026-02-14 13:03:00,064 | INFO | [Inverse][square|pts=1500|noise=0%] epoch=10799/11999 total=1.763e-03 pde=2.394e-04 bc=2.836e-05 data=1.240e-05 best=1.763e-03 lr=2.10e-04
2026-02-14 13:03:02,080 | INFO | [Inverse][square|pts=1500|noise=0%] epoch=10899/11999 total=1.751e-03 pde=2.369e-04 bc=2.823e-05 data=1.231e-05 best=1.751e-03 lr=2.10e-04
2026-02-14 13:03:04,008 | INFO | [Inverse][square|pts=1500|noise=0%] checkpoint saved at epoch=10999 -> outputs_refactor\full_matrix_rerun_20260214_112937\checkpoints\square\inverse_pts_1500_noise_0_last.pth
2026-02-14 13:03:04,008 | INFO | [Inverse][square|pts=1500|noise=0%] epoch=10999/11999 total=1.738e-03 pde=2.342e-04 bc=2.808e-05 data=1.223e-05 best=1.738e-03 lr=2.10e-04
2026-02-14 13:03:05,838 | INFO | [Inverse][square|pts=1500|noise=0%] epoch=11099/11999 total=1.724e-03 pde=2.314e-04 bc=2.794e-05 data=1.214e-05 best=1.724e-03 lr=2.10e-04
2026-02-14 13:03:07,382 | INFO | [Inverse][square|pts=1500|noise=0%] epoch=11199/11999 total=1.714e-03 pde=2.283e-04 bc=2.813e-05 data=1.205e-05 best=1.713e-03 lr=2.10e-04
2026-02-14 13:03:08,911 | INFO | [Inverse][square|pts=1500|noise=0%] epoch=11299/11999 total=1.702e-03 pde=2.257e-04 bc=2.734e-05 data=1.203e-05 best=1.699e-03 lr=2.10e-04
2026-02-14 13:03:10,478 | INFO | [Inverse][square|pts=1500|noise=0%] epoch=11399/11999 total=1.685e-03 pde=2.223e-04 bc=2.736e-05 data=1.189e-05 best=1.685e-03 lr=2.10e-04
2026-02-14 13:03:12,131 | INFO | [Inverse][square|pts=1500|noise=0%] checkpoint saved at epoch=11499 -> outputs_refactor\full_matrix_rerun_20260214_112937\checkpoints\square\inverse_pts_1500_noise_0_last.pth
2026-02-14 13:03:12,132 | INFO | [Inverse][square|pts=1500|noise=0%] epoch=11499/11999 total=1.673e-03 pde=2.193e-04 bc=2.712e-05 data=1.183e-05 best=1.673e-03 lr=2.10e-04
2026-02-14 13:03:13,686 | INFO | [Inverse][square|pts=1500|noise=0%] epoch=11599/11999 total=1.659e-03 pde=2.158e-04 bc=2.741e-05 data=1.169e-05 best=1.658e-03 lr=2.10e-04
2026-02-14 13:03:15,185 | INFO | [Inverse][square|pts=1500|noise=0%] epoch=11699/11999 total=1.679e-03 pde=2.147e-04 bc=2.651e-05 data=1.199e-05 best=1.648e-03 lr=2.10e-04
2026-02-14 13:03:16,640 | INFO | [Inverse][square|pts=1500|noise=0%] epoch=11799/11999 total=1.632e-03 pde=2.095e-04 bc=2.679e-05 data=1.154e-05 best=1.632e-03 lr=2.10e-04
2026-02-14 13:03:18,119 | INFO | [Inverse][square|pts=1500|noise=0%] epoch=11899/11999 total=1.626e-03 pde=2.067e-04 bc=2.642e-05 data=1.155e-05 best=1.619e-03 lr=2.10e-04
2026-02-14 13:03:19,642 | INFO | [Inverse][square|pts=1500|noise=0%] checkpoint saved at epoch=11999 -> outputs_refactor\full_matrix_rerun_20260214_112937\checkpoints\square\inverse_pts_1500_noise_0_last.pth
2026-02-14 13:03:19,642 | INFO | [Inverse][square|pts=1500|noise=0%] epoch=11999/11999 total=1.610e-03 pde=2.032e-04 bc=2.634e-05 data=1.143e-05 best=1.606e-03 lr=2.10e-04
2026-02-14 13:03:20,456 | INFO | [Inverse][pts_1500_noise_1] start training charge=square points=1500 noise=1%
2026-02-14 13:03:20,480 | INFO | [Inverse][square|pts=1500|noise=1%] epoch=0/11999 total=1.283e+01 pde=4.733e-02 bc=1.525e-01 data=1.126e-01 best=1.283e+01 lr=1.00e-03
2026-02-14 13:03:22,169 | INFO | [Inverse][square|pts=1500|noise=1%] epoch=99/11999 total=3.349e-01 pde=1.371e-01 bc=1.766e-03 data=1.801e-03 best=3.349e-01 lr=1.00e-03
2026-02-14 13:03:24,000 | INFO | [Inverse][square|pts=1500|noise=1%] epoch=199/11999 total=2.112e-01 pde=6.646e-02 bc=1.002e-03 data=1.347e-03 best=2.112e-01 lr=1.00e-03
2026-02-14 13:03:25,864 | INFO | [Inverse][square|pts=1500|noise=1%] epoch=299/11999 total=1.621e-01 pde=3.656e-02 bc=1.004e-03 data=1.155e-03 best=1.621e-01 lr=1.00e-03
2026-02-14 13:03:27,747 | INFO | [Inverse][square|pts=1500|noise=1%] epoch=399/11999 total=1.288e-01 pde=2.127e-02 bc=9.893e-04 data=9.766e-04 best=1.288e-01 lr=1.00e-03
2026-02-14 13:03:29,584 | INFO | [Inverse][square|pts=1500|noise=1%] checkpoint saved at epoch=499 -> outputs_refactor\full_matrix_rerun_20260214_112937\checkpoints\square\inverse_pts_1500_noise_1_last.pth
2026-02-14 13:03:29,585 | INFO | [Inverse][square|pts=1500|noise=1%] epoch=499/11999 total=1.036e-01 pde=1.648e-02 bc=7.318e-04 data=7.980e-04 best=1.035e-01 lr=1.00e-03
2026-02-14 13:03:31,597 | INFO | [Inverse][square|pts=1500|noise=1%] epoch=599/11999 total=8.841e-02 pde=1.453e-02 bc=6.510e-04 data=6.737e-04 best=8.440e-02 lr=1.00e-03
2026-02-14 13:03:33,222 | INFO | [Inverse][square|pts=1500|noise=1%] epoch=699/11999 total=7.521e-02 pde=1.335e-02 bc=3.620e-04 data=5.824e-04 best=7.053e-02 lr=1.00e-03
2026-02-14 13:03:34,816 | INFO | [Inverse][square|pts=1500|noise=1%] epoch=799/11999 total=6.315e-02 pde=1.301e-02 bc=2.742e-04 data=4.739e-04 best=6.195e-02 lr=1.00e-03
2026-02-14 13:03:36,408 | INFO | [Inverse][square|pts=1500|noise=1%] epoch=899/11999 total=5.964e-02 pde=1.307e-02 bc=2.699e-04 data=4.388e-04 best=5.544e-02 lr=1.00e-03
2026-02-14 13:03:38,010 | INFO | [Inverse][square|pts=1500|noise=1%] checkpoint saved at epoch=999 -> outputs_refactor\full_matrix_rerun_20260214_112937\checkpoints\square\inverse_pts_1500_noise_1_last.pth
2026-02-14 13:03:38,010 | INFO | [Inverse][square|pts=1500|noise=1%] epoch=999/11999 total=5.240e-02 pde=1.251e-02 bc=1.760e-04 data=3.814e-04 best=5.148e-02 lr=1.00e-03
2026-02-14 13:03:39,802 | INFO | [Inverse][square|pts=1500|noise=1%] epoch=1099/11999 total=4.549e-02 pde=1.129e-02 bc=1.188e-04 data=3.302e-04 best=4.509e-02 lr=1.00e-03
2026-02-14 13:03:41,638 | INFO | [Inverse][square|pts=1500|noise=1%] epoch=1199/11999 total=5.290e-02 pde=1.028e-02 bc=4.972e-04 data=3.765e-04 best=3.696e-02 lr=1.00e-03
2026-02-14 13:03:43,405 | INFO | [Inverse][square|pts=1500|noise=1%] epoch=1299/11999 total=3.526e-02 pde=1.066e-02 bc=1.333e-04 data=2.327e-04 best=3.358e-02 lr=1.00e-03
2026-02-14 13:03:44,996 | INFO | [Inverse][square|pts=1500|noise=1%] epoch=1399/11999 total=3.332e-02 pde=8.315e-03 bc=1.915e-04 data=2.309e-04 best=3.129e-02 lr=1.00e-03
2026-02-14 13:03:46,535 | INFO | [Inverse][square|pts=1500|noise=1%] checkpoint saved at epoch=1499 -> outputs_refactor\full_matrix_rerun_20260214_112937\checkpoints\square\inverse_pts_1500_noise_1_last.pth
2026-02-14 13:03:46,536 | INFO | [Inverse][square|pts=1500|noise=1%] epoch=1499/11999 total=2.869e-02 pde=7.293e-03 bc=1.125e-04 data=2.028e-04 best=2.790e-02 lr=1.00e-03
2026-02-14 13:03:48,109 | INFO | [Inverse][square|pts=1500|noise=1%] epoch=1599/11999 total=2.224e-02 pde=6.273e-03 bc=6.939e-05 data=1.527e-04 best=2.224e-02 lr=1.00e-03
2026-02-14 13:03:49,587 | INFO | [Inverse][square|pts=1500|noise=1%] epoch=1699/11999 total=2.847e-02 pde=5.660e-03 bc=1.415e-04 data=2.140e-04 best=2.092e-02 lr=1.00e-03
2026-02-14 13:03:51,125 | INFO | [Inverse][square|pts=1500|noise=1%] epoch=1799/11999 total=2.123e-02 pde=4.787e-03 bc=6.477e-05 data=1.579e-04 best=2.050e-02 lr=1.00e-03
2026-02-14 13:03:52,752 | INFO | [Inverse][square|pts=1500|noise=1%] epoch=1899/11999 total=1.885e-02 pde=4.190e-03 bc=5.933e-05 data=1.407e-04 best=1.784e-02 lr=1.00e-03
2026-02-14 13:03:54,398 | INFO | [Inverse][square|pts=1500|noise=1%] checkpoint saved at epoch=1999 -> outputs_refactor\full_matrix_rerun_20260214_112937\checkpoints\square\inverse_pts_1500_noise_1_last.pth
2026-02-14 13:03:54,398 | INFO | [Inverse][square|pts=1500|noise=1%] epoch=1999/11999 total=1.661e-02 pde=3.742e-03 bc=5.446e-05 data=1.232e-04 best=1.589e-02 lr=1.00e-03
2026-02-14 13:03:56,051 | INFO | [Inverse][square|pts=1500|noise=1%] epoch=2099/11999 total=1.392e-02 pde=3.338e-03 bc=4.743e-05 data=1.011e-04 best=1.344e-02 lr=1.00e-03
2026-02-14 13:03:57,797 | INFO | [Inverse][square|pts=1500|noise=1%] epoch=2199/11999 total=1.159e-02 pde=2.935e-03 bc=4.021e-05 data=8.258e-05 best=1.122e-02 lr=1.00e-03
2026-02-14 13:03:59,428 | INFO | [Inverse][square|pts=1500|noise=1%] epoch=2299/11999 total=2.375e-02 pde=2.684e-03 bc=2.903e-04 data=1.817e-04 best=9.541e-03 lr=1.00e-03
2026-02-14 13:04:01,178 | INFO | [Inverse][square|pts=1500|noise=1%] epoch=2399/11999 total=1.543e-02 pde=3.282e-03 bc=1.203e-04 data=1.095e-04 best=8.720e-03 lr=1.00e-03
2026-02-14 13:04:03,056 | INFO | [Inverse][square|pts=1500|noise=1%] checkpoint saved at epoch=2499 -> outputs_refactor\full_matrix_rerun_20260214_112937\checkpoints\square\inverse_pts_1500_noise_1_last.pth
2026-02-14 13:04:03,056 | INFO | [Inverse][square|pts=1500|noise=1%] epoch=2499/11999 total=1.293e-02 pde=2.201e-03 bc=1.424e-04 data=9.300e-05 best=8.720e-03 lr=1.00e-03
2026-02-14 13:04:04,618 | INFO | [Inverse][square|pts=1500|noise=1%] epoch=2599/11999 total=1.063e-02 pde=2.006e-03 bc=1.217e-04 data=7.411e-05 best=8.720e-03 lr=1.00e-03
2026-02-14 13:04:06,224 | INFO | [Inverse][square|pts=1500|noise=1%] epoch=2699/11999 total=8.270e-03 pde=1.822e-03 bc=8.127e-05 data=5.636e-05 best=7.060e-03 lr=1.00e-03
2026-02-14 13:04:07,782 | INFO | [Inverse][square|pts=1500|noise=1%] epoch=2799/11999 total=1.295e-02 pde=1.769e-03 bc=1.311e-04 data=9.871e-05 best=7.060e-03 lr=1.00e-03
2026-02-14 13:04:09,403 | INFO | [Inverse][square|pts=1500|noise=1%] epoch=2899/11999 total=1.029e-02 pde=1.654e-03 bc=9.773e-05 data=7.662e-05 best=7.060e-03 lr=1.00e-03
2026-02-14 13:04:11,000 | INFO | [Inverse][square|pts=1500|noise=1%] checkpoint saved at epoch=2999 -> outputs_refactor\full_matrix_rerun_20260214_112937\checkpoints\square\inverse_pts_1500_noise_1_last.pth
2026-02-14 13:04:11,001 | INFO | [Inverse][square|pts=1500|noise=1%] epoch=2999/11999 total=1.034e-02 pde=1.577e-03 bc=9.867e-05 data=7.772e-05 best=7.060e-03 lr=1.00e-03
2026-02-14 13:04:12,760 | INFO | [Inverse][square|pts=1500|noise=1%] epoch=3099/11999 total=8.801e-03 pde=1.475e-03 bc=7.126e-05 data=6.614e-05 best=7.060e-03 lr=1.00e-03
2026-02-14 13:04:14,247 | INFO | [Inverse][square|pts=1500|noise=1%] epoch=3199/11999 total=7.856e-03 pde=1.394e-03 bc=5.435e-05 data=5.919e-05 best=6.773e-03 lr=8.00e-04
2026-02-14 13:04:15,777 | INFO | [Inverse][square|pts=1500|noise=1%] epoch=3299/11999 total=7.601e-03 pde=1.332e-03 bc=4.141e-05 data=5.855e-05 best=6.585e-03 lr=8.00e-04
2026-02-14 13:04:17,440 | INFO | [Inverse][square|pts=1500|noise=1%] epoch=3399/11999 total=9.806e-03 pde=1.282e-03 bc=1.469e-04 data=7.055e-05 best=5.407e-03 lr=8.00e-04
2026-02-14 13:04:19,051 | INFO | [Inverse][square|pts=1500|noise=1%] checkpoint saved at epoch=3499 -> outputs_refactor\full_matrix_rerun_20260214_112937\checkpoints\square\inverse_pts_1500_noise_1_last.pth
2026-02-14 13:04:19,052 | INFO | [Inverse][square|pts=1500|noise=1%] epoch=3499/11999 total=7.610e-03 pde=1.189e-03 bc=1.089e-04 data=5.333e-05 best=5.407e-03 lr=8.00e-04
2026-02-14 13:04:20,624 | INFO | [Inverse][square|pts=1500|noise=1%] epoch=3599/11999 total=7.274e-03 pde=1.138e-03 bc=1.056e-04 data=5.080e-05 best=5.407e-03 lr=8.00e-04
2026-02-14 13:04:22,214 | INFO | [Inverse][square|pts=1500|noise=1%] epoch=3699/11999 total=7.036e-03 pde=1.085e-03 bc=1.017e-04 data=4.934e-05 best=5.407e-03 lr=8.00e-04
2026-02-14 13:04:23,727 | INFO | [Inverse][square|pts=1500|noise=1%] epoch=3799/11999 total=6.129e-03 pde=1.027e-03 bc=8.435e-05 data=4.259e-05 best=5.407e-03 lr=8.00e-04
2026-02-14 13:04:25,255 | INFO | [Inverse][square|pts=1500|noise=1%] epoch=3899/11999 total=5.562e-03 pde=9.801e-04 bc=6.712e-05 data=3.911e-05 best=5.009e-03 lr=6.40e-04
2026-02-14 13:04:26,877 | INFO | [Inverse][square|pts=1500|noise=1%] checkpoint saved at epoch=3999 -> outputs_refactor\full_matrix_rerun_20260214_112937\checkpoints\square\inverse_pts_1500_noise_1_last.pth
2026-02-14 13:04:26,878 | INFO | [Inverse][square|pts=1500|noise=1%] epoch=3999/11999 total=5.133e-03 pde=9.356e-04 bc=5.680e-05 data=3.630e-05 best=4.960e-03 lr=6.40e-04
2026-02-14 13:04:28,515 | INFO | [Inverse][square|pts=1500|noise=1%] epoch=4099/11999 total=6.023e-03 pde=9.198e-04 bc=6.311e-05 data=4.472e-05 best=4.547e-03 lr=6.40e-04
2026-02-14 13:04:30,076 | INFO | [Inverse][square|pts=1500|noise=1%] epoch=4199/11999 total=4.939e-03 pde=8.563e-04 bc=5.074e-05 data=3.575e-05 best=4.547e-03 lr=6.40e-04
2026-02-14 13:04:31,666 | INFO | [Inverse][square|pts=1500|noise=1%] epoch=4299/11999 total=1.033e-02 pde=9.448e-04 bc=1.501e-04 data=7.889e-05 best=4.112e-03 lr=6.40e-04
2026-02-14 13:04:33,169 | INFO | [Inverse][square|pts=1500|noise=1%] epoch=4399/11999 total=1.132e-02 pde=9.493e-04 bc=1.015e-04 data=9.353e-05 best=4.112e-03 lr=6.40e-04
2026-02-14 13:04:34,702 | INFO | [Inverse][square|pts=1500|noise=1%] checkpoint saved at epoch=4499 -> outputs_refactor\full_matrix_rerun_20260214_112937\checkpoints\square\inverse_pts_1500_noise_1_last.pth
2026-02-14 13:04:34,702 | INFO | [Inverse][square|pts=1500|noise=1%] epoch=4499/11999 total=5.366e-03 pde=7.772e-04 bc=6.424e-05 data=3.947e-05 best=4.112e-03 lr=6.40e-04
2026-02-14 13:04:36,290 | INFO | [Inverse][square|pts=1500|noise=1%] epoch=4599/11999 total=5.838e-03 pde=7.738e-04 bc=7.045e-05 data=4.359e-05 best=4.112e-03 lr=6.40e-04
2026-02-14 13:04:37,848 | INFO | [Inverse][square|pts=1500|noise=1%] epoch=4699/11999 total=1.161e-02 pde=8.813e-04 bc=8.940e-05 data=9.832e-05 best=4.112e-03 lr=6.40e-04
2026-02-14 13:04:39,373 | INFO | [Inverse][square|pts=1500|noise=1%] epoch=4799/11999 total=6.050e-03 pde=7.949e-04 bc=8.620e-05 data=4.393e-05 best=3.724e-03 lr=6.40e-04
2026-02-14 13:04:40,870 | INFO | [Inverse][square|pts=1500|noise=1%] epoch=4899/11999 total=5.674e-03 pde=7.576e-04 bc=2.841e-05 data=4.632e-05 best=3.724e-03 lr=6.40e-04
2026-02-14 13:04:42,425 | INFO | [Inverse][square|pts=1500|noise=1%] checkpoint saved at epoch=4999 -> outputs_refactor\full_matrix_rerun_20260214_112937\checkpoints\square\inverse_pts_1500_noise_1_last.pth
2026-02-14 13:04:42,425 | INFO | [Inverse][square|pts=1500|noise=1%] epoch=4999/11999 total=6.897e-03 pde=7.693e-04 bc=3.278e-05 data=5.800e-05 best=3.724e-03 lr=6.40e-04
2026-02-14 13:04:43,970 | INFO | [Inverse][square|pts=1500|noise=1%] epoch=5099/11999 total=5.170e-03 pde=7.138e-04 bc=2.830e-05 data=4.173e-05 best=3.724e-03 lr=6.40e-04
2026-02-14 13:04:45,450 | INFO | [Inverse][square|pts=1500|noise=1%] epoch=5199/11999 total=5.852e-03 pde=7.153e-04 bc=2.977e-05 data=4.839e-05 best=3.724e-03 lr=6.40e-04
2026-02-14 13:04:46,996 | INFO | [Inverse][square|pts=1500|noise=1%] epoch=5299/11999 total=4.087e-03 pde=6.567e-04 bc=2.895e-05 data=3.141e-05 best=3.724e-03 lr=5.12e-04
2026-02-14 13:04:48,553 | INFO | [Inverse][square|pts=1500|noise=1%] epoch=5399/11999 total=4.752e-03 pde=6.605e-04 bc=2.873e-05 data=3.804e-05 best=3.582e-03 lr=5.12e-04
2026-02-14 13:04:50,149 | INFO | [Inverse][square|pts=1500|noise=1%] checkpoint saved at epoch=5499 -> outputs_refactor\full_matrix_rerun_20260214_112937\checkpoints\square\inverse_pts_1500_noise_1_last.pth
2026-02-14 13:04:50,149 | INFO | [Inverse][square|pts=1500|noise=1%] epoch=5499/11999 total=4.563e-03 pde=6.421e-04 bc=2.922e-05 data=3.628e-05 best=3.547e-03 lr=5.12e-04
2026-02-14 13:04:51,708 | INFO | [Inverse][square|pts=1500|noise=1%] epoch=5599/11999 total=5.534e-03 pde=6.572e-04 bc=7.059e-05 data=4.171e-05 best=3.501e-03 lr=5.12e-04
2026-02-14 13:04:53,528 | INFO | [Inverse][square|pts=1500|noise=1%] epoch=5699/11999 total=4.668e-03 pde=6.215e-04 bc=6.277e-05 data=3.418e-05 best=3.501e-03 lr=5.12e-04
2026-02-14 13:04:55,136 | INFO | [Inverse][square|pts=1500|noise=1%] epoch=5799/11999 total=3.781e-03 pde=5.896e-04 bc=4.982e-05 data=2.693e-05 best=3.501e-03 lr=5.12e-04
2026-02-14 13:04:56,685 | INFO | [Inverse][square|pts=1500|noise=1%] epoch=5899/11999 total=4.174e-03 pde=5.898e-04 bc=5.667e-05 data=3.017e-05 best=3.358e-03 lr=5.12e-04
2026-02-14 13:04:58,275 | INFO | [Inverse][square|pts=1500|noise=1%] checkpoint saved at epoch=5999 -> outputs_refactor\full_matrix_rerun_20260214_112937\checkpoints\square\inverse_pts_1500_noise_1_last.pth
2026-02-14 13:04:58,276 | INFO | [Inverse][square|pts=1500|noise=1%] epoch=5999/11999 total=3.779e-03 pde=5.703e-04 bc=5.086e-05 data=2.700e-05 best=3.358e-03 lr=5.12e-04
2026-02-14 13:04:59,868 | INFO | [Inverse][square|pts=1500|noise=1%] epoch=6099/11999 total=3.462e-03 pde=5.527e-04 bc=4.429e-05 data=2.466e-05 best=3.348e-03 lr=5.12e-04
2026-02-14 13:05:01,503 | INFO | [Inverse][square|pts=1500|noise=1%] epoch=6199/11999 total=3.863e-03 pde=5.599e-04 bc=4.810e-05 data=2.822e-05 best=3.189e-03 lr=5.12e-04
2026-02-14 13:05:03,037 | INFO | [Inverse][square|pts=1500|noise=1%] epoch=6299/11999 total=3.676e-03 pde=5.463e-04 bc=4.539e-05 data=2.676e-05 best=3.189e-03 lr=5.12e-04
2026-02-14 13:05:04,563 | INFO | [Inverse][square|pts=1500|noise=1%] epoch=6399/11999 total=3.428e-03 pde=5.237e-04 bc=4.434e-05 data=2.460e-05 best=3.189e-03 lr=5.12e-04
2026-02-14 13:05:06,150 | INFO | [Inverse][square|pts=1500|noise=1%] checkpoint saved at epoch=6499 -> outputs_refactor\full_matrix_rerun_20260214_112937\checkpoints\square\inverse_pts_1500_noise_1_last.pth
2026-02-14 13:05:06,150 | INFO | [Inverse][square|pts=1500|noise=1%] epoch=6499/11999 total=3.207e-03 pde=5.036e-04 bc=4.342e-05 data=2.269e-05 best=3.020e-03 lr=5.12e-04
2026-02-14 13:05:07,821 | INFO | [Inverse][square|pts=1500|noise=1%] epoch=6599/11999 total=3.319e-03 pde=4.965e-04 bc=4.562e-05 data=2.367e-05 best=2.983e-03 lr=5.12e-04
2026-02-14 13:05:09,391 | INFO | [Inverse][square|pts=1500|noise=1%] epoch=6699/11999 total=3.058e-03 pde=4.788e-04 bc=4.328e-05 data=2.147e-05 best=2.927e-03 lr=5.12e-04
2026-02-14 13:05:10,945 | INFO | [Inverse][square|pts=1500|noise=1%] epoch=6799/11999 total=3.328e-03 pde=4.766e-04 bc=4.732e-05 data=2.378e-05 best=2.905e-03 lr=5.12e-04
2026-02-14 13:05:12,439 | INFO | [Inverse][square|pts=1500|noise=1%] epoch=6899/11999 total=4.277e-03 pde=4.860e-04 bc=6.769e-05 data=3.114e-05 best=2.849e-03 lr=5.12e-04
2026-02-14 13:05:13,940 | INFO | [Inverse][square|pts=1500|noise=1%] checkpoint saved at epoch=6999 -> outputs_refactor\full_matrix_rerun_20260214_112937\checkpoints\square\inverse_pts_1500_noise_1_last.pth
2026-02-14 13:05:13,940 | INFO | [Inverse][square|pts=1500|noise=1%] epoch=6999/11999 total=4.266e-03 pde=4.893e-04 bc=3.256e-05 data=3.451e-05 best=2.711e-03 lr=5.12e-04
2026-02-14 13:05:15,433 | INFO | [Inverse][square|pts=1500|noise=1%] epoch=7099/11999 total=4.135e-03 pde=4.755e-04 bc=3.245e-05 data=3.335e-05 best=2.711e-03 lr=5.12e-04
2026-02-14 13:05:16,944 | INFO | [Inverse][square|pts=1500|noise=1%] epoch=7199/11999 total=3.583e-03 pde=4.483e-04 bc=3.198e-05 data=2.815e-05 best=2.711e-03 lr=5.12e-04
2026-02-14 13:05:18,429 | INFO | [Inverse][square|pts=1500|noise=1%] epoch=7299/11999 total=3.713e-03 pde=4.404e-04 bc=3.656e-05 data=2.907e-05 best=2.711e-03 lr=5.12e-04
2026-02-14 13:05:19,917 | INFO | [Inverse][square|pts=1500|noise=1%] epoch=7399/11999 total=3.780e-03 pde=4.355e-04 bc=3.743e-05 data=2.971e-05 best=2.711e-03 lr=5.12e-04
2026-02-14 13:05:21,570 | INFO | [Inverse][square|pts=1500|noise=1%] checkpoint saved at epoch=7499 -> outputs_refactor\full_matrix_rerun_20260214_112937\checkpoints\square\inverse_pts_1500_noise_1_last.pth
2026-02-14 13:05:21,571 | INFO | [Inverse][square|pts=1500|noise=1%] epoch=7499/11999 total=2.418e-03 pde=3.937e-04 bc=3.684e-05 data=1.656e-05 best=2.417e-03 lr=4.10e-04
2026-02-14 13:05:23,556 | INFO | [Inverse][square|pts=1500|noise=1%] epoch=7599/11999 total=2.368e-03 pde=3.848e-04 bc=3.716e-05 data=1.612e-05 best=2.368e-03 lr=4.10e-04
2026-02-14 13:05:25,316 | INFO | [Inverse][square|pts=1500|noise=1%] epoch=7699/11999 total=2.399e-03 pde=3.820e-04 bc=3.295e-05 data=1.688e-05 best=2.348e-03 lr=4.10e-04
2026-02-14 13:05:26,946 | INFO | [Inverse][square|pts=1500|noise=1%] epoch=7799/11999 total=2.353e-03 pde=3.713e-04 bc=3.295e-05 data=1.652e-05 best=2.296e-03 lr=4.10e-04
2026-02-14 13:05:28,511 | INFO | [Inverse][square|pts=1500|noise=1%] epoch=7899/11999 total=2.238e-03 pde=3.537e-04 bc=3.655e-05 data=1.519e-05 best=2.238e-03 lr=4.10e-04
2026-02-14 13:05:30,178 | INFO | [Inverse][square|pts=1500|noise=1%] checkpoint saved at epoch=7999 -> outputs_refactor\full_matrix_rerun_20260214_112937\checkpoints\square\inverse_pts_1500_noise_1_last.pth
2026-02-14 13:05:30,178 | INFO | [Inverse][square|pts=1500|noise=1%] epoch=7999/11999 total=2.468e-03 pde=3.603e-04 bc=4.527e-05 data=1.655e-05 best=2.205e-03 lr=4.10e-04
2026-02-14 13:05:31,763 | INFO | [Inverse][square|pts=1500|noise=1%] epoch=8099/11999 total=2.207e-03 pde=3.343e-04 bc=4.032e-05 data=1.470e-05 best=2.170e-03 lr=4.10e-04
2026-02-14 13:05:33,609 | INFO | [Inverse][square|pts=1500|noise=1%] epoch=8199/11999 total=2.154e-03 pde=3.257e-04 bc=3.337e-05 data=1.495e-05 best=2.152e-03 lr=4.10e-04
2026-02-14 13:05:35,132 | INFO | [Inverse][square|pts=1500|noise=1%] epoch=8299/11999 total=2.120e-03 pde=3.155e-04 bc=3.343e-05 data=1.470e-05 best=2.106e-03 lr=4.10e-04
2026-02-14 13:05:36,695 | INFO | [Inverse][square|pts=1500|noise=1%] epoch=8399/11999 total=2.184e-03 pde=3.219e-04 bc=3.169e-05 data=1.545e-05 best=2.075e-03 lr=4.10e-04
2026-02-14 13:05:38,296 | INFO | [Inverse][square|pts=1500|noise=1%] checkpoint saved at epoch=8499 -> outputs_refactor\full_matrix_rerun_20260214_112937\checkpoints\square\inverse_pts_1500_noise_1_last.pth
2026-02-14 13:05:38,296 | INFO | [Inverse][square|pts=1500|noise=1%] epoch=8499/11999 total=3.421e-03 pde=3.656e-04 bc=4.292e-05 data=2.627e-05 best=2.061e-03 lr=4.10e-04
2026-02-14 13:05:39,888 | INFO | [Inverse][square|pts=1500|noise=1%] epoch=8599/11999 total=2.494e-03 pde=3.761e-04 bc=4.710e-05 data=1.647e-05 best=2.061e-03 lr=4.10e-04
2026-02-14 13:05:41,432 | INFO | [Inverse][square|pts=1500|noise=1%] epoch=8699/11999 total=2.484e-03 pde=3.076e-04 bc=3.322e-05 data=1.844e-05 best=2.061e-03 lr=4.10e-04
2026-02-14 13:05:43,025 | INFO | [Inverse][square|pts=1500|noise=1%] epoch=8799/11999 total=2.067e-03 pde=2.976e-04 bc=3.475e-05 data=1.422e-05 best=2.054e-03 lr=4.10e-04
2026-02-14 13:05:44,568 | INFO | [Inverse][square|pts=1500|noise=1%] epoch=8899/11999 total=4.257e-03 pde=3.525e-04 bc=5.120e-05 data=3.392e-05 best=2.016e-03 lr=4.10e-04
2026-02-14 13:05:46,131 | INFO | [Inverse][square|pts=1500|noise=1%] checkpoint saved at epoch=8999 -> outputs_refactor\full_matrix_rerun_20260214_112937\checkpoints\square\inverse_pts_1500_noise_1_last.pth
2026-02-14 13:05:46,132 | INFO | [Inverse][square|pts=1500|noise=1%] epoch=8999/11999 total=2.453e-03 pde=3.117e-04 bc=3.128e-05 data=1.828e-05 best=2.016e-03 lr=4.10e-04
2026-02-14 13:05:47,660 | INFO | [Inverse][square|pts=1500|noise=1%] epoch=9099/11999 total=2.632e-03 pde=3.131e-04 bc=3.368e-05 data=1.982e-05 best=2.016e-03 lr=4.10e-04
2026-02-14 13:05:49,158 | INFO | [Inverse][square|pts=1500|noise=1%] epoch=9199/11999 total=2.490e-03 pde=3.048e-04 bc=3.267e-05 data=1.859e-05 best=2.016e-03 lr=4.10e-04
2026-02-14 13:05:50,694 | INFO | [Inverse][square|pts=1500|noise=1%] epoch=9299/11999 total=2.371e-03 pde=2.970e-04 bc=3.192e-05 data=1.754e-05 best=2.016e-03 lr=4.10e-04
2026-02-14 13:05:52,262 | INFO | [Inverse][square|pts=1500|noise=1%] epoch=9399/11999 total=1.954e-03 pde=2.748e-04 bc=3.363e-05 data=1.343e-05 best=1.952e-03 lr=3.28e-04
2026-02-14 13:05:54,193 | INFO | [Inverse][square|pts=1500|noise=1%] checkpoint saved at epoch=9499 -> outputs_refactor\full_matrix_rerun_20260214_112937\checkpoints\square\inverse_pts_1500_noise_1_last.pth
2026-02-14 13:05:54,193 | INFO | [Inverse][square|pts=1500|noise=1%] epoch=9499/11999 total=1.934e-03 pde=2.704e-04 bc=3.287e-05 data=1.335e-05 best=1.934e-03 lr=3.28e-04
2026-02-14 13:05:56,191 | INFO | [Inverse][square|pts=1500|noise=1%] epoch=9599/11999 total=1.916e-03 pde=2.655e-04 bc=3.263e-05 data=1.324e-05 best=1.916e-03 lr=3.28e-04
2026-02-14 13:05:57,860 | INFO | [Inverse][square|pts=1500|noise=1%] epoch=9699/11999 total=2.009e-03 pde=2.626e-04 bc=3.896e-05 data=1.357e-05 best=1.900e-03 lr=3.28e-04
2026-02-14 13:05:59,450 | INFO | [Inverse][square|pts=1500|noise=1%] epoch=9799/11999 total=1.883e-03 pde=2.552e-04 bc=3.298e-05 data=1.298e-05 best=1.881e-03 lr=3.28e-04
2026-02-14 13:06:00,989 | INFO | [Inverse][square|pts=1500|noise=1%] epoch=9899/11999 total=2.021e-03 pde=2.534e-04 bc=4.001e-05 data=1.368e-05 best=1.870e-03 lr=3.28e-04
2026-02-14 13:06:02,617 | INFO | [Inverse][square|pts=1500|noise=1%] checkpoint saved at epoch=9999 -> outputs_refactor\full_matrix_rerun_20260214_112937\checkpoints\square\inverse_pts_1500_noise_1_last.pth
2026-02-14 13:06:02,617 | INFO | [Inverse][square|pts=1500|noise=1%] epoch=9999/11999 total=1.861e-03 pde=2.453e-04 bc=3.009e-05 data=1.314e-05 best=1.851e-03 lr=3.28e-04
2026-02-14 13:06:04,217 | INFO | [Inverse][square|pts=1500|noise=1%] epoch=10099/11999 total=1.859e-03 pde=2.404e-04 bc=3.444e-05 data=1.274e-05 best=1.833e-03 lr=3.28e-04
2026-02-14 13:06:05,849 | INFO | [Inverse][square|pts=1500|noise=1%] epoch=10199/11999 total=1.810e-03 pde=2.345e-04 bc=3.134e-05 data=1.262e-05 best=1.810e-03 lr=3.28e-04
2026-02-14 13:06:07,394 | INFO | [Inverse][square|pts=1500|noise=1%] epoch=10299/11999 total=2.629e-03 pde=2.707e-04 bc=5.338e-05 data=1.824e-05 best=1.805e-03 lr=3.28e-04
2026-02-14 13:06:09,060 | INFO | [Inverse][square|pts=1500|noise=1%] epoch=10399/11999 total=2.264e-03 pde=2.478e-04 bc=4.356e-05 data=1.581e-05 best=1.805e-03 lr=3.28e-04
2026-02-14 13:06:10,644 | INFO | [Inverse][square|pts=1500|noise=1%] checkpoint saved at epoch=10499 -> outputs_refactor\full_matrix_rerun_20260214_112937\checkpoints\square\inverse_pts_1500_noise_1_last.pth
2026-02-14 13:06:10,644 | INFO | [Inverse][square|pts=1500|noise=1%] epoch=10499/11999 total=2.165e-03 pde=2.429e-04 bc=4.149e-05 data=1.507e-05 best=1.805e-03 lr=3.28e-04
2026-02-14 13:06:12,142 | INFO | [Inverse][square|pts=1500|noise=1%] epoch=10599/11999 total=2.125e-03 pde=2.394e-04 bc=4.064e-05 data=1.480e-05 best=1.805e-03 lr=3.28e-04
2026-02-14 13:06:13,641 | INFO | [Inverse][square|pts=1500|noise=1%] epoch=10699/11999 total=2.091e-03 pde=2.353e-04 bc=3.994e-05 data=1.456e-05 best=1.805e-03 lr=3.28e-04
2026-02-14 13:06:15,158 | INFO | [Inverse][square|pts=1500|noise=1%] epoch=10799/11999 total=1.742e-03 pde=2.160e-04 bc=3.026e-05 data=1.223e-05 best=1.742e-03 lr=2.62e-04
2026-02-14 13:06:17,077 | INFO | [Inverse][square|pts=1500|noise=1%] epoch=10899/11999 total=1.730e-03 pde=2.120e-04 bc=3.028e-05 data=1.216e-05 best=1.730e-03 lr=2.62e-04
2026-02-14 13:06:18,967 | INFO | [Inverse][square|pts=1500|noise=1%] checkpoint saved at epoch=10999 -> outputs_refactor\full_matrix_rerun_20260214_112937\checkpoints\square\inverse_pts_1500_noise_1_last.pth
2026-02-14 13:06:18,968 | INFO | [Inverse][square|pts=1500|noise=1%] epoch=10999/11999 total=1.719e-03 pde=2.082e-04 bc=3.007e-05 data=1.210e-05 best=1.719e-03 lr=2.62e-04
2026-02-14 13:06:20,938 | INFO | [Inverse][square|pts=1500|noise=1%] epoch=11099/11999 total=1.707e-03 pde=2.043e-04 bc=2.987e-05 data=1.204e-05 best=1.707e-03 lr=2.62e-04
2026-02-14 13:06:22,906 | INFO | [Inverse][square|pts=1500|noise=1%] epoch=11199/11999 total=1.695e-03 pde=2.004e-04 bc=2.967e-05 data=1.198e-05 best=1.695e-03 lr=2.62e-04
2026-02-14 13:06:24,572 | INFO | [Inverse][square|pts=1500|noise=1%] epoch=11299/11999 total=1.738e-03 pde=1.985e-04 bc=3.234e-05 data=1.216e-05 best=1.685e-03 lr=2.62e-04
2026-02-14 13:06:26,254 | INFO | [Inverse][square|pts=1500|noise=1%] epoch=11399/11999 total=1.939e-03 pde=2.013e-04 bc=2.662e-05 data=1.471e-05 best=1.672e-03 lr=2.62e-04
2026-02-14 13:06:27,798 | INFO | [Inverse][square|pts=1500|noise=1%] checkpoint saved at epoch=11499 -> outputs_refactor\full_matrix_rerun_20260214_112937\checkpoints\square\inverse_pts_1500_noise_1_last.pth
2026-02-14 13:06:27,799 | INFO | [Inverse][square|pts=1500|noise=1%] epoch=11499/11999 total=1.740e-03 pde=1.927e-04 bc=2.725e-05 data=1.275e-05 best=1.666e-03 lr=2.62e-04
2026-02-14 13:06:29,314 | INFO | [Inverse][square|pts=1500|noise=1%] epoch=11599/11999 total=1.667e-03 pde=1.864e-04 bc=2.978e-05 data=1.183e-05 best=1.652e-03 lr=2.62e-04
2026-02-14 13:06:30,896 | INFO | [Inverse][square|pts=1500|noise=1%] epoch=11699/11999 total=1.646e-03 pde=1.823e-04 bc=2.915e-05 data=1.172e-05 best=1.643e-03 lr=2.62e-04
2026-02-14 13:06:32,422 | INFO | [Inverse][square|pts=1500|noise=1%] epoch=11799/11999 total=1.638e-03 pde=1.791e-04 bc=3.017e-05 data=1.158e-05 best=1.630e-03 lr=2.62e-04
2026-02-14 13:06:33,937 | INFO | [Inverse][square|pts=1500|noise=1%] epoch=11899/11999 total=1.627e-03 pde=1.759e-04 bc=2.666e-05 data=1.184e-05 best=1.614e-03 lr=2.62e-04
2026-02-14 13:06:35,456 | INFO | [Inverse][square|pts=1500|noise=1%] checkpoint saved at epoch=11999 -> outputs_refactor\full_matrix_rerun_20260214_112937\checkpoints\square\inverse_pts_1500_noise_1_last.pth
2026-02-14 13:06:35,456 | INFO | [Inverse][square|pts=1500|noise=1%] epoch=11999/11999 total=1.643e-03 pde=1.735e-04 bc=2.611e-05 data=1.209e-05 best=1.604e-03 lr=2.62e-04
2026-02-14 13:06:36,133 | INFO | [Inverse][pts_1500_noise_2] start training charge=square points=1500 noise=2%
2026-02-14 13:06:36,163 | INFO | [Inverse][square|pts=1500|noise=2%] epoch=0/11999 total=2.113e+01 pde=5.702e-02 bc=2.802e-01 data=1.827e-01 best=2.113e+01 lr=1.00e-03
2026-02-14 13:06:37,994 | INFO | [Inverse][square|pts=1500|noise=2%] epoch=99/11999 total=3.438e-01 pde=1.287e-01 bc=1.594e-03 data=1.991e-03 best=3.438e-01 lr=1.00e-03
2026-02-14 13:06:39,698 | INFO | [Inverse][square|pts=1500|noise=2%] epoch=199/11999 total=2.056e-01 pde=5.181e-02 bc=7.257e-04 data=1.465e-03 best=2.056e-01 lr=1.00e-03
2026-02-14 13:06:41,395 | INFO | [Inverse][square|pts=1500|noise=2%] epoch=299/11999 total=1.658e-01 pde=2.186e-02 bc=1.156e-03 data=1.324e-03 best=1.409e-01 lr=1.00e-03
2026-02-14 13:06:42,906 | INFO | [Inverse][square|pts=1500|noise=2%] epoch=399/11999 total=1.104e-01 pde=1.118e-02 bc=9.189e-04 data=9.000e-04 best=1.043e-01 lr=1.00e-03
2026-02-14 13:06:44,563 | INFO | [Inverse][square|pts=1500|noise=2%] checkpoint saved at epoch=499 -> outputs_refactor\full_matrix_rerun_20260214_112937\checkpoints\square\inverse_pts_1500_noise_2_last.pth
2026-02-14 13:06:44,564 | INFO | [Inverse][square|pts=1500|noise=2%] epoch=499/11999 total=7.890e-02 pde=7.710e-03 bc=6.058e-04 data=6.514e-04 best=7.625e-02 lr=1.00e-03
2026-02-14 13:06:46,165 | INFO | [Inverse][square|pts=1500|noise=2%] epoch=599/11999 total=7.244e-02 pde=7.299e-03 bc=4.799e-04 data=6.035e-04 best=6.782e-02 lr=1.00e-03
2026-02-14 13:06:47,749 | INFO | [Inverse][square|pts=1500|noise=2%] epoch=699/11999 total=6.212e-02 pde=8.349e-03 bc=4.183e-04 data=4.959e-04 best=6.067e-02 lr=1.00e-03
2026-02-14 13:06:49,343 | INFO | [Inverse][square|pts=1500|noise=2%] epoch=799/11999 total=5.576e-02 pde=9.816e-03 bc=4.180e-04 data=4.176e-04 best=5.392e-02 lr=1.00e-03
2026-02-14 13:06:51,002 | INFO | [Inverse][square|pts=1500|noise=2%] epoch=899/11999 total=5.822e-02 pde=1.029e-02 bc=6.418e-04 data=4.152e-04 best=4.313e-02 lr=1.00e-03
2026-02-14 13:06:52,505 | INFO | [Inverse][square|pts=1500|noise=2%] checkpoint saved at epoch=999 -> outputs_refactor\full_matrix_rerun_20260214_112937\checkpoints\square\inverse_pts_1500_noise_2_last.pth
2026-02-14 13:06:52,505 | INFO | [Inverse][square|pts=1500|noise=2%] epoch=999/11999 total=4.658e-02 pde=9.867e-03 bc=2.627e-04 data=3.409e-04 best=4.075e-02 lr=1.00e-03
2026-02-14 13:06:54,079 | INFO | [Inverse][square|pts=1500|noise=2%] epoch=1099/11999 total=3.799e-02 pde=9.318e-03 bc=2.667e-04 data=2.601e-04 best=3.482e-02 lr=1.00e-03
2026-02-14 13:06:55,587 | INFO | [Inverse][square|pts=1500|noise=2%] epoch=1199/11999 total=1.038e-01 pde=9.017e-03 bc=4.298e-04 data=9.047e-04 best=3.140e-02 lr=1.00e-03
2026-02-14 13:06:57,162 | INFO | [Inverse][square|pts=1500|noise=2%] epoch=1299/11999 total=4.529e-02 pde=8.030e-03 bc=4.003e-04 data=3.326e-04 best=2.916e-02 lr=1.00e-03
2026-02-14 13:06:58,667 | INFO | [Inverse][square|pts=1500|noise=2%] epoch=1399/11999 total=2.634e-02 pde=7.052e-03 bc=1.922e-04 data=1.736e-04 best=2.532e-02 lr=1.00e-03
2026-02-14 13:07:00,175 | INFO | [Inverse][square|pts=1500|noise=2%] checkpoint saved at epoch=1499 -> outputs_refactor\full_matrix_rerun_20260214_112937\checkpoints\square\inverse_pts_1500_noise_2_last.pth
2026-02-14 13:07:00,176 | INFO | [Inverse][square|pts=1500|noise=2%] epoch=1499/11999 total=3.202e-02 pde=6.359e-03 bc=1.622e-04 data=2.404e-04 best=2.304e-02 lr=1.00e-03
2026-02-14 13:07:01,767 | INFO | [Inverse][square|pts=1500|noise=2%] epoch=1599/11999 total=2.520e-02 pde=6.156e-03 bc=1.739e-04 data=1.730e-04 best=2.143e-02 lr=1.00e-03
2026-02-14 13:07:03,260 | INFO | [Inverse][square|pts=1500|noise=2%] epoch=1699/11999 total=3.352e-02 pde=5.896e-03 bc=2.666e-04 data=2.495e-04 best=2.089e-02 lr=1.00e-03
2026-02-14 13:07:04,843 | INFO | [Inverse][square|pts=1500|noise=2%] epoch=1799/11999 total=2.510e-02 pde=5.542e-03 bc=1.654e-04 data=1.790e-04 best=2.009e-02 lr=1.00e-03
2026-02-14 13:07:06,408 | INFO | [Inverse][square|pts=1500|noise=2%] epoch=1899/11999 total=2.519e-02 pde=5.233e-03 bc=1.757e-04 data=1.820e-04 best=1.822e-02 lr=1.00e-03
2026-02-14 13:07:07,919 | INFO | [Inverse][square|pts=1500|noise=2%] checkpoint saved at epoch=1999 -> outputs_refactor\full_matrix_rerun_20260214_112937\checkpoints\square\inverse_pts_1500_noise_2_last.pth
2026-02-14 13:07:07,919 | INFO | [Inverse][square|pts=1500|noise=2%] epoch=1999/11999 total=2.416e-02 pde=4.901e-03 bc=1.690e-04 data=1.757e-04 best=1.822e-02 lr=1.00e-03
2026-02-14 13:07:09,525 | INFO | [Inverse][square|pts=1500|noise=2%] epoch=2099/11999 total=1.935e-02 pde=4.515e-03 bc=1.155e-04 data=1.368e-04 best=1.666e-02 lr=1.00e-03
2026-02-14 13:07:11,163 | INFO | [Inverse][square|pts=1500|noise=2%] epoch=2199/11999 total=2.264e-02 pde=4.215e-03 bc=1.721e-04 data=1.671e-04 best=1.551e-02 lr=1.00e-03
2026-02-14 13:07:12,661 | INFO | [Inverse][square|pts=1500|noise=2%] epoch=2299/11999 total=4.961e-02 pde=3.905e-03 bc=4.526e-04 data=4.118e-04 best=1.251e-02 lr=1.00e-03
2026-02-14 13:07:14,186 | INFO | [Inverse][square|pts=1500|noise=2%] epoch=2399/11999 total=1.728e-02 pde=3.738e-03 bc=1.759e-04 data=1.178e-04 best=1.211e-02 lr=1.00e-03
2026-02-14 13:07:15,761 | INFO | [Inverse][square|pts=1500|noise=2%] checkpoint saved at epoch=2499 -> outputs_refactor\full_matrix_rerun_20260214_112937\checkpoints\square\inverse_pts_1500_noise_2_last.pth
2026-02-14 13:07:15,762 | INFO | [Inverse][square|pts=1500|noise=2%] epoch=2499/11999 total=1.567e-02 pde=3.369e-03 bc=9.230e-05 data=1.138e-04 best=1.211e-02 lr=1.00e-03
2026-02-14 13:07:17,279 | INFO | [Inverse][square|pts=1500|noise=2%] epoch=2599/11999 total=1.610e-02 pde=3.132e-03 bc=1.049e-04 data=1.192e-04 best=1.211e-02 lr=1.00e-03
2026-02-14 13:07:18,763 | INFO | [Inverse][square|pts=1500|noise=2%] epoch=2699/11999 total=1.553e-02 pde=2.861e-03 bc=1.057e-04 data=1.161e-04 best=1.211e-02 lr=1.00e-03
2026-02-14 13:07:20,303 | INFO | [Inverse][square|pts=1500|noise=2%] epoch=2799/11999 total=1.428e-02 pde=2.581e-03 bc=9.729e-05 data=1.073e-04 best=1.174e-02 lr=1.00e-03
2026-02-14 13:07:21,859 | INFO | [Inverse][square|pts=1500|noise=2%] epoch=2899/11999 total=1.311e-02 pde=2.342e-03 bc=9.107e-05 data=9.858e-05 best=1.154e-02 lr=1.00e-03
2026-02-14 13:07:23,502 | INFO | [Inverse][square|pts=1500|noise=2%] checkpoint saved at epoch=2999 -> outputs_refactor\full_matrix_rerun_20260214_112937\checkpoints\square\inverse_pts_1500_noise_2_last.pth
2026-02-14 13:07:23,502 | INFO | [Inverse][square|pts=1500|noise=2%] epoch=2999/11999 total=1.201e-02 pde=2.159e-03 bc=8.135e-05 data=9.040e-05 best=1.132e-02 lr=1.00e-03
2026-02-14 13:07:25,053 | INFO | [Inverse][square|pts=1500|noise=2%] epoch=3099/11999 total=1.123e-02 pde=2.015e-03 bc=6.842e-05 data=8.531e-05 best=1.105e-02 lr=1.00e-03
2026-02-14 13:07:26,737 | INFO | [Inverse][square|pts=1500|noise=2%] epoch=3199/11999 total=1.095e-02 pde=1.917e-03 bc=4.564e-05 data=8.574e-05 best=1.067e-02 lr=1.00e-03
2026-02-14 13:07:28,328 | INFO | [Inverse][square|pts=1500|noise=2%] epoch=3299/11999 total=1.750e-02 pde=1.902e-03 bc=7.173e-05 data=1.488e-04 best=7.470e-03 lr=1.00e-03
2026-02-14 13:07:29,841 | INFO | [Inverse][square|pts=1500|noise=2%] epoch=3399/11999 total=3.139e-02 pde=1.835e-03 bc=3.129e-04 data=2.643e-04 best=6.319e-03 lr=1.00e-03
2026-02-14 13:07:31,382 | INFO | [Inverse][square|pts=1500|noise=2%] checkpoint saved at epoch=3499 -> outputs_refactor\full_matrix_rerun_20260214_112937\checkpoints\square\inverse_pts_1500_noise_2_last.pth
2026-02-14 13:07:31,383 | INFO | [Inverse][square|pts=1500|noise=2%] epoch=3499/11999 total=1.570e-02 pde=1.622e-03 bc=1.066e-04 data=1.302e-04 best=6.319e-03 lr=1.00e-03
2026-02-14 13:07:32,910 | INFO | [Inverse][square|pts=1500|noise=2%] epoch=3599/11999 total=1.209e-02 pde=1.519e-03 bc=6.990e-05 data=9.869e-05 best=6.319e-03 lr=1.00e-03
2026-02-14 13:07:34,496 | INFO | [Inverse][square|pts=1500|noise=2%] epoch=3699/11999 total=1.098e-02 pde=1.441e-03 bc=6.023e-05 data=8.932e-05 best=6.319e-03 lr=1.00e-03
2026-02-14 13:07:36,114 | INFO | [Inverse][square|pts=1500|noise=2%] epoch=3799/11999 total=1.126e-02 pde=1.389e-03 bc=6.564e-05 data=9.212e-05 best=6.319e-03 lr=1.00e-03
2026-02-14 13:07:37,606 | INFO | [Inverse][square|pts=1500|noise=2%] epoch=3899/11999 total=1.047e-02 pde=1.333e-03 bc=5.655e-05 data=8.569e-05 best=6.100e-03 lr=8.00e-04
2026-02-14 13:07:39,106 | INFO | [Inverse][square|pts=1500|noise=2%] checkpoint saved at epoch=3999 -> outputs_refactor\full_matrix_rerun_20260214_112937\checkpoints\square\inverse_pts_1500_noise_2_last.pth
2026-02-14 13:07:39,107 | INFO | [Inverse][square|pts=1500|noise=2%] epoch=3999/11999 total=6.926e-03 pde=1.254e-03 bc=3.009e-05 data=5.372e-05 best=6.100e-03 lr=8.00e-04
2026-02-14 13:07:40,631 | INFO | [Inverse][square|pts=1500|noise=2%] epoch=4099/11999 total=8.165e-03 pde=1.226e-03 bc=4.078e-05 data=6.531e-05 best=6.100e-03 lr=8.00e-04
2026-02-14 13:07:42,158 | INFO | [Inverse][square|pts=1500|noise=2%] epoch=4199/11999 total=6.804e-03 pde=1.178e-03 bc=3.075e-05 data=5.319e-05 best=6.100e-03 lr=8.00e-04
2026-02-14 13:07:43,671 | INFO | [Inverse][square|pts=1500|noise=2%] epoch=4299/11999 total=7.814e-03 pde=1.154e-03 bc=4.306e-05 data=6.229e-05 best=6.100e-03 lr=8.00e-04
2026-02-14 13:07:45,141 | INFO | [Inverse][square|pts=1500|noise=2%] epoch=4399/11999 total=7.196e-03 pde=1.110e-03 bc=4.974e-05 data=5.589e-05 best=5.729e-03 lr=6.40e-04
2026-02-14 13:07:46,710 | INFO | [Inverse][square|pts=1500|noise=2%] checkpoint saved at epoch=4499 -> outputs_refactor\full_matrix_rerun_20260214_112937\checkpoints\square\inverse_pts_1500_noise_2_last.pth
2026-02-14 13:07:46,711 | INFO | [Inverse][square|pts=1500|noise=2%] epoch=4499/11999 total=6.548e-03 pde=1.077e-03 bc=5.279e-05 data=4.943e-05 best=5.729e-03 lr=6.40e-04
2026-02-14 13:07:48,235 | INFO | [Inverse][square|pts=1500|noise=2%] epoch=4599/11999 total=5.633e-03 pde=1.056e-03 bc=4.929e-05 data=4.084e-05 best=5.583e-03 lr=6.40e-04
2026-02-14 13:07:49,761 | INFO | [Inverse][square|pts=1500|noise=2%] epoch=4699/11999 total=8.874e-03 pde=1.096e-03 bc=8.859e-05 data=6.892e-05 best=4.765e-03 lr=6.40e-04
2026-02-14 13:07:51,288 | INFO | [Inverse][square|pts=1500|noise=2%] epoch=4799/11999 total=7.496e-03 pde=1.069e-03 bc=7.245e-05 data=5.703e-05 best=4.765e-03 lr=6.40e-04
2026-02-14 13:07:52,825 | INFO | [Inverse][square|pts=1500|noise=2%] epoch=4899/11999 total=7.620e-03 pde=1.059e-03 bc=7.437e-05 data=5.817e-05 best=4.765e-03 lr=6.40e-04
2026-02-14 13:07:54,304 | INFO | [Inverse][square|pts=1500|noise=2%] checkpoint saved at epoch=4999 -> outputs_refactor\full_matrix_rerun_20260214_112937\checkpoints\square\inverse_pts_1500_noise_2_last.pth
2026-02-14 13:07:54,304 | INFO | [Inverse][square|pts=1500|noise=2%] epoch=4999/11999 total=7.186e-03 pde=1.040e-03 bc=6.916e-05 data=5.454e-05 best=4.765e-03 lr=6.40e-04
2026-02-14 13:07:55,840 | INFO | [Inverse][square|pts=1500|noise=2%] epoch=5099/11999 total=6.690e-03 pde=1.019e-03 bc=6.332e-05 data=5.038e-05 best=4.765e-03 lr=6.40e-04
2026-02-14 13:07:57,328 | INFO | [Inverse][square|pts=1500|noise=2%] epoch=5199/11999 total=5.051e-03 pde=9.816e-04 bc=3.908e-05 data=3.678e-05 best=4.765e-03 lr=5.12e-04
2026-02-14 13:07:58,877 | INFO | [Inverse][square|pts=1500|noise=2%] epoch=5299/11999 total=4.833e-03 pde=9.640e-04 bc=3.554e-05 data=3.514e-05 best=4.505e-03 lr=5.12e-04
2026-02-14 13:08:00,370 | INFO | [Inverse][square|pts=1500|noise=2%] epoch=5399/11999 total=5.610e-03 pde=9.621e-04 bc=4.679e-05 data=4.181e-05 best=4.505e-03 lr=5.12e-04
2026-02-14 13:08:01,892 | INFO | [Inverse][square|pts=1500|noise=2%] checkpoint saved at epoch=5499 -> outputs_refactor\full_matrix_rerun_20260214_112937\checkpoints\square\inverse_pts_1500_noise_2_last.pth
2026-02-14 13:08:01,893 | INFO | [Inverse][square|pts=1500|noise=2%] epoch=5499/11999 total=5.095e-03 pde=9.364e-04 bc=4.067e-05 data=3.752e-05 best=4.505e-03 lr=5.12e-04
2026-02-14 13:08:03,367 | INFO | [Inverse][square|pts=1500|noise=2%] epoch=5599/11999 total=4.612e-03 pde=9.095e-04 bc=3.523e-05 data=3.350e-05 best=4.464e-03 lr=5.12e-04
2026-02-14 13:08:04,902 | INFO | [Inverse][square|pts=1500|noise=2%] epoch=5699/11999 total=5.349e-03 pde=9.051e-04 bc=4.484e-05 data=3.995e-05 best=4.354e-03 lr=5.12e-04
2026-02-14 13:08:06,461 | INFO | [Inverse][square|pts=1500|noise=2%] epoch=5799/11999 total=4.782e-03 pde=8.756e-04 bc=3.837e-05 data=3.523e-05 best=4.354e-03 lr=5.12e-04
2026-02-14 13:08:07,971 | INFO | [Inverse][square|pts=1500|noise=2%] epoch=5899/11999 total=4.314e-03 pde=8.429e-04 bc=4.397e-05 data=3.032e-05 best=4.226e-03 lr=5.12e-04
2026-02-14 13:08:09,534 | INFO | [Inverse][square|pts=1500|noise=2%] checkpoint saved at epoch=5999 -> outputs_refactor\full_matrix_rerun_20260214_112937\checkpoints\square\inverse_pts_1500_noise_2_last.pth
2026-02-14 13:08:09,535 | INFO | [Inverse][square|pts=1500|noise=2%] epoch=5999/11999 total=1.167e-02 pde=1.554e-03 bc=1.077e-04 data=9.034e-05 best=4.132e-03 lr=5.12e-04
2026-02-14 13:08:11,098 | INFO | [Inverse][square|pts=1500|noise=2%] epoch=6099/11999 total=4.323e-03 pde=8.694e-04 bc=1.976e-05 data=3.256e-05 best=4.131e-03 lr=5.12e-04
2026-02-14 13:08:12,583 | INFO | [Inverse][square|pts=1500|noise=2%] epoch=6199/11999 total=5.621e-03 pde=8.358e-04 bc=7.491e-05 data=4.036e-05 best=4.033e-03 lr=5.12e-04
2026-02-14 13:08:14,057 | INFO | [Inverse][square|pts=1500|noise=2%] epoch=6299/11999 total=5.403e-03 pde=8.191e-04 bc=7.140e-05 data=3.869e-05 best=4.033e-03 lr=5.12e-04
2026-02-14 13:08:15,593 | INFO | [Inverse][square|pts=1500|noise=2%] epoch=6399/11999 total=5.276e-03 pde=8.059e-04 bc=6.948e-05 data=3.775e-05 best=4.033e-03 lr=5.12e-04
2026-02-14 13:08:17,106 | INFO | [Inverse][square|pts=1500|noise=2%] checkpoint saved at epoch=6499 -> outputs_refactor\full_matrix_rerun_20260214_112937\checkpoints\square\inverse_pts_1500_noise_2_last.pth
2026-02-14 13:08:17,107 | INFO | [Inverse][square|pts=1500|noise=2%] epoch=6499/11999 total=5.200e-03 pde=7.946e-04 bc=6.863e-05 data=3.719e-05 best=4.033e-03 lr=5.12e-04
2026-02-14 13:08:18,635 | INFO | [Inverse][square|pts=1500|noise=2%] epoch=6599/11999 total=5.209e-03 pde=7.833e-04 bc=6.943e-05 data=3.732e-05 best=4.033e-03 lr=5.12e-04
2026-02-14 13:08:20,116 | INFO | [Inverse][square|pts=1500|noise=2%] epoch=6699/11999 total=4.423e-03 pde=7.622e-04 bc=5.403e-05 data=3.121e-05 best=4.033e-03 lr=4.10e-04
2026-02-14 13:08:21,639 | INFO | [Inverse][square|pts=1500|noise=2%] epoch=6799/11999 total=4.620e-03 pde=7.541e-04 bc=5.902e-05 data=3.275e-05 best=4.033e-03 lr=4.10e-04
2026-02-14 13:08:23,226 | INFO | [Inverse][square|pts=1500|noise=2%] epoch=6899/11999 total=4.785e-03 pde=7.444e-04 bc=6.279e-05 data=3.413e-05 best=3.899e-03 lr=4.10e-04
2026-02-14 13:08:24,737 | INFO | [Inverse][square|pts=1500|noise=2%] checkpoint saved at epoch=6999 -> outputs_refactor\full_matrix_rerun_20260214_112937\checkpoints\square\inverse_pts_1500_noise_2_last.pth
2026-02-14 13:08:24,738 | INFO | [Inverse][square|pts=1500|noise=2%] epoch=6999/11999 total=4.320e-03 pde=7.237e-04 bc=5.427e-05 data=3.054e-05 best=3.899e-03 lr=4.10e-04
2026-02-14 13:08:26,298 | INFO | [Inverse][square|pts=1500|noise=2%] epoch=7099/11999 total=4.252e-03 pde=7.091e-04 bc=5.266e-05 data=3.016e-05 best=3.899e-03 lr=4.10e-04
2026-02-14 13:08:27,818 | INFO | [Inverse][square|pts=1500|noise=2%] epoch=7199/11999 total=4.213e-03 pde=6.930e-04 bc=4.922e-05 data=3.028e-05 best=3.899e-03 lr=4.10e-04
2026-02-14 13:08:29,350 | INFO | [Inverse][square|pts=1500|noise=2%] epoch=7299/11999 total=4.138e-03 pde=6.762e-04 bc=4.713e-05 data=2.990e-05 best=3.899e-03 lr=4.10e-04
2026-02-14 13:08:30,916 | INFO | [Inverse][square|pts=1500|noise=2%] epoch=7399/11999 total=3.996e-03 pde=6.585e-04 bc=4.420e-05 data=2.895e-05 best=3.872e-03 lr=4.10e-04
2026-02-14 13:08:32,557 | INFO | [Inverse][square|pts=1500|noise=2%] checkpoint saved at epoch=7499 -> outputs_refactor\full_matrix_rerun_20260214_112937\checkpoints\square\inverse_pts_1500_noise_2_last.pth
2026-02-14 13:08:32,558 | INFO | [Inverse][square|pts=1500|noise=2%] epoch=7499/11999 total=3.355e-03 pde=6.319e-04 bc=3.063e-05 data=2.417e-05 best=3.355e-03 lr=4.10e-04
2026-02-14 13:08:34,077 | INFO | [Inverse][square|pts=1500|noise=2%] epoch=7599/11999 total=8.937e-03 pde=7.032e-04 bc=1.088e-04 data=7.146e-05 best=3.355e-03 lr=4.10e-04
2026-02-14 13:08:35,611 | INFO | [Inverse][square|pts=1500|noise=2%] epoch=7699/11999 total=4.110e-03 pde=6.265e-04 bc=3.881e-05 data=3.096e-05 best=3.355e-03 lr=4.10e-04
2026-02-14 13:08:37,165 | INFO | [Inverse][square|pts=1500|noise=2%] epoch=7799/11999 total=3.763e-03 pde=6.144e-04 bc=3.430e-05 data=2.806e-05 best=3.355e-03 lr=4.10e-04
2026-02-14 13:08:38,655 | INFO | [Inverse][square|pts=1500|noise=2%] epoch=7899/11999 total=4.275e-03 pde=6.136e-04 bc=4.094e-05 data=3.252e-05 best=3.355e-03 lr=4.10e-04
2026-02-14 13:08:40,229 | INFO | [Inverse][square|pts=1500|noise=2%] checkpoint saved at epoch=7999 -> outputs_refactor\full_matrix_rerun_20260214_112937\checkpoints\square\inverse_pts_1500_noise_2_last.pth
2026-02-14 13:08:40,229 | INFO | [Inverse][square|pts=1500|noise=2%] epoch=7999/11999 total=3.811e-03 pde=5.971e-04 bc=3.561e-05 data=2.857e-05 best=3.355e-03 lr=4.10e-04
2026-02-14 13:08:41,757 | INFO | [Inverse][square|pts=1500|noise=2%] epoch=8099/11999 total=3.221e-03 pde=5.784e-04 bc=3.035e-05 data=2.339e-05 best=3.186e-03 lr=3.28e-04
2026-02-14 13:08:43,270 | INFO | [Inverse][square|pts=1500|noise=2%] epoch=8199/11999 total=3.142e-03 pde=5.677e-04 bc=2.818e-05 data=2.293e-05 best=3.138e-03 lr=3.28e-04
2026-02-14 13:08:45,241 | INFO | [Inverse][square|pts=1500|noise=2%] epoch=8299/11999 total=3.076e-03 pde=5.492e-04 bc=2.896e-05 data=2.237e-05 best=3.076e-03 lr=3.28e-04
2026-02-14 13:08:47,218 | INFO | [Inverse][square|pts=1500|noise=2%] epoch=8399/11999 total=3.016e-03 pde=5.276e-04 bc=2.900e-05 data=2.199e-05 best=3.016e-03 lr=3.28e-04
2026-02-14 13:08:48,791 | INFO | [Inverse][square|pts=1500|noise=2%] checkpoint saved at epoch=8499 -> outputs_refactor\full_matrix_rerun_20260214_112937\checkpoints\square\inverse_pts_1500_noise_2_last.pth
2026-02-14 13:08:48,791 | INFO | [Inverse][square|pts=1500|noise=2%] epoch=8499/11999 total=3.014e-03 pde=5.060e-04 bc=2.974e-05 data=2.210e-05 best=2.959e-03 lr=3.28e-04
2026-02-14 13:08:50,372 | INFO | [Inverse][square|pts=1500|noise=2%] epoch=8599/11999 total=2.996e-03 pde=4.848e-04 bc=2.915e-05 data=2.219e-05 best=2.911e-03 lr=3.28e-04
2026-02-14 13:08:51,965 | INFO | [Inverse][square|pts=1500|noise=2%] epoch=8699/11999 total=3.863e-03 pde=4.853e-04 bc=2.406e-05 data=3.137e-05 best=2.873e-03 lr=3.28e-04
2026-02-14 13:08:53,464 | INFO | [Inverse][square|pts=1500|noise=2%] epoch=8799/11999 total=3.697e-03 pde=4.686e-04 bc=2.323e-05 data=2.996e-05 best=2.873e-03 lr=3.28e-04
2026-02-14 13:08:54,964 | INFO | [Inverse][square|pts=1500|noise=2%] epoch=8899/11999 total=3.406e-03 pde=4.503e-04 bc=2.286e-05 data=2.728e-05 best=2.873e-03 lr=3.28e-04
2026-02-14 13:08:56,549 | INFO | [Inverse][square|pts=1500|noise=2%] checkpoint saved at epoch=8999 -> outputs_refactor\full_matrix_rerun_20260214_112937\checkpoints\square\inverse_pts_1500_noise_2_last.pth
2026-02-14 13:08:56,550 | INFO | [Inverse][square|pts=1500|noise=2%] epoch=8999/11999 total=3.150e-03 pde=4.328e-04 bc=2.294e-05 data=2.488e-05 best=2.873e-03 lr=3.28e-04
2026-02-14 13:08:58,023 | INFO | [Inverse][square|pts=1500|noise=2%] epoch=9099/11999 total=3.033e-03 pde=4.181e-04 bc=2.186e-05 data=2.396e-05 best=2.873e-03 lr=3.28e-04
2026-02-14 13:08:59,554 | INFO | [Inverse][square|pts=1500|noise=2%] epoch=9199/11999 total=2.696e-03 pde=3.995e-04 bc=2.966e-05 data=2.000e-05 best=2.692e-03 lr=2.62e-04
2026-02-14 13:09:01,467 | INFO | [Inverse][square|pts=1500|noise=2%] epoch=9299/11999 total=2.644e-03 pde=3.835e-04 bc=2.856e-05 data=1.974e-05 best=2.644e-03 lr=2.62e-04
2026-02-14 13:09:03,271 | INFO | [Inverse][square|pts=1500|noise=2%] epoch=9399/11999 total=2.622e-03 pde=3.680e-04 bc=2.926e-05 data=1.961e-05 best=2.605e-03 lr=2.62e-04
2026-02-14 13:09:04,825 | INFO | [Inverse][square|pts=1500|noise=2%] checkpoint saved at epoch=9499 -> outputs_refactor\full_matrix_rerun_20260214_112937\checkpoints\square\inverse_pts_1500_noise_2_last.pth
2026-02-14 13:09:04,825 | INFO | [Inverse][square|pts=1500|noise=2%] epoch=9499/11999 total=2.568e-03 pde=3.531e-04 bc=2.807e-05 data=1.934e-05 best=2.563e-03 lr=2.62e-04
2026-02-14 13:09:06,415 | INFO | [Inverse][square|pts=1500|noise=2%] epoch=9599/11999 total=3.814e-03 pde=3.748e-04 bc=4.833e-05 data=2.956e-05 best=2.563e-03 lr=2.62e-04
2026-02-14 13:09:07,925 | INFO | [Inverse][square|pts=1500|noise=2%] epoch=9699/11999 total=2.522e-03 pde=3.381e-04 bc=2.901e-05 data=1.894e-05 best=2.513e-03 lr=2.62e-04
2026-02-14 13:09:09,825 | INFO | [Inverse][square|pts=1500|noise=2%] epoch=9799/11999 total=2.471e-03 pde=3.253e-04 bc=2.803e-05 data=1.865e-05 best=2.471e-03 lr=2.62e-04
2026-02-14 13:09:11,820 | INFO | [Inverse][square|pts=1500|noise=2%] epoch=9899/11999 total=2.431e-03 pde=3.131e-04 bc=2.792e-05 data=1.839e-05 best=2.431e-03 lr=2.62e-04
2026-02-14 13:09:13,355 | INFO | [Inverse][square|pts=1500|noise=2%] checkpoint saved at epoch=9999 -> outputs_refactor\full_matrix_rerun_20260214_112937\checkpoints\square\inverse_pts_1500_noise_2_last.pth
2026-02-14 13:09:13,355 | INFO | [Inverse][square|pts=1500|noise=2%] epoch=9999/11999 total=2.530e-03 pde=3.076e-04 bc=3.075e-05 data=1.915e-05 best=2.415e-03 lr=2.62e-04
2026-02-14 13:09:14,854 | INFO | [Inverse][square|pts=1500|noise=2%] epoch=10099/11999 total=2.398e-03 pde=2.942e-04 bc=2.847e-05 data=1.819e-05 best=2.379e-03 lr=2.62e-04
2026-02-14 13:09:16,470 | INFO | [Inverse][square|pts=1500|noise=2%] epoch=10199/11999 total=2.478e-03 pde=2.876e-04 bc=3.289e-05 data=1.861e-05 best=2.336e-03 lr=2.62e-04
2026-02-14 13:09:17,982 | INFO | [Inverse][square|pts=1500|noise=2%] epoch=10299/11999 total=2.423e-03 pde=2.800e-04 bc=3.138e-05 data=1.829e-05 best=2.326e-03 lr=2.62e-04
2026-02-14 13:09:19,506 | INFO | [Inverse][square|pts=1500|noise=2%] epoch=10399/11999 total=2.294e-03 pde=2.729e-04 bc=2.874e-05 data=1.733e-05 best=2.289e-03 lr=2.62e-04
2026-02-14 13:09:21,104 | INFO | [Inverse][square|pts=1500|noise=2%] checkpoint saved at epoch=10499 -> outputs_refactor\full_matrix_rerun_20260214_112937\checkpoints\square\inverse_pts_1500_noise_2_last.pth
2026-02-14 13:09:21,104 | INFO | [Inverse][square|pts=1500|noise=2%] epoch=10499/11999 total=2.321e-03 pde=2.680e-04 bc=3.109e-05 data=1.742e-05 best=2.261e-03 lr=2.62e-04
2026-02-14 13:09:22,582 | INFO | [Inverse][square|pts=1500|noise=2%] epoch=10599/11999 total=2.341e-03 pde=2.631e-04 bc=3.100e-05 data=1.767e-05 best=2.261e-03 lr=2.62e-04
2026-02-14 13:09:24,084 | INFO | [Inverse][square|pts=1500|noise=2%] epoch=10699/11999 total=2.373e-03 pde=2.602e-04 bc=3.423e-05 data=1.771e-05 best=2.236e-03 lr=2.62e-04
2026-02-14 13:09:25,580 | INFO | [Inverse][square|pts=1500|noise=2%] epoch=10799/11999 total=2.237e-03 pde=2.527e-04 bc=2.885e-05 data=1.695e-05 best=2.208e-03 lr=2.62e-04
2026-02-14 13:09:27,099 | INFO | [Inverse][square|pts=1500|noise=2%] epoch=10899/11999 total=2.181e-03 pde=2.487e-04 bc=2.799e-05 data=1.652e-05 best=2.176e-03 lr=2.62e-04
2026-02-14 13:09:28,646 | INFO | [Inverse][square|pts=1500|noise=2%] checkpoint saved at epoch=10999 -> outputs_refactor\full_matrix_rerun_20260214_112937\checkpoints\square\inverse_pts_1500_noise_2_last.pth
2026-02-14 13:09:28,646 | INFO | [Inverse][square|pts=1500|noise=2%] epoch=10999/11999 total=2.317e-03 pde=2.481e-04 bc=2.506e-05 data=1.819e-05 best=2.144e-03 lr=2.62e-04
2026-02-14 13:09:30,137 | INFO | [Inverse][square|pts=1500|noise=2%] epoch=11099/11999 total=2.126e-03 pde=2.419e-04 bc=2.679e-05 data=1.616e-05 best=2.124e-03 lr=2.62e-04
2026-02-14 13:09:31,633 | INFO | [Inverse][square|pts=1500|noise=2%] epoch=11199/11999 total=2.224e-03 pde=2.423e-04 bc=2.794e-05 data=1.702e-05 best=2.109e-03 lr=2.62e-04
2026-02-14 13:09:33,122 | INFO | [Inverse][square|pts=1500|noise=2%] epoch=11299/11999 total=2.892e-03 pde=2.479e-04 bc=2.468e-05 data=2.397e-05 best=2.099e-03 lr=2.62e-04
2026-02-14 13:09:34,600 | INFO | [Inverse][square|pts=1500|noise=2%] epoch=11399/11999 total=4.066e-03 pde=2.514e-04 bc=2.579e-05 data=3.556e-05 best=2.099e-03 lr=2.62e-04
2026-02-14 13:09:36,133 | INFO | [Inverse][square|pts=1500|noise=2%] checkpoint saved at epoch=11499 -> outputs_refactor\full_matrix_rerun_20260214_112937\checkpoints\square\inverse_pts_1500_noise_2_last.pth
2026-02-14 13:09:36,133 | INFO | [Inverse][square|pts=1500|noise=2%] epoch=11499/11999 total=2.412e-03 pde=2.399e-04 bc=3.356e-05 data=1.837e-05 best=2.099e-03 lr=2.62e-04
2026-02-14 13:09:37,668 | INFO | [Inverse][square|pts=1500|noise=2%] epoch=11599/11999 total=3.780e-03 pde=2.717e-04 bc=6.645e-05 data=2.844e-05 best=2.073e-03 lr=2.62e-04
2026-02-14 13:09:39,127 | INFO | [Inverse][square|pts=1500|noise=2%] epoch=11699/11999 total=2.418e-03 pde=2.415e-04 bc=3.108e-05 data=1.866e-05 best=2.073e-03 lr=2.62e-04
2026-02-14 13:09:40,650 | INFO | [Inverse][square|pts=1500|noise=2%] epoch=11799/11999 total=2.455e-03 pde=2.420e-04 bc=3.154e-05 data=1.898e-05 best=2.073e-03 lr=2.62e-04
2026-02-14 13:09:42,150 | INFO | [Inverse][square|pts=1500|noise=2%] epoch=11899/11999 total=2.473e-03 pde=2.420e-04 bc=3.174e-05 data=1.913e-05 best=2.073e-03 lr=2.62e-04
2026-02-14 13:09:43,683 | INFO | [Inverse][square|pts=1500|noise=2%] checkpoint saved at epoch=11999 -> outputs_refactor\full_matrix_rerun_20260214_112937\checkpoints\square\inverse_pts_1500_noise_2_last.pth
2026-02-14 13:09:43,683 | INFO | [Inverse][square|pts=1500|noise=2%] epoch=11999/11999 total=2.501e-03 pde=2.423e-04 bc=3.210e-05 data=1.937e-05 best=2.073e-03 lr=2.62e-04
2026-02-14 13:09:44,322 | INFO | [Inverse][pts_1500_noise_5] start training charge=square points=1500 noise=5%
2026-02-14 13:09:44,349 | INFO | [Inverse][square|pts=1500|noise=5%] epoch=0/11999 total=5.890e+00 pde=1.722e-02 bc=4.535e-02 data=5.419e-02 best=5.890e+00 lr=1.00e-03
2026-02-14 13:09:46,270 | INFO | [Inverse][square|pts=1500|noise=5%] epoch=99/11999 total=3.803e-01 pde=1.964e-01 bc=9.361e-04 data=1.745e-03 best=3.803e-01 lr=1.00e-03
2026-02-14 13:09:47,910 | INFO | [Inverse][square|pts=1500|noise=5%] epoch=199/11999 total=2.401e-01 pde=6.699e-02 bc=9.287e-04 data=1.638e-03 best=2.401e-01 lr=1.00e-03
2026-02-14 13:09:49,619 | INFO | [Inverse][square|pts=1500|noise=5%] epoch=299/11999 total=1.503e-01 pde=2.181e-02 bc=8.362e-04 data=1.202e-03 best=1.472e-01 lr=1.00e-03
2026-02-14 13:09:51,294 | INFO | [Inverse][square|pts=1500|noise=5%] epoch=399/11999 total=1.180e-01 pde=1.127e-02 bc=1.191e-03 data=9.487e-04 best=9.666e-02 lr=1.00e-03
2026-02-14 13:09:52,846 | INFO | [Inverse][square|pts=1500|noise=5%] checkpoint saved at epoch=499 -> outputs_refactor\full_matrix_rerun_20260214_112937\checkpoints\square\inverse_pts_1500_noise_5_last.pth
2026-02-14 13:09:52,846 | INFO | [Inverse][square|pts=1500|noise=5%] epoch=499/11999 total=7.829e-02 pde=9.696e-03 bc=3.658e-04 data=6.494e-04 best=7.829e-02 lr=1.00e-03
2026-02-14 13:09:54,375 | INFO | [Inverse][square|pts=1500|noise=5%] epoch=599/11999 total=6.399e-02 pde=1.070e-02 bc=3.937e-04 data=4.936e-04 best=6.399e-02 lr=1.00e-03
2026-02-14 13:09:55,994 | INFO | [Inverse][square|pts=1500|noise=5%] epoch=699/11999 total=7.809e-02 pde=1.101e-02 bc=6.586e-04 data=6.049e-04 best=5.732e-02 lr=1.00e-03
2026-02-14 13:09:57,534 | INFO | [Inverse][square|pts=1500|noise=5%] epoch=799/11999 total=5.187e-02 pde=9.508e-03 bc=1.515e-04 data=4.085e-04 best=5.038e-02 lr=1.00e-03
2026-02-14 13:09:59,092 | INFO | [Inverse][square|pts=1500|noise=5%] epoch=899/11999 total=4.948e-02 pde=8.082e-03 bc=1.267e-04 data=4.013e-04 best=4.366e-02 lr=1.00e-03
2026-02-14 13:10:00,656 | INFO | [Inverse][square|pts=1500|noise=5%] checkpoint saved at epoch=999 -> outputs_refactor\full_matrix_rerun_20260214_112937\checkpoints\square\inverse_pts_1500_noise_5_last.pth
2026-02-14 13:10:00,657 | INFO | [Inverse][square|pts=1500|noise=5%] epoch=999/11999 total=4.033e-02 pde=7.103e-03 bc=1.942e-04 data=3.129e-04 best=3.963e-02 lr=1.00e-03
2026-02-14 13:10:02,201 | INFO | [Inverse][square|pts=1500|noise=5%] epoch=1099/11999 total=3.545e-02 pde=6.132e-03 bc=1.637e-04 data=2.768e-04 best=3.328e-02 lr=1.00e-03
2026-02-14 13:10:03,730 | INFO | [Inverse][square|pts=1500|noise=5%] epoch=1199/11999 total=2.887e-02 pde=5.258e-03 bc=1.330e-04 data=2.228e-04 best=2.887e-02 lr=1.00e-03
2026-02-14 13:10:05,257 | INFO | [Inverse][square|pts=1500|noise=5%] epoch=1299/11999 total=2.602e-02 pde=4.669e-03 bc=1.343e-04 data=2.001e-04 best=2.602e-02 lr=1.00e-03
2026-02-14 13:10:06,923 | INFO | [Inverse][square|pts=1500|noise=5%] epoch=1399/11999 total=2.241e-02 pde=4.184e-03 bc=1.153e-04 data=1.707e-04 best=2.241e-02 lr=1.00e-03
2026-02-14 13:10:08,532 | INFO | [Inverse][square|pts=1500|noise=5%] checkpoint saved at epoch=1499 -> outputs_refactor\full_matrix_rerun_20260214_112937\checkpoints\square\inverse_pts_1500_noise_5_last.pth
2026-02-14 13:10:08,532 | INFO | [Inverse][square|pts=1500|noise=5%] epoch=1499/11999 total=1.788e-02 pde=3.640e-03 bc=7.866e-05 data=1.345e-04 best=1.788e-02 lr=1.00e-03
2026-02-14 13:10:10,495 | INFO | [Inverse][square|pts=1500|noise=5%] epoch=1599/11999 total=1.649e-02 pde=3.146e-03 bc=8.968e-05 data=1.245e-04 best=1.649e-02 lr=1.00e-03
2026-02-14 13:10:12,525 | INFO | [Inverse][square|pts=1500|noise=5%] epoch=1699/11999 total=1.590e-02 pde=2.705e-03 bc=1.066e-04 data=1.213e-04 best=1.523e-02 lr=1.00e-03
2026-02-14 13:10:14,541 | INFO | [Inverse][square|pts=1500|noise=5%] epoch=1799/11999 total=1.699e-02 pde=2.373e-03 bc=1.456e-04 data=1.316e-04 best=1.208e-02 lr=1.00e-03
2026-02-14 13:10:16,437 | INFO | [Inverse][square|pts=1500|noise=5%] epoch=1899/11999 total=1.763e-02 pde=1.993e-03 bc=1.466e-04 data=1.417e-04 best=1.145e-02 lr=1.00e-03
2026-02-14 13:10:18,264 | INFO | [Inverse][square|pts=1500|noise=5%] checkpoint saved at epoch=1999 -> outputs_refactor\full_matrix_rerun_20260214_112937\checkpoints\square\inverse_pts_1500_noise_5_last.pth
2026-02-14 13:10:18,264 | INFO | [Inverse][square|pts=1500|noise=5%] epoch=1999/11999 total=1.429e-02 pde=1.731e-03 bc=1.121e-04 data=1.144e-04 best=1.121e-02 lr=1.00e-03
2026-02-14 13:10:20,060 | INFO | [Inverse][square|pts=1500|noise=5%] epoch=2099/11999 total=1.387e-02 pde=1.552e-03 bc=1.161e-04 data=1.116e-04 best=1.121e-02 lr=1.00e-03
2026-02-14 13:10:22,025 | INFO | [Inverse][square|pts=1500|noise=5%] epoch=2199/11999 total=1.274e-02 pde=1.377e-03 bc=1.082e-04 data=1.029e-04 best=1.121e-02 lr=1.00e-03
2026-02-14 13:10:23,930 | INFO | [Inverse][square|pts=1500|noise=5%] epoch=2299/11999 total=1.207e-02 pde=1.235e-03 bc=1.133e-04 data=9.701e-05 best=1.121e-02 lr=1.00e-03
2026-02-14 13:10:25,987 | INFO | [Inverse][square|pts=1500|noise=5%] epoch=2399/11999 total=1.109e-02 pde=1.097e-03 bc=1.058e-04 data=8.932e-05 best=1.044e-02 lr=1.00e-03
2026-02-14 13:10:28,003 | INFO | [Inverse][square|pts=1500|noise=5%] checkpoint saved at epoch=2499 -> outputs_refactor\full_matrix_rerun_20260214_112937\checkpoints\square\inverse_pts_1500_noise_5_last.pth
2026-02-14 13:10:28,003 | INFO | [Inverse][square|pts=1500|noise=5%] epoch=2499/11999 total=1.009e-02 pde=9.763e-04 bc=9.521e-05 data=8.160e-05 best=9.534e-03 lr=1.00e-03
2026-02-14 13:10:30,008 | INFO | [Inverse][square|pts=1500|noise=5%] epoch=2599/11999 total=9.304e-03 pde=8.736e-04 bc=8.618e-05 data=7.569e-05 best=8.827e-03 lr=1.00e-03
2026-02-14 13:10:32,107 | INFO | [Inverse][square|pts=1500|noise=5%] epoch=2699/11999 total=8.685e-03 pde=7.856e-04 bc=7.872e-05 data=7.113e-05 best=8.270e-03 lr=1.00e-03
2026-02-14 13:10:33,802 | INFO | [Inverse][square|pts=1500|noise=5%] epoch=2799/11999 total=3.649e-02 pde=4.697e-03 bc=2.980e-04 data=2.881e-04 best=7.065e-03 lr=1.00e-03
2026-02-14 13:10:35,267 | INFO | [Inverse][square|pts=1500|noise=5%] epoch=2899/11999 total=1.029e-02 pde=7.509e-04 bc=7.215e-05 data=8.815e-05 best=7.065e-03 lr=1.00e-03
2026-02-14 13:10:36,797 | INFO | [Inverse][square|pts=1500|noise=5%] checkpoint saved at epoch=2999 -> outputs_refactor\full_matrix_rerun_20260214_112937\checkpoints\square\inverse_pts_1500_noise_5_last.pth
2026-02-14 13:10:36,798 | INFO | [Inverse][square|pts=1500|noise=5%] epoch=2999/11999 total=1.029e-02 pde=7.159e-04 bc=7.559e-05 data=8.817e-05 best=7.065e-03 lr=1.00e-03
2026-02-14 13:10:38,256 | INFO | [Inverse][square|pts=1500|noise=5%] epoch=3099/11999 total=9.568e-03 pde=6.617e-04 bc=7.013e-05 data=8.205e-05 best=7.065e-03 lr=1.00e-03
2026-02-14 13:10:39,721 | INFO | [Inverse][square|pts=1500|noise=5%] epoch=3199/11999 total=8.751e-03 pde=6.084e-04 bc=6.314e-05 data=7.511e-05 best=7.065e-03 lr=1.00e-03
2026-02-14 13:10:41,273 | INFO | [Inverse][square|pts=1500|noise=5%] epoch=3299/11999 total=8.032e-03 pde=5.619e-04 bc=5.697e-05 data=6.900e-05 best=7.065e-03 lr=8.00e-04
2026-02-14 13:10:42,763 | INFO | [Inverse][square|pts=1500|noise=5%] epoch=3399/11999 total=7.612e-03 pde=5.281e-04 bc=5.399e-05 data=6.544e-05 best=7.065e-03 lr=8.00e-04
2026-02-14 13:10:44,270 | INFO | [Inverse][square|pts=1500|noise=5%] checkpoint saved at epoch=3499 -> outputs_refactor\full_matrix_rerun_20260214_112937\checkpoints\square\inverse_pts_1500_noise_5_last.pth
2026-02-14 13:10:44,271 | INFO | [Inverse][square|pts=1500|noise=5%] epoch=3499/11999 total=7.178e-03 pde=4.951e-04 bc=5.058e-05 data=6.177e-05 best=7.065e-03 lr=8.00e-04
2026-02-14 13:10:45,865 | INFO | [Inverse][square|pts=1500|noise=5%] epoch=3599/11999 total=1.369e-02 pde=6.593e-04 bc=1.392e-04 data=1.164e-04 best=6.234e-03 lr=8.00e-04
2026-02-14 13:10:47,343 | INFO | [Inverse][square|pts=1500|noise=5%] epoch=3699/11999 total=1.054e-02 pde=6.354e-04 bc=1.139e-04 data=8.762e-05 best=6.234e-03 lr=8.00e-04
2026-02-14 13:10:48,808 | INFO | [Inverse][square|pts=1500|noise=5%] epoch=3799/11999 total=1.187e-02 pde=6.936e-04 bc=1.227e-04 data=9.950e-05 best=6.234e-03 lr=8.00e-04
2026-02-14 13:10:50,269 | INFO | [Inverse][square|pts=1500|noise=5%] epoch=3899/11999 total=8.916e-03 pde=5.569e-04 bc=9.019e-05 data=7.457e-05 best=6.234e-03 lr=8.00e-04
2026-02-14 13:10:51,821 | INFO | [Inverse][square|pts=1500|noise=5%] checkpoint saved at epoch=3999 -> outputs_refactor\full_matrix_rerun_20260214_112937\checkpoints\square\inverse_pts_1500_noise_5_last.pth
2026-02-14 13:10:51,821 | INFO | [Inverse][square|pts=1500|noise=5%] epoch=3999/11999 total=8.980e-03 pde=5.578e-04 bc=8.850e-05 data=7.537e-05 best=6.234e-03 lr=8.00e-04
2026-02-14 13:10:53,465 | INFO | [Inverse][square|pts=1500|noise=5%] epoch=4099/11999 total=8.282e-03 pde=5.192e-04 bc=7.735e-05 data=6.989e-05 best=6.234e-03 lr=6.40e-04
2026-02-14 13:10:55,047 | INFO | [Inverse][square|pts=1500|noise=5%] epoch=4199/11999 total=7.143e-03 pde=4.547e-04 bc=6.143e-05 data=6.074e-05 best=6.234e-03 lr=6.40e-04
2026-02-14 13:10:56,578 | INFO | [Inverse][square|pts=1500|noise=5%] epoch=4299/11999 total=7.955e-03 pde=4.943e-04 bc=7.219e-05 data=6.739e-05 best=6.234e-03 lr=6.40e-04
2026-02-14 13:10:58,105 | INFO | [Inverse][square|pts=1500|noise=5%] epoch=4399/11999 total=7.221e-03 pde=4.502e-04 bc=6.240e-05 data=6.146e-05 best=6.234e-03 lr=6.40e-04
2026-02-14 13:10:59,616 | INFO | [Inverse][square|pts=1500|noise=5%] checkpoint saved at epoch=4499 -> outputs_refactor\full_matrix_rerun_20260214_112937\checkpoints\square\inverse_pts_1500_noise_5_last.pth
2026-02-14 13:10:59,616 | INFO | [Inverse][square|pts=1500|noise=5%] epoch=4499/11999 total=7.155e-03 pde=4.432e-04 bc=6.160e-05 data=6.096e-05 best=6.234e-03 lr=6.40e-04
2026-02-14 13:11:01,152 | INFO | [Inverse][square|pts=1500|noise=5%] epoch=4599/11999 total=6.361e-03 pde=3.965e-04 bc=5.144e-05 data=5.451e-05 best=6.233e-03 lr=5.12e-04
2026-02-14 13:11:02,602 | INFO | [Inverse][square|pts=1500|noise=5%] epoch=4699/11999 total=6.724e-03 pde=4.196e-04 bc=5.633e-05 data=5.741e-05 best=6.233e-03 lr=5.12e-04
2026-02-14 13:11:04,187 | INFO | [Inverse][square|pts=1500|noise=5%] epoch=4799/11999 total=7.129e-03 pde=4.476e-04 bc=6.137e-05 data=6.067e-05 best=5.947e-03 lr=5.12e-04
2026-02-14 13:11:05,763 | INFO | [Inverse][square|pts=1500|noise=5%] epoch=4899/11999 total=1.097e-02 pde=5.456e-04 bc=7.008e-05 data=9.726e-05 best=5.678e-03 lr=5.12e-04
2026-02-14 13:11:07,289 | INFO | [Inverse][square|pts=1500|noise=5%] checkpoint saved at epoch=4999 -> outputs_refactor\full_matrix_rerun_20260214_112937\checkpoints\square\inverse_pts_1500_noise_5_last.pth
2026-02-14 13:11:07,289 | INFO | [Inverse][square|pts=1500|noise=5%] epoch=4999/11999 total=6.611e-03 pde=3.724e-04 bc=4.292e-05 data=5.810e-05 best=5.678e-03 lr=5.12e-04
2026-02-14 13:11:08,794 | INFO | [Inverse][square|pts=1500|noise=5%] epoch=5099/11999 total=6.470e-03 pde=3.775e-04 bc=4.391e-05 data=5.653e-05 best=5.678e-03 lr=5.12e-04
2026-02-14 13:11:10,354 | INFO | [Inverse][square|pts=1500|noise=5%] epoch=5199/11999 total=6.425e-03 pde=3.781e-04 bc=4.483e-05 data=5.598e-05 best=5.678e-03 lr=5.12e-04
2026-02-14 13:11:11,905 | INFO | [Inverse][square|pts=1500|noise=5%] epoch=5299/11999 total=6.375e-03 pde=3.673e-04 bc=4.216e-05 data=5.586e-05 best=5.678e-03 lr=5.12e-04
2026-02-14 13:11:13,374 | INFO | [Inverse][square|pts=1500|noise=5%] epoch=5399/11999 total=5.850e-03 pde=3.231e-04 bc=3.487e-05 data=5.178e-05 best=5.678e-03 lr=4.10e-04
2026-02-14 13:11:14,898 | INFO | [Inverse][square|pts=1500|noise=5%] checkpoint saved at epoch=5499 -> outputs_refactor\full_matrix_rerun_20260214_112937\checkpoints\square\inverse_pts_1500_noise_5_last.pth
2026-02-14 13:11:14,898 | INFO | [Inverse][square|pts=1500|noise=5%] epoch=5499/11999 total=6.054e-03 pde=3.237e-04 bc=3.339e-05 data=5.396e-05 best=5.678e-03 lr=4.10e-04
2026-02-14 13:11:16,451 | INFO | [Inverse][square|pts=1500|noise=5%] epoch=5599/11999 total=5.988e-03 pde=3.189e-04 bc=3.287e-05 data=5.340e-05 best=5.678e-03 lr=4.10e-04
2026-02-14 13:11:18,029 | INFO | [Inverse][square|pts=1500|noise=5%] epoch=5699/11999 total=5.871e-03 pde=3.125e-04 bc=3.262e-05 data=5.232e-05 best=5.671e-03 lr=4.10e-04
2026-02-14 13:11:19,594 | INFO | [Inverse][square|pts=1500|noise=5%] epoch=5799/11999 total=5.734e-03 pde=3.053e-04 bc=3.261e-05 data=5.102e-05 best=5.653e-03 lr=4.10e-04
2026-02-14 13:11:21,189 | INFO | [Inverse][square|pts=1500|noise=5%] epoch=5899/11999 total=5.682e-03 pde=3.001e-04 bc=3.237e-05 data=5.059e-05 best=5.596e-03 lr=4.10e-04
2026-02-14 13:11:22,792 | INFO | [Inverse][square|pts=1500|noise=5%] checkpoint saved at epoch=5999 -> outputs_refactor\full_matrix_rerun_20260214_112937\checkpoints\square\inverse_pts_1500_noise_5_last.pth
2026-02-14 13:11:22,792 | INFO | [Inverse][square|pts=1500|noise=5%] epoch=5999/11999 total=7.360e-03 pde=3.150e-04 bc=8.220e-05 data=6.223e-05 best=5.239e-03 lr=4.10e-04
2026-02-14 13:11:24,258 | INFO | [Inverse][square|pts=1500|noise=5%] epoch=6099/11999 total=6.013e-03 pde=2.997e-04 bc=5.584e-05 data=5.155e-05 best=5.239e-03 lr=4.10e-04
2026-02-14 13:11:25,791 | INFO | [Inverse][square|pts=1500|noise=5%] epoch=6199/11999 total=5.899e-03 pde=2.951e-04 bc=5.394e-05 data=5.065e-05 best=5.239e-03 lr=4.10e-04
2026-02-14 13:11:27,327 | INFO | [Inverse][square|pts=1500|noise=5%] epoch=6299/11999 total=5.832e-03 pde=2.914e-04 bc=5.290e-05 data=5.012e-05 best=5.239e-03 lr=4.10e-04
2026-02-14 13:11:28,810 | INFO | [Inverse][square|pts=1500|noise=5%] epoch=6399/11999 total=5.785e-03 pde=2.880e-04 bc=5.213e-05 data=4.976e-05 best=5.239e-03 lr=4.10e-04
2026-02-14 13:11:30,307 | INFO | [Inverse][square|pts=1500|noise=5%] checkpoint saved at epoch=6499 -> outputs_refactor\full_matrix_rerun_20260214_112937\checkpoints\square\inverse_pts_1500_noise_5_last.pth
2026-02-14 13:11:30,308 | INFO | [Inverse][square|pts=1500|noise=5%] epoch=6499/11999 total=5.137e-03 pde=2.663e-04 bc=3.660e-05 data=4.504e-05 best=5.137e-03 lr=3.28e-04
2026-02-14 13:11:32,104 | INFO | [Inverse][square|pts=1500|noise=5%] epoch=6599/11999 total=5.110e-03 pde=2.617e-04 bc=3.594e-05 data=4.489e-05 best=5.110e-03 lr=3.28e-04
2026-02-14 13:11:34,015 | INFO | [Inverse][square|pts=1500|noise=5%] epoch=6699/11999 total=5.084e-03 pde=2.570e-04 bc=3.565e-05 data=4.470e-05 best=5.084e-03 lr=3.28e-04
2026-02-14 13:11:35,969 | INFO | [Inverse][square|pts=1500|noise=5%] epoch=6799/11999 total=5.058e-03 pde=2.520e-04 bc=3.535e-05 data=4.452e-05 best=5.058e-03 lr=3.28e-04
2026-02-14 13:11:37,661 | INFO | [Inverse][square|pts=1500|noise=5%] epoch=6899/11999 total=5.054e-03 pde=2.490e-04 bc=3.416e-05 data=4.463e-05 best=5.034e-03 lr=3.28e-04
2026-02-14 13:11:39,193 | INFO | [Inverse][square|pts=1500|noise=5%] checkpoint saved at epoch=6999 -> outputs_refactor\full_matrix_rerun_20260214_112937\checkpoints\square\inverse_pts_1500_noise_5_last.pth
2026-02-14 13:11:39,193 | INFO | [Inverse][square|pts=1500|noise=5%] epoch=6999/11999 total=5.061e-03 pde=2.474e-04 bc=3.707e-05 data=4.443e-05 best=5.010e-03 lr=3.28e-04
2026-02-14 13:11:40,776 | INFO | [Inverse][square|pts=1500|noise=5%] epoch=7099/11999 total=5.014e-03 pde=2.393e-04 bc=3.607e-05 data=4.414e-05 best=4.984e-03 lr=3.28e-04
2026-02-14 13:11:42,305 | INFO | [Inverse][square|pts=1500|noise=5%] epoch=7199/11999 total=5.129e-03 pde=2.475e-04 bc=3.911e-05 data=4.490e-05 best=4.965e-03 lr=3.28e-04
2026-02-14 13:11:43,849 | INFO | [Inverse][square|pts=1500|noise=5%] epoch=7299/11999 total=4.942e-03 pde=2.259e-04 bc=3.443e-05 data=4.372e-05 best=4.942e-03 lr=3.28e-04
2026-02-14 13:11:45,372 | INFO | [Inverse][square|pts=1500|noise=5%] epoch=7399/11999 total=5.113e-03 pde=2.375e-04 bc=3.234e-05 data=4.552e-05 best=4.917e-03 lr=3.28e-04
2026-02-14 13:11:46,944 | INFO | [Inverse][square|pts=1500|noise=5%] checkpoint saved at epoch=7499 -> outputs_refactor\full_matrix_rerun_20260214_112937\checkpoints\square\inverse_pts_1500_noise_5_last.pth
2026-02-14 13:11:46,945 | INFO | [Inverse][square|pts=1500|noise=5%] epoch=7499/11999 total=4.973e-03 pde=2.217e-04 bc=3.201e-05 data=4.431e-05 best=4.893e-03 lr=3.28e-04
2026-02-14 13:11:48,482 | INFO | [Inverse][square|pts=1500|noise=5%] epoch=7599/11999 total=4.870e-03 pde=2.099e-04 bc=3.295e-05 data=4.331e-05 best=4.870e-03 lr=3.28e-04
2026-02-14 13:11:49,986 | INFO | [Inverse][square|pts=1500|noise=5%] epoch=7699/11999 total=5.033e-03 pde=2.181e-04 bc=3.462e-05 data=4.469e-05 best=4.857e-03 lr=3.28e-04
2026-02-14 13:11:51,615 | INFO | [Inverse][square|pts=1500|noise=5%] epoch=7799/11999 total=4.840e-03 pde=2.010e-04 bc=3.366e-05 data=4.303e-05 best=4.840e-03 lr=3.28e-04
2026-02-14 13:11:53,104 | INFO | [Inverse][square|pts=1500|noise=5%] epoch=7899/11999 total=4.970e-03 pde=2.061e-04 bc=3.885e-05 data=4.376e-05 best=4.816e-03 lr=3.28e-04
2026-02-14 13:11:54,635 | INFO | [Inverse][square|pts=1500|noise=5%] checkpoint saved at epoch=7999 -> outputs_refactor\full_matrix_rerun_20260214_112937\checkpoints\square\inverse_pts_1500_noise_5_last.pth
2026-02-14 13:11:54,636 | INFO | [Inverse][square|pts=1500|noise=5%] epoch=7999/11999 total=4.820e-03 pde=1.932e-04 bc=3.417e-05 data=4.286e-05 best=4.797e-03 lr=3.28e-04
2026-02-14 13:11:56,211 | INFO | [Inverse][square|pts=1500|noise=5%] epoch=8099/11999 total=4.817e-03 pde=1.917e-04 bc=3.359e-05 data=4.289e-05 best=4.782e-03 lr=3.28e-04
2026-02-14 13:11:57,709 | INFO | [Inverse][square|pts=1500|noise=5%] epoch=8199/11999 total=4.987e-03 pde=2.045e-04 bc=3.697e-05 data=4.413e-05 best=4.766e-03 lr=3.28e-04
2026-02-14 13:11:59,212 | INFO | [Inverse][square|pts=1500|noise=5%] epoch=8299/11999 total=4.953e-03 pde=1.927e-04 bc=3.358e-05 data=4.424e-05 best=4.749e-03 lr=3.28e-04
2026-02-14 13:12:00,724 | INFO | [Inverse][square|pts=1500|noise=5%] epoch=8399/11999 total=4.945e-03 pde=1.891e-04 bc=3.388e-05 data=4.417e-05 best=4.741e-03 lr=3.28e-04
2026-02-14 13:12:02,235 | INFO | [Inverse][square|pts=1500|noise=5%] checkpoint saved at epoch=8499 -> outputs_refactor\full_matrix_rerun_20260214_112937\checkpoints\square\inverse_pts_1500_noise_5_last.pth
2026-02-14 13:12:02,236 | INFO | [Inverse][square|pts=1500|noise=5%] epoch=8499/11999 total=4.968e-03 pde=1.890e-04 bc=4.003e-05 data=4.379e-05 best=4.725e-03 lr=3.28e-04
2026-02-14 13:12:03,734 | INFO | [Inverse][square|pts=1500|noise=5%] epoch=8599/11999 total=4.798e-03 pde=1.781e-04 bc=3.522e-05 data=4.268e-05 best=4.708e-03 lr=3.28e-04
2026-02-14 13:12:05,198 | INFO | [Inverse][square|pts=1500|noise=5%] epoch=8699/11999 total=4.848e-03 pde=1.723e-04 bc=3.513e-05 data=4.325e-05 best=4.700e-03 lr=3.28e-04
2026-02-14 13:12:06,796 | INFO | [Inverse][square|pts=1500|noise=5%] epoch=8799/11999 total=4.832e-03 pde=1.763e-04 bc=3.119e-05 data=4.343e-05 best=4.683e-03 lr=3.28e-04
2026-02-14 13:12:08,305 | INFO | [Inverse][square|pts=1500|noise=5%] epoch=8899/11999 total=4.679e-03 pde=1.642e-04 bc=3.005e-05 data=4.214e-05 best=4.676e-03 lr=3.28e-04
2026-02-14 13:12:09,805 | INFO | [Inverse][square|pts=1500|noise=5%] checkpoint saved at epoch=8999 -> outputs_refactor\full_matrix_rerun_20260214_112937\checkpoints\square\inverse_pts_1500_noise_5_last.pth
2026-02-14 13:12:09,806 | INFO | [Inverse][square|pts=1500|noise=5%] epoch=8999/11999 total=4.690e-03 pde=1.637e-04 bc=2.918e-05 data=4.235e-05 best=4.668e-03 lr=3.28e-04
2026-02-14 13:12:11,390 | INFO | [Inverse][square|pts=1500|noise=5%] epoch=9099/11999 total=4.656e-03 pde=1.601e-04 bc=3.054e-05 data=4.191e-05 best=4.651e-03 lr=3.28e-04
2026-02-14 13:12:12,884 | INFO | [Inverse][square|pts=1500|noise=5%] epoch=9199/11999 total=4.743e-03 pde=1.671e-04 bc=3.249e-05 data=4.251e-05 best=4.643e-03 lr=3.28e-04
2026-02-14 13:12:14,410 | INFO | [Inverse][square|pts=1500|noise=5%] epoch=9299/11999 total=4.643e-03 pde=1.570e-04 bc=2.953e-05 data=4.191e-05 best=4.629e-03 lr=3.28e-04
2026-02-14 13:12:15,925 | INFO | [Inverse][square|pts=1500|noise=5%] epoch=9399/11999 total=4.715e-03 pde=1.606e-04 bc=3.375e-05 data=4.217e-05 best=4.622e-03 lr=3.28e-04
2026-02-14 13:12:17,427 | INFO | [Inverse][square|pts=1500|noise=5%] checkpoint saved at epoch=9499 -> outputs_refactor\full_matrix_rerun_20260214_112937\checkpoints\square\inverse_pts_1500_noise_5_last.pth
2026-02-14 13:12:17,428 | INFO | [Inverse][square|pts=1500|noise=5%] epoch=9499/11999 total=4.735e-03 pde=1.621e-04 bc=2.760e-05 data=4.297e-05 best=4.616e-03 lr=3.28e-04
2026-02-14 13:12:18,916 | INFO | [Inverse][square|pts=1500|noise=5%] epoch=9599/11999 total=4.620e-03 pde=1.511e-04 bc=3.051e-05 data=4.163e-05 best=4.601e-03 lr=3.28e-04
2026-02-14 13:12:20,402 | INFO | [Inverse][square|pts=1500|noise=5%] epoch=9699/11999 total=4.595e-03 pde=1.488e-04 bc=2.888e-05 data=4.158e-05 best=4.592e-03 lr=3.28e-04
2026-02-14 13:12:21,937 | INFO | [Inverse][square|pts=1500|noise=5%] epoch=9799/11999 total=4.896e-03 pde=1.725e-04 bc=2.633e-05 data=4.460e-05 best=4.586e-03 lr=3.28e-04
2026-02-14 13:12:23,448 | INFO | [Inverse][square|pts=1500|noise=5%] epoch=9899/11999 total=6.699e-03 pde=4.265e-04 bc=3.351e-05 data=5.937e-05 best=4.586e-03 lr=3.28e-04
2026-02-14 13:12:24,927 | INFO | [Inverse][square|pts=1500|noise=5%] checkpoint saved at epoch=9999 -> outputs_refactor\full_matrix_rerun_20260214_112937\checkpoints\square\inverse_pts_1500_noise_5_last.pth
2026-02-14 13:12:24,927 | INFO | [Inverse][square|pts=1500|noise=5%] epoch=9999/11999 total=6.637e-03 pde=1.475e-03 bc=4.451e-05 data=4.718e-05 best=4.586e-03 lr=3.28e-04
2026-02-14 13:12:26,475 | INFO | [Inverse][square|pts=1500|noise=5%] epoch=10099/11999 total=5.814e-03 pde=1.822e-04 bc=2.762e-05 data=5.356e-05 best=4.586e-03 lr=3.28e-04
2026-02-14 13:12:28,017 | INFO | [Inverse][square|pts=1500|noise=5%] epoch=10199/11999 total=5.951e-03 pde=8.827e-04 bc=4.045e-05 data=4.664e-05 best=4.586e-03 lr=3.28e-04
2026-02-14 13:12:29,718 | INFO | [Inverse][square|pts=1500|noise=5%] epoch=10299/11999 total=4.587e-03 pde=1.444e-04 bc=2.903e-05 data=4.152e-05 best=4.586e-03 lr=2.62e-04
2026-02-14 13:12:31,741 | INFO | [Inverse][square|pts=1500|noise=5%] epoch=10399/11999 total=4.578e-03 pde=1.436e-04 bc=2.843e-05 data=4.150e-05 best=4.578e-03 lr=2.62e-04
2026-02-14 13:12:33,982 | INFO | [Inverse][square|pts=1500|noise=5%] checkpoint saved at epoch=10499 -> outputs_refactor\full_matrix_rerun_20260214_112937\checkpoints\square\inverse_pts_1500_noise_5_last.pth
2026-02-14 13:12:33,982 | INFO | [Inverse][square|pts=1500|noise=5%] epoch=10499/11999 total=4.572e-03 pde=1.430e-04 bc=2.816e-05 data=4.148e-05 best=4.572e-03 lr=2.62e-04
2026-02-14 13:12:35,939 | INFO | [Inverse][square|pts=1500|noise=5%] epoch=10599/11999 total=4.567e-03 pde=1.425e-04 bc=2.793e-05 data=4.145e-05 best=4.567e-03 lr=2.62e-04
2026-02-14 13:12:37,831 | INFO | [Inverse][square|pts=1500|noise=5%] epoch=10699/11999 total=4.562e-03 pde=1.420e-04 bc=2.772e-05 data=4.142e-05 best=4.562e-03 lr=2.62e-04
2026-02-14 13:12:39,743 | INFO | [Inverse][square|pts=1500|noise=5%] epoch=10799/11999 total=4.567e-03 pde=1.415e-04 bc=2.816e-05 data=4.144e-05 best=4.557e-03 lr=2.62e-04
2026-02-14 13:12:41,272 | INFO | [Inverse][square|pts=1500|noise=5%] epoch=10899/11999 total=5.524e-03 pde=1.804e-04 bc=5.185e-05 data=4.825e-05 best=4.557e-03 lr=2.62e-04
2026-02-14 13:12:42,796 | INFO | [Inverse][square|pts=1500|noise=5%] checkpoint saved at epoch=10999 -> outputs_refactor\full_matrix_rerun_20260214_112937\checkpoints\square\inverse_pts_1500_noise_5_last.pth
2026-02-14 13:12:42,797 | INFO | [Inverse][square|pts=1500|noise=5%] epoch=10999/11999 total=5.658e-03 pde=1.833e-04 bc=5.423e-05 data=4.933e-05 best=4.557e-03 lr=2.62e-04
2026-02-14 13:12:44,268 | INFO | [Inverse][square|pts=1500|noise=5%] epoch=11099/11999 total=7.586e-03 pde=2.688e-04 bc=4.013e-05 data=6.916e-05 best=4.557e-03 lr=2.62e-04
2026-02-14 13:12:45,777 | INFO | [Inverse][square|pts=1500|noise=5%] epoch=11199/11999 total=5.212e-03 pde=1.682e-04 bc=3.206e-05 data=4.723e-05 best=4.557e-03 lr=2.62e-04
2026-02-14 13:12:47,353 | INFO | [Inverse][square|pts=1500|noise=5%] epoch=11299/11999 total=4.548e-03 pde=1.379e-04 bc=2.705e-05 data=4.139e-05 best=4.548e-03 lr=2.62e-04
2026-02-14 13:12:49,225 | INFO | [Inverse][square|pts=1500|noise=5%] epoch=11399/11999 total=4.542e-03 pde=1.377e-04 bc=2.709e-05 data=4.134e-05 best=4.542e-03 lr=2.62e-04
2026-02-14 13:12:50,859 | INFO | [Inverse][square|pts=1500|noise=5%] checkpoint saved at epoch=11499 -> outputs_refactor\full_matrix_rerun_20260214_112937\checkpoints\square\inverse_pts_1500_noise_5_last.pth
2026-02-14 13:12:50,860 | INFO | [Inverse][square|pts=1500|noise=5%] epoch=11499/11999 total=4.888e-03 pde=1.602e-04 bc=3.306e-05 data=4.397e-05 best=4.540e-03 lr=2.62e-04
2026-02-14 13:12:52,418 | INFO | [Inverse][square|pts=1500|noise=5%] epoch=11599/11999 total=4.533e-03 pde=1.369e-04 bc=2.688e-05 data=4.127e-05 best=4.533e-03 lr=2.62e-04
2026-02-14 13:12:54,077 | INFO | [Inverse][square|pts=1500|noise=5%] epoch=11699/11999 total=4.643e-03 pde=1.443e-04 bc=2.921e-05 data=4.207e-05 best=4.529e-03 lr=2.62e-04
2026-02-14 13:12:55,618 | INFO | [Inverse][square|pts=1500|noise=5%] epoch=11799/11999 total=4.535e-03 pde=1.367e-04 bc=2.709e-05 data=4.127e-05 best=4.524e-03 lr=2.62e-04
2026-02-14 13:12:57,210 | INFO | [Inverse][square|pts=1500|noise=5%] epoch=11899/11999 total=4.519e-03 pde=1.353e-04 bc=2.640e-05 data=4.120e-05 best=4.519e-03 lr=2.62e-04
2026-02-14 13:12:58,711 | INFO | [Inverse][square|pts=1500|noise=5%] checkpoint saved at epoch=11999 -> outputs_refactor\full_matrix_rerun_20260214_112937\checkpoints\square\inverse_pts_1500_noise_5_last.pth
2026-02-14 13:12:58,712 | INFO | [Inverse][square|pts=1500|noise=5%] epoch=11999/11999 total=4.521e-03 pde=1.350e-04 bc=2.617e-05 data=4.124e-05 best=4.515e-03 lr=2.62e-04
2026-02-14 13:12:59,365 | INFO | Done charge pipeline: square
2026-02-14 13:12:59,384 | INFO | Run finished. Summary: outputs_refactor\full_matrix_rerun_20260214_112937\metrics\run_summary.json
